ANSWER,CLUE
AA,ANADOLU AJANSI
AA,ANADOLU AJANSI (KISACA)
AA,ANADOLU AJANSI (KISALTMA)
AA,BİR HABER AJANSI
AAR,İSVİÇRE’DE BİR IRMAK
AAR,İSVİÇRE’NİN EN UZUN IRMAĞI
AARAU,İSVİÇRE'DE BİR NEHİR
AARE,İSVİÇRE'DE BİR NEHİR
AARE,İSVİÇRE'DE IRMAK
AARE,İSVİÇREDE IRMAK
AARE,İSVİÇRE’DE BİR NEHİR
AARE,İSVİÇRE’DE IRMAK
AB,AVRUPA BİRLİĞİ
AB,ESKİ DİLDE SU
AB,EVRENSEL ALICI KAN GRUBU
AB,GENEL ALICI KAN GRUBU
ABA,ABLA
ABA,ESKİ TÜRK GÜREŞLERİNDEN BİRİ
ABA,HALK DİLİNDE ABLA
ABA,KALIN VE KABA KUMAŞ
ABACI,ABA YAPAN VEYA SATAN KİMSE
ABACI,ABADAN GİYECEK YAPAN VEYA SATAN KİMSE
ABADAN,"MAMUR, ŞEN"
ABADAN,YÜNLÜ YADA PAMUKLU BİR DOKUMA
ABADAN,İRAN'DA BİR KENT
ABADİ,KALINCA VE AÇIK SAMAN RENGİNDE İPEKTEN YAPILAN YARI MAT BİR KAĞIT TÜRÜ
ABADİ,PÜRÜZSÜZ İPEK KAĞIT
ABADİ,"YARI MAT, KALIN YAZI KAĞIDI"
ABADİ,"YARI MAT, KALINCA BİR YAZI KAĞIDI TÜRÜ"
ABAJUR,AYAKLI LAMBA
ABAJUR,"IŞIĞI GÖZE DOĞRUDAN GELMEYECEK ŞEKİLDE YUMUŞATAN, AYDINLATMA ARACI."
ABAJUR,SİPERLİ MASA LAMBASI
ABAK,ESKİ TÜRKLERDE ÖLMÜŞ KİMSELERİN HEYKEL VB SURETLERİ
ABAK,ESKİ TÜRKLERDE ÖLMÜŞ KİMSELERİN HEYKEL VB. SURETLERİ
ABAK,ESKİ TÜRKLERDE ÖLMÜŞ KİŞİNİN HEYKELİ
ABAK,ESKİ YUNANİSTAN’DA TAPINAKLARDA YER ALAN VE ÜZERİNE SUNGULAR KONAN MASA
ABAK,"RESİM, HEYKEL VB. ŞEKİLLER"
ABAKA,FİLİPİNLERDE YETİŞEN VE MANİLA KENEVİRİ ADLI ELYAFI VEREN MUZ TÜRÜ
ABAKÜS,SAYI BONCUĞU
ABAKÜS,"SAYI BONCUĞU, ÇÖRKÜ"
ABALON,DÜĞME VE SÜS EŞYASI YAPIMINDA KULLANILAN BİR DENİZ KABUKLUSU
ABAN,ESKİDEN İRAN’DA KULLANILAN ZERDÜŞT TAKVİMİNDE YILIN SEKİZİNCİ AYI
ABANA,KASTAMONU İLÇESİ
ABANA,KASTAMONU’NUN BİR İLÇESİ
ABANDONE,SERSEMLEMİŞ BOKSÖR
ABANDONE,ÇARESİZ DURUMA DÜŞME
ABANOZ,"AĞIR, SERT VE SİYAH RENKLİ TAHTA"
ABANOZ,SERT VE SİYAH RENKLİ TAHTA
ABANOZ,TAHTASI SERT BİR AĞAÇ
ABANT,BOLU'DA BİR GÖL
ABANT,BOLU’DA BİR GÖL
ABANİ,BİR TÜR İPEKLİ KUMAŞ
ABANİ,"GENELLİKLE SARIK, BOHÇA, YORGAN YÜZÜ YAPIMINDA KULLANILAN, ZEMİNİ BEYAZ, ÜZERİNDE SAFRAN RENGİNDE NAKIŞLAR BULUNAN İPEK KUMAŞ"
ABANİ,SARIMTIRAK DALLI NAKIŞLARLA İŞLENMİŞ BİR TÜR BEYAZ İPEK KUMAŞ
ABAR,ESKİ DİLDE HESAP DEFTERİ.
ABARA,TARLADA SABAN İZİ
ABARA,TARLALARDA AÇILAN SU YOLU
ABARTI,MÜBALAĞA
ABAT,BAYINDIR
ABAT,"BAYINDIR, MAMUR"
ABAT,"ŞEN, RAHAT"
ABAYISERMEK,BİR YERE TEKLİFSİZCE YERLEŞMEK
ABAYIYAKMAK,"GÖNÜL VERMEK, TUTULMAK, ÂŞIK OLMAK"
ABAZA,KAFKASYALI BİR HALK
ABAZA,KUZEYBATI KAFKASYA'DA YAŞAYAN BİR HALK VE BU HALKA MENSUP OLAN KİMSE
ABAİNDİ,VAN GÖLÜ KIYISINDAKİ URARTU KENTİ
ABAŞO,"ALTTA, ALTTAKİ"
ABAŞO,"ALTTA, AŞAĞIDA BULUNAN, ALTTAKİ"
ABAŞO,"DENİZCİLİK DİLİNDE AŞAĞIDA, ALT ANLAMINDA KULLANILAN SÖZ. GEMİYİ BAŞTAN YADA KIÇTAN HALATLA KARAYA BAĞLAMA"
ABBARA,MARDİN’İN GELENEKSEL SOKAKLARINDAKİ KEMERLİ GEÇİTLERE VERİLEN AD
ABD,AMERİKA BİRLEŞİK DEVLETLERİ
ABD,KUZE AMERİKA ÜLKESİ
ABDAL,ESKİDEN KİMİ GEZGİN DERVİŞLERE VERİLEN AD
ABDAL,GEZGİN DERVİŞ
ABE,BİR SESLENME ÜNLEMİ
ABECE,ALFABE
ABEK,ESKİ DİLDE CIVA
ABERASYON,SAPINÇ
ABES,AKLA AYKIRI
ABES,AKLA VE GERÇEĞE AYKIRI
ABES,GEREKSİZ BİÇİMDE
ABES,"GEREKSİZ, YERSİZ VE BOŞ OLAN"
ABES,"GEREKSİZ, YERSİZ, BOŞ"
ABESE,KURANDA BİR SURE
ABESE,KUR’AN’DA BİR SURE
ABESLİK,ABES OLMA DURUMU
ABIRU,YÜZSUYU
ABLA,BÜYÜK KIZ KARDEŞ
ABLAK,YAYVAN VE DOLGUN YÜZ
ABLAK,YAYVAN YÜZLÜ
ABLATİF,GRAMERDE ÇIKMA DURUMU
ABLATİF,ÇIKMA DURUMU
ABLUKA,KUŞATMA
ABLUKA,"KUŞATMA, ÇEVİRME"
ABO,TURKU’NUN İSVEÇ’TEKİ ADI
ABO,"ŞAŞMA VE KORKU BİLDİREN BİR SÖZ, ABU"
ABONE,BİR ŞEYİ SÜREKLİ OLARAK KULLANMAK İÇİN SÖZLEŞME YAPAN KİMSE
ABONE,SÜREKLİ KULLANMAK İÇİN SÖZLEŞME YAPAN
ABONE,SÜRELİ YAYINLARI PEŞİN ALMA
ABONE,ÖNCEDEN ÖDEMEDE BULUNARAK SÜRELİ YAYINLARA ALICI OLMA İŞİ
ABOSA,"DENİZCİLİKTE, ÇEKİLMEKTE VEYA İNDİRİLMEKTE OLAN BİR HALATI VEYA ZİNCİRİ BİR YERE BAĞLAMAK İÇİN VERİLEN KOMUT"
ABOSA,GEMİDE HAREKET HALİNDEKİ HALATIN YA DA ZİNCİRİN BİR AN DURDURULMASI İÇİN VERİLEN KOMUT
ABRA,DARA
ABRA,DEĞİŞ TOKUŞ DA ÜSTE VERİLEN ŞEY
ABRAKADABRA,SİHİRBAZLARIN SIKÇA KULLANDIĞI BÜYÜ SÖZÜ
ABRAŞ,ALACA BENEKLİ
ABRAŞ,"ALACA, BENEKLİ"
ABSORBE,SOĞURMA
ABSORBE,SOĞURMA (FİZİK)
ABSORPSİYON,IŞIĞIN SOĞURULMASI OLAYI
ABSÜRT,SAÇMA
ABSÜRT,"SAÇMA, ANLAMSIZ"
ABU,ŞAŞMA SÖZÜ (HALK AĞZI)
ABU,ŞAŞMA VE KORKU BİLDİRİR
ABUHAVA,ESKİ DİLDE İKLİM
ABUHAVA,İKLİM
ABULİ,İRADE KAYBI
ABULİ,İRADE YİTİMİ
ABUS,"ASIK SURATLI, SOMURTKAN"
ABUS,SOMURTKAN
ABİ,"AÇIK MAVİ, KIRMIZI VE BEYAZ, SIKI VE TATLI KÜÇÜK ELMA"
ABİ,AĞABEY
ABİ,KISACA AĞABEY
ABİDE,ANIT
ABİR,"SAFRAN, AMBER VE MİSK KARIŞTIRILARAK YAPILAN GÜZEL BİR KOKU"
ABİRU,YÜZ SUYU
ABİS,DENİZ VE OKYANUSTA GÜNEŞ IŞIĞININ ULAŞMADIĞI DERİN YER
ABİS,OKYANUSLARIN ÇOK DERİN YERİ
ABİYE,GECE KIYAFETİ
ABİYE,GÖSTERİŞLİ GECE GİYSİSİ
AC,AKTİNYUM (SİMGE)
AC,AKTİNYUM (SİMGESİ)
AC,AKTİNYUM ELEMENTİNİN SİMGESİ
AC,AKTİNYUM SİMGESİ
AC,AKTİNYUMUN SİMGESİ.
ACABA,"MERAK, KARARSIZLIK VEYA KUŞKU ANLATAN BİR SÖZ, ACEP"
ACABA,"MERAK, KUŞKU"
ACABA,"MERAK, KUŞKU BELİRTİR"
ACAR,ATILGAN
ACAR,GÖZÜPEK
ACAYİP,"GARİP, TUHAF"
ACE,"TENİSTE HIZLI, İYİ, KARŞILANAMAYAN SERVİS ATIŞI"
ACEL,ACELE EDEN KİŞİ
ACELE,TEZ OLARAK
ACELE,"ÇABUK, TEZ"
ACELE,"ÇABUK, TEZ, İVEDİ"
ACEM,İRANLI
ACEM,"İRANLI, İRANİ"
ACEMİ,DENEYİMİ OLMAYAN
ACEMİ,MESLEĞİNDE YENİ OLAN
ACEMİ,SARAYA YENİ ALINMIŞ CARİYE
ACENTE,ANA FİRMA VEYA KİŞİ İLE BAĞI OLAN
ACENTE,BANKA ŞUBESİ
ACENTE,BİR KURULUŞUN YAPTIĞI İŞİ ONUN ADINA KAZANÇ KARŞILIĞINDA YÜRÜTEN DAHA KÜÇÜK KURULUŞ
ACEP,ACABA
ACEZE,"ACİZLER, GÜÇSÜZLER"
ACEZE,"ACİZLER, GÜÇSÜZLER."
ACEZE,DÜŞKÜNLER
ACEZE,"ÂCİZLER, ÂCİZ KİMSELER"
ACI,CEMAL ŞAN FİLMİ
ACI,IZDIRAP
ACI,TATLI KARŞITI
ACIGÖL,NEVŞEHİR İLÇESİ
ACIGÖL,NEVŞEHİR'İN BİR İLÇESİ
ACILI,ACI KATILMIŞ OLAN
ACIMA,"MERHAMET, ÜZÜNTÜ"
ACIMAK,MERHAMET ETMEK
ACIMAK,"TADI ACI DURUMA GELMEK, ACILAŞMAK"
ACUK,YABANİ ELMA
ACUL,"TEZ CANLI,"
ACUL,"TEZ CANLI, İVECEN"
ACUL,"TEZ CANLI, İÇİ TEZ, İVECEN"
ACUR,"KABAKGİLLERDEN, KABUĞU ÇİZGİLİ VE TÜYLÜ"
ACUR,"KABAKGİLLERDEN, KABUĞU ÇİZGİLİ VE TÜYLÜ, SARIMTIRAK, YEŞİL VEYA SARI, ÜZERİ YEŞİL LEKELİ, İRİCE BİR ÇEŞİT HIYAR"
ACUR,İRİCE BİR ÇEŞİT HIYAR
ACUZE,HUYSUZ VE YAŞLI KADIN
ACUZE,"HUYSUZ, ÇİRKİN, YAŞLI KADIN, CADI KARI"
ACİL,İVEDİ
ACİL,"İVEDİ, İVEDİLİ"
ACİLEN,ÇABUCAK
ACİLEN,"ÇABUCAK, İVEDİLİKLE"
ACİZ,"DÜŞKÜN, GÜÇSÜZ"
ACİZ,GÜCÜ BİR İŞE YETMEZ
ACİZ,GÜÇSÜZLÜK
AD,"SAYMA, SAYILMA"
AD,İSİM
ADA,BİR CİNS ORKİDE
ADA,CEZİRE
ADA,HER YANI SU ÇEVRİLİ KARA PARÇASI
ADA,SUYLA ÇEVRİLİ KARA
ADAK,"ADANILAN ŞEY, NEZİR"
ADAK,DİNEN MÜKELLEF TUTULMADIĞI HALDE KİŞİNİN KENDİ VAADİYLE ÜZERİNE VACİP KILDIĞI İBADET
ADAK,NEZİR
ADAKARASI,AVŞA ADASINDA YETİŞEN VE İYİ BİR SOFRA ŞARABI ELDE EDİLEN KIRMIZI ÜZÜM CİNSİ
ADAKLI,BİNGÖL İLÇESİ
ADAKLI,NİŞANLI
ADALAR,İSTANBUL İLÇESİ
ADALE,KAS
ADALET,HAK
ADALET,HAK VE HUKUKA UYGUNLUK
ADALET,"HAK, HUKUK"
ADALET,HALK VE HUKUKA UYGUNLUK
ADAM,ERKEK KİŞİ
ADAMA,NEZRETME
ADAMAK,NEZRETMEK
ADAMOTU,KAN KURUTAN
ADAMOTU,PATLICAN GİLLERDEN BİR BİTKİ
ADAMOTU,PATLICANGİLLERDEN BİR BİTKİ
ADANA,01 PLAKALI İLİMİZ
ADANA,BİR İLİMİZ
ADANA,PLAKASI 01 OLAN İLİMİZ
ADAP,YOL YORDAM
ADAP,"YOL, YORDAM, TÖRE"
ADAPAZARI,SAKARYA İLÇESİ
ADASE,MERCEK
ADAVET,DÜŞMANLIK
ADAY,NAMZET
ADAŞ,ADLARI AYNI OLANLAR
ADAŞ,ADLARI AYNI OLANLARDAN HER BİRİ.
ADEM,SEMAVİ KİTAPLARA GÖRE İLK İNSAN VE İLK PEYGAMBER.
ADEM,İLK PEYGAMBER
ADEM,İLK İNSAN
ADEN,ORTADOĞU'DA KÖRFEZ
ADENİT,AKKAN BEZİ İLTİHABI
ADENİT,LENF BEZİ İLTİHABI
ADENİT,LENF DÜĞÜMLERİNİN İLTİHABI
ADESE,KOVUCUK
ADESE,MERCEK
ADET,TANE
ADETA,"HEMEN HEMEN, SANKİ"
ADETA,SANKİ
ADLİ,ADALETLE İLGİLİ
ADLİ,İKİNCİ BAYEZİT’İN ŞİİRLERİNDE KULLANDIĞI MAHLAS
ADNAN,‘... BİRİCİK’ (AKTÖR
ADNAN,‘... BİRİCİK’ (AKTÖR)
ADNAN,"‘... ÖZER’ (ŞAİR, YAZAR)"
ADRES,BİR KİŞİ VEYA KURULUŞUN BULUNDUĞU YERİN TANIMI
ADRES,ZARFA YAZILIR
ADİ,BAYAĞI
ADİ,"BAYAĞI, SIRADAN"
ADİ,"DEĞERSİZ, SIRADAN"
ADİL,ADALETLİ
ADİL,ZAMİR
ADİLANE,HAKÇA
ADİLİK,BAYAĞILIK
AEROBİK,BİR JİMNASTİK TÜRÜ
AEROBİK,MÜZİKLİ JİMNASTİK
AEROFOBİ,HAVA KORKUSU
AEROLİT,GÖKTAŞI. TAŞ METEORİT
AEROSKOP,HAVADAKİ TOZ TANECİKLERİNİ ÖLÇMEYE YARAYAN ARAÇ
AF,BAĞIŞLAMA
AF,SUÇ BAĞIŞLAMA
AF,SUÇU BAĞIŞLAMA
AFACAN,ZEKİ VE YARAMAZ (ÇOCUK)
AFACAN,"ZEKİ, YARAMAZ"
AFACAN,"ZEKİ, YARAMAZ ÇOCUK"
AFAK,UFUKLAR
AFAKAN,İÇ SIKINTISI
AFAKİ,GEREKSİZ SÖZ
AFAKİ,"GEREKSİZ, ÖNEMSİZ (SÖZ)"
AFAL,ŞAŞKIN
AFAL,"ŞAŞKIN, DAĞINIK"
AFARA,HARMANDA ÜRÜN KALINTISI
AFARA,TAHILIN TAŞ VE SAMANLA KARIŞMASI
AFAT,AFETLER
AFAT,"BELALAR, KIRANLAR"
AFAT,KIRANLAR
AFAZİ,SÖZ YİTİMİ
AFAZİ,"TIPTA, SÖZ YİTİMİ"
AFERİN,BRAVO
AFERİN,BRAVO!
AFERİST,"DALAVERECİ, KOLPOCU"
AFERİST,"VURGUNCU, DALAVERECİ, SPEKÜLATÖR"
AFET,KIRAN
AFET,"YIKIM, KIRAN"
AFET,ÇEŞİTLİ DOĞA OLAYLARININ SEBEP OLDUĞU YIKIM
AFGANİ,AFGANİSTANIN PARA BİRİMİ
AFGANİ,AFGANİSTAN’IN PARA BİRİMİ
AFONİ,SES YİTİMİ
AFOROZ,HIRİSTİYANLIKTA CEMAATTEN KOVMA
AFOROZ,HIRİSTİYANLIKTA KİLİSE TARAFINDAN VERİLEN CEMAATTEN KOVMA CEZASI
AFRO,"KISA, KIVIRCIK, KABARIK SAÇ"
AFT,AĞZIN İÇİNDE OLUŞAN PAMUKÇUK
AFT,AĞZIN İÇİNDEKİ PAMUKÇUK
AFYON,BİR İLİMİZ
AFİ,ABARTILI DAVRANIŞ
AFİ,ARGODA GÖSTERİŞ
AFİ,"ARGODA GÖSTERİŞ, ÇALIM"
AFİ,CAKA FİYAKA
AFİ,"FİYAKA, CAKA"
AFİ,"GÖSTERİŞ, ÇALIM, CAKA"
AFİF,İFFETLİ (ERKEK)
AFİF,"İFFETLİ, NAMUSLU"
AFİFE,İFFETLİ KADIN
AFİLİ,GÖSTERİŞLİ
AFİLİ,"GÖSTERİŞLİ, ÇALIMLI"
AFİS,GÜMÜŞBALIĞIN IN KÜÇÜĞÜ
AFİS,GÜMÜŞBALIĞINI N KÜÇÜĞÜ
AFİS,GÜMÜŞBALIĞININ KÜÇÜĞÜ
AFİS,GÜMÜŞBALIĞININ KÜÇÜĞÜNE VERİLEN BİR AD
AFİTAP,GÜNEŞ
AFİŞ,RESİMLİ DUVAR İLANI
AG,GÜMÜŞ (SİMGE)
AG,GÜMÜŞ SİMGESİ
AG,GÜMÜŞ'ÜN SİMGESİ
AGA,KALENDER VE BABACAN
AGA,KALENDER VE BABACAN KİMSE
AGA,"KÖYÜN ZENGİNİ, AĞA"
AGA,"MERT, BABACAN"
AGA,"MERT, BABACAN (HALK AĞZINDA)"
AGAH,"BİLGİLİ, HABERLİ"
AGAH,"BİLGİLİ, HABERLİ, UYANIK"
AGAH,"BİLİR, BİLGİLİ"
AGAMİ,BORAZAN KUŞU
AGARAGAR,BİR TÜR JELATİN
AGARAGAR,JELOZ
AGE,İSHAL İLE SEYREDEN ENFEKSİYON
AGEL,"ARAP ERKEK GİYİMİNDE, KEFİYENİN KAYMAMASI İÇİN BAŞA GEÇİRİLEN AYARLI ÇEMBER. YÜN ÇEMBER BAĞ"
AGNOZİ,ALGI KAYBI VEYA YOKLUĞU
AGNOZİ,TANISIZLIK
AGNİ,HİNT TANRISI
AGORA,"ESKİ YUNAN KENTLERİNDE PAZAR YERİ, ANTİK KENT MEYDANI. YÖNETİM, POLİTİKA VE TİCARET İŞLERİNİ KONUŞMAK İÇİN HALKIN TOPLANDIĞI ALAN"
AGORA,ESKİ YUNAN'DA HALK MEYDANI
AGORA,YUNAN DEVRİNDE MEYHANE
AGORA,YUNAN KLASİK DEVRİNDE MEYDAN
AGRA,HİNDİSTAN’DA BİR KENT
AGRA,TAC MAHAL’İN BULUNDUĞU KENT
AGRAF,KOPÇA
AGRAF,"KOPÇA, KANCA"
AGRAFİ,YAZMA YİTİMİ
AGU,BEBEK SESİ
AH,BEDDUA
AH,"BEDDUA, İLENME"
AHA,"İŞTE, BURADA (HALK AĞZI)"
AHA,‘İŞTE’ ANLAMINDA ÜNLEM
AHALİ,BİR YERDE OTURANLAR
AHALİ,"BİR YERDE TOPLANAN KALABALIK, HALK"
AHALİ,HALK
AHAR,HATTAT CİLASI
AHAR,KAĞIT CİLASI. HATTATLARIN KAĞIT CİLALAMAKTA KULLANDIKLARI ÖZEL BİR BİLEŞİM
AHD,SÖZ VERME
AHENK,UYUM
AHENK,"UYUM, RİTİM"
AHENKSİZ,UYUMSUZ
AHESTE,"AĞIR, YAVAŞ"
AHESTE,"YAVAŞ, AĞIR"
AHFAT,"TORUNLAR, SOY"
AHIR,BÜYÜKBAŞ HAYVAN BARINAĞI
AHIR,DAM
AHIR,HAYVAN DAMI
AHKAM,HÜKÜMLER
AHLAKİ,AHLAKA UYGUN
AHLAT,BİTLİS İLÇESİ
AHLAT,YABAN ARMUDU
AHMET,‘... KURAL’ (AKTÖR)
AHMET,‘... ZEKİ YEŞİL’ (YAZAR)
AHMETLİ,MANİSA İLÇESİ
AHMETLİ,MANİSA'NIN BİR İLÇESİ
AHMETÜMİT,'SULTANI ÖLDÜRMEK' YAZARI
AHMETÜMİT,ÜNLÜ BİR YAZAR
AHU,CEYLAN
AHU,CEYLAN KARACA
AHU,"GÜZEL, İNCE, ZARİF KADIN. CEYLAN"
AHUDUDU,AĞAÇÇİLEĞİ
AHUSUNGUR,ÜNLÜ BİR AKTRİS
AHUTÜRKPENÇE,RESİMDEKİ OYUNCU
AHUYAĞTU,RESİMDEKİ OYUNCU
AHİ,AHİLİK OCAĞINDAN OLAN KİMSE
AHİ,AHİLİK YANDAŞI
AHİ,"ELİ AÇIK, CÖMERT"
AHİLİK,CÖMERTLİK
AHİR,"SON, SONRAKİ"
AHİR,"SONRA, SONUNDA"
AHİRET,ÖBÜR DÜNYA
AHİRET,ÖTEKİ DÜNYA
AHİRET,İSLAM TERMONOLOJİSİNDE ÖLÜMDEN SONRA GİDİLECEK YERE VERİLEN BİR İSİM
AHİT,ANTLAŞMA
AHİT,MÜRİDİN TARİKATA GİRERKEN ŞEYHE VERDİĞİ SÖZ
AHİT,"VERDİĞİ SÖZDE DURMA, ANT, ANTLAŞMA"
AHİZE,TELEFON ALMACI
AHİZE,TELEFONDA ALICI
AHİZE,TELEFONUN BİR BÖLÜMÜ
AHŞAP,TAHTADAN YAPILMIŞ
AI,YAPAY ZEKA (KISALTMA)
AJ,"ESKİ DİLDE DİNLENME, İSTİRAHAT"
AJAN,CASUS
AJAN,GİZLİ GÖREVLİ
AJAN,"GİZLİ GÖREVLİ, CASUS"
AJANDA,ANDAÇ
AJANDA,TAKVİMLİ DEFTER
AJANS,HABER TOPLAMA VE DAĞITMA KURULUŞU
AJANS,HABER TOPLAMA VE YAYMA İŞLEMİYLE UĞRAŞAN KURULUŞ
AJANS,RADYODA HABER BÜLTENİ
AJUR,DELİKLİ ÖRGÜ
AJUR,"DELİKLİ ÖRGÜ, GÖZENEK"
AJİTE,"YERİNDE DURAMAYAN KİMSE, YÖNLENDİRME"
AJİTE,YÖNLENDİRME
AK,BEYAZ
AK,BEYAZ LEKE
AKA,AĞABEY (HALK AGZI)
AKA,AĞABEY (HALK DİLİ)
AKA,"AĞABEY, ABİ, EDE"
AKA,"BÜYÜK KARDEŞ, ABİ"
AKA,ESKİ BİR UYGARLIK
AKA,ESKİR BİR UYGARLIK
AKABE,SARP GEÇİT
AKABE,SARP KAYALIK
AKABE,"TEHLİKELİ, SARP VE ZOR GEÇİT"
AKADEMİ,"BİLGİNLER, YAZARLAR, SANATÇILAR KURULU"
AKADEMİ,YÜKSEK OKUL
AKADEMİ,YÜKSEKOKUL
AKADEMİK,AKADEMİ İLE İLGİLİ
AKADEMİK,BİLİMSEL NİTELİĞİ OLAN
AKAJU,MAUN AĞACI
AKAK,AKARSU YATAĞI
AKAK,"AKARSU YATAĞI, MECRA"
AKAK,MECRA
AKAL,EN AKILLI (OSMANLICA)
AKAL,İŞLEMLER
AKALA,AMERİKAN PAMUĞU
AKALA,BİR PAMUK TÜRÜ
AKALA,BİR TÜR PAMUK
AKALA,PAMUK ÇEŞİDİ
AKALAN,SAMSUN'DA TARİHİ BİR KALE
AKALEM,OSMANLI'DA SALTANAT SANCAĞI
AKALEM,YEDİ OSMANLI SALTANAT SANCAĞINDAN BİRİNİN ADI
AKAMET,"BAŞARISIZLIK, SONUÇSUZLUK"
AKAMET,"KISIRLIK, VERİMSİZLİK"
AKAMET,SONUÇSUZLUK
AKAN,‘TARIK ...’ (UNUTULMAZ AKTÖR)
AKAR,KİRA GELİRİ GETİREN MÜLK
AKAR,"SIVI, MAYİ"
AKAR,"SIVI, MAYİ, LİKİT"
AKAR,‘FUNDA ...’ (ŞARKICI)
AKAR,‘SERDAR ...’ (YÖNETMEN)
AKARET,GELİR GETİREN MÜLK
AKARET,KİRA GELİRİ GETİREN MÜLK
AKARET,KİRAYA VERİLEREK GELİR GETİREN MÜLK
AKARSU,IRMAK
AKARSU,TEK SIRA ELMASTAN GERDANLIK
AKASYA,BİR SÜS VE GÖLGE AĞACI
AKASYA,SALKIM AĞACI
AKAÇ,BİR YERDE BİRİKEN SIVILARI DIŞARIYA AKITMAKTA KULLANILAN OLUK VEYA BORU
AKAÇ,"KANAL, SU YOLU"
AKAÇ,YER ALTI SU OLUĞU
AKAĞAÇ,BEYAZ KABUKLU BİR AĞAÇ TÜRÜ
AKAĞAÇ,BİR AĞAÇ TÜRÜ
AKAİT,BİR DİNİN ÖĞRENİLMESİ GEREKEN İNANÇLARININ VE TAPINMA KURALLARININ TÜMÜ
AKAİT,BİR DİNİN ÖĞRENİLMESİ GEREKEN İNANÇLARININ VE TAPINMA KURALLARININ TÜMÜ.
AKAİT,İNANIŞLAR
AKAİT,İNANÇLARININ VE TAPINMA KURALLARININ TÜMÜ
AKAİT,İTİKAD OLUNAN HAKİKATLAR
AKAŞİ,JAPONYADA KENT
AKAŞİ,JAPONYA’DA KENT
AKBABA,‘OZAN ...’ (AKTÖR)
AKBASMA,HALK DİLİNDE KATARAKT
AKDENİZ,MERSİN İLÇESİ
AKDENİZ,ÜLKEMİZİN GÜNEYİNDEKİ DENİZ
AKDUT,BEYAZ RENKTE OLAN BİR TÜR DUT
AKEMİ,MERMER YAPIŞTIRICISI
AKEMİ,İKİ ELEMANLI MERMER YAPIŞTIRICISI
AKEN,"BOTANİKTE, KABUĞU ÇATLAMAMIŞ MEYVE KABUĞUNA VERİLEN AD"
AKEN,TEK TOHUMLU KURU MEYVE
AKERE,ÖKÜZ YEMLİĞİ
AKI,ANLAK
AKI,SEYELAN
AKIL,AKILLI
AKIL,ANLAK
AKIL,KAVRAMA GÜCÜ
AKIL,US
AKIM,CEREYAN
AKIN,TOPLU OLARAK YAPILAN BASKIN
AKIN,TOPLUCA YAPILAN BASKIN
AKIN,‘... AKINÖZÜ’ (AKTÖR)
AKITMA,AT ALNINDAKİ BEYAZ LEKE
AKKAYA,‘SARP ...’ (AKTÖR)
AKKEFAL,SAZAN BALIĞI FAMİLYASINDAN BİR TATLI SU BALIĞI
AKKIŞLA,KAYSERİ İLÇESİ
AKKUŞ,ORDU İLÇESİ
AKKÖY,DENİZLİ İLÇESİ
AKLAMA,"HUKUKTA, TEMİZE ÇIKARMA"
AKLAMA,İBRA
AKLAMAK,İBRA ETMEK
AKLİ,AKILLA İLGİLİ
AKLİ,AKILSAL
AKLİ,USSAL
AKM,ATATÜRK KÜLTÜR MERKEZİ
AKM,ATATÜRK KÜLTÜR MERKEZİ (KISACA)
AKMA,REÇİNE
AKMA,"REÇİNE, ÇAM SAKIZI"
AKMAN,"BOZULMAMIŞ SAF, TEMİZ"
AKMAN,"BOZULMAMIŞ, SAF, TEMİZ"
AKMAN,"SAF, TEMİZ"
AKMAN,"TEMİZ, İFFETLİ"
AKNE,ERGENLİK SİVİLCESİ
AKNE,GENÇLİK SİVİLCESİ
AKNE,SİVİLCE
AKONT,BİR BORCA KARŞILIK HESABI DAHA SONRA GÖRÜLMEK ÜZERE YAPILAN KISMİ ÖDEME
AKONT,KISMİ BORÇ ÖDEMESİ
AKOR,MÜZİKTE ARMONİ KURALLARINA GÖRE ÜST ÜSTE BİNDİRİLMİŞ SESLER. ÜÇ YADA DAHA ÇOK SESİN BİR ARADA TINLAMASI
AKOR,MÜZİKTE ÜÇ YA DA DAHA ÇOK SESİN BİR ARADA TINLAMASI
AKOR,ÇOK SESİN BİR ARADA TINLAMASI
AKOR,ÜÇ VEYA DAHA ÇOK SESİN BİR ARADA TINLAMASI
AKORT,"BİR ÇALGIDA DOĞRU SES VERMESİ İÇİN YAPILAN AYAR, DÜZEN."
AKORT,ÇALGIYI AYARLAMA
AKOVA,SAKARYA OVASININ DİĞER ADI
AKR,ESKİDEN FRANSA’DA KULLANILAN 52 AR DEĞERİNDE OLAN YER ÖLÇÜSÜ
AKRA,GANA'NIN BAŞKENTİ
AKRABA,HISIM
AKRABA,HÄ±SÄ±M
AKRAN,BOYDAŞ
AKRAN,"YAŞIT, AYNI YAŞ GRUBUNDA OLAN KİŞİLER"
AKRAN,"YAŞÇA DENK, BOYDAŞ"
AKREDİTİF,KREDİ MEKTUBU
AKREP,BİR BURÇ
AKREP,BİR BURÇ ADI
AKREP,ZEHİRLİ İĞNELİ BÖCEK
AKROBAT,CAMBAZ
AKRİLİK,SENTETİK BİR BOYA
AKRİLİK,ÖZELLİKLE RESİM YAPIMINDA KULLANILAN SENTETİK BİR BOYA
AKS,DİNGİL
AKSA,ESKİ DİLDE ÇOK UZAK
AKSAK,HAFİFÇE TOPALLAYAN
AKSAK,"İYİ GİTMEYEN, İYİ İŞLEMEYEN"
AKSAKAL,"BİLGİLİ, TECRÜBELİ YAŞLI KİMSE"
AKSAKAL,"ERMİŞ, EVLİYA"
AKSAKAL,KÖY YADA MAHALLE İHTİYAR HEYETİNDEKİ KİŞİ
AKSAM,KISIMLAR
AKSAN,"VURGU, SÖYLEYİŞ"
AKSATA,"AHZÜİTA, ALIŞVERİŞ"
AKSATA,"AHZÜİTA,ALIŞVERİŞ"
AKSATA,"AHZÜİTA- ,ALIŞVERİŞ"
AKSATA,ALIŞVERİŞ
AKSATA,"ALIŞVERİŞ, TAKAS"
AKSE,"HASTALIK NÖBETİ, KRİZ"
AKSE,KRİZ
AKSEKİ,ANTALYA İLÇESİ
AKSEPTANS,YABANCI ÖĞRENCİ KABUL BELGESİ
AKSEPTANS,YABANCI ÜLKELERDE OKUYACAK ÖĞRENCİLER İÇİN GÖNDERİLEN KABUL BELGESİ
AKSU,ANTALYA İLÇESİ
AKSU,KATARAKT (HALK AĞZI)
AKSU,‘SEZEN ...’ (MÜZİSYEN SANATÇI)
AKSUM,‘İLKER ...’ (AKTÖR)
AKSÜLAMEL,TEPKİ
AKSÜLAMEL,"TEPKİ, REAKSİYON"
AKSÜLAMEL,"TEPKİ, YANKI"
AKSİ,"TERS, ZIT"
AKSİ,"İNATÇI, HUYSUZ"
AKTAR,BAHARAT SATAN
AKTAR,BAHARAT SATICISI
AKTAR,BAHARAT SATILAN DÜKKAN
AKTARMA,TAŞITTAN TAŞITA GEÇME
AKTARMA,TRANSFER
AKTAŞ,LÜLE TAŞI
AKTRİS,KADIN OYUNCU
AKTÖR,ERKEK OYUNCU
AKTÖRE,AHLAK
AKTÖRE,İYİ AHLAK
AKTÜALİTE,GÜNCELLİK
AKTÜEL,GÜNCEL
AKTİF,"BİR TİCARETHANENİN, ORTAKLIĞIN PARA İLE DEĞERLENDİRİLEBİLEN MAL VE HAKLARININ TÜMÜ"
AKTİF,ETKİN
AKTİF,"ETKİN, CANLI"
AKUT,ARAMA KURTARMA DERNEĞİ (KISALTMA)
AKUT,TIPTA ÇABUK İLERLEYEN
AKUT,"TIPTA, ÇABUK İLERLEYEN"
AKUT,ÇABUK İLERLEYEN HASTALIK
AKYAKA,GÖKOVA KÖRFEZİ KIYISINDA TURİSTİK BİR BELDE
AKYAKA,KARS İLÇESİ
AKYAZI,SAKARYA İLÇESİ
AKYUVAR,LÖKOSİT
AKÇA,BİR ARMUT CİNSİ
AKÇA,"OLDUKÇA BEYAZ, BEYAZCA"
AKÇE,KÜÇÜK GÜMÜŞ PARA
AKÖREN,KONYA İLÇESİ
AKÖREN,KONYA'NIN BİR İLÇESİ
AKÜ,AKIMTOPLAR
AKÜ,AKÜMÜLATÖR
AKİDE,BİR TÜR ŞEKER
AKİDE,DİN İNANCI
AKİK,DEĞERLİ BİR TAŞ
AKİK,YÜZÜK TAŞI
AKİK,"YÜZÜK TAŞI, MÜHÜR VB. YAPMAKTA KULLANILAN DEĞERLİ BİR TAŞ"
AKİKA,ADAK OLARAK KURBAN KESME
AKİKA,BEBEK İÇİN ŞÜKÜR KURBANI
AKİKA,İSLAM KÜLTÜRÜNDE DOĞAN ÇOCUĞA ADAK OLARAK KURBAN KESME
AKİKA,İSLAM'DA DOĞAN ÇOCUĞA ADAK OLARAK KURBAN KESME
AKİKA,İSLAMDA DOĞAN ÇOCUĞA KURBAN KESME
AKİL,AKILLI
AKİLAME,AKILLICA
AKİLANE,AKILLICA
AKİLE,"AKILLI, ZEKİ"
AKİLE,ESKİDEN KANSERE VERİLEN AD
AKİM,CEREYAN
AKİM,"KISIR, VERİMSİZ"
AKİM,SONUÇSUZ
AKİM,"VERİMSİZ, SONUÇSUZ"
AKİNEZİ,PARKİNSON HASTALIĞININ BAŞLICA BELİRTİSİ OLAN HAREKET YETENEĞİNİN KAYBOLMASI
AKİS,YANKI
AKİS,"YANSIMA, YANKI"
AKİS,"YANSIMA, YANKI, İNİKAS"
AKİT,NİKAH
AKİT,SÖZLEŞME
AKİTA,JAPON KÖPEK TÜRÜ
AKİTA,JAPONYA’DA BİR IRMAK
AKİTA,JAPONYA’DA BİR KENT
AL,"ALDATMA İŞİ, HİLE"
AL,ALÜMİNYUM SİMGESİ
AL,ALÜMİNYUMUN SİMGESİ
AL,HİLE
AL,KIRMIZI
AL,KIZIL ALEV RENGİ
AL,"’... İLE ASLAN TUTULUR, GÜÇ İLE SIÇAN TUTULMAZ’ (ATASÖZÜ)"
ALA,KARIŞIK RENKLİ
ALA,ÇOK RENKLİ
ALA,"İYİ, PEKİYİ"
ALABAMA,ABD'DE BİR EYALET
ALABAMA,ABD’DE BİR EYALET
ALABAŞ,"ETLİ, YUVARLAKÇA VE ŞİŞKİN OLAN SAP KISMI YENEN LAHANA CİNSİ"
ALABAŞ,ŞALGAM BENZERİ BİR BİTKİ
ALACA,BİRKAÇ RENGİN KARIŞIMINDAN OLUŞAN RENK
ALACA,"KARIŞIK RENKLİ, BİRKAÇ RENKLİ İPLİKTEN YAPILMIŞ DOKUMA"
ALACA,ÇORUM İLÇESİ
ALACAKAYA,ELAZIĞ İLÇESİ
ALACAKAYA,ELAZIĞ'NIN BİR İLÇESİ
ALADAĞ,ADANA İLÇESİ
ALAF,HAYVANLARIN KIŞLIK YEMİ
ALAF,"HAYVANLARIN SAMAN, OT, MISIR SAPI GİBİ KIŞLIK YİYECEĞİ"
ALAK,KURANDA 96. SURE
ALAK,KURAN’DA 96. SURE
ALAK,SÜLÜK
ALAKA,GÖNÜL BAĞI
ALAKA,İLGİ
ALAKADAR,İLGİLİ
ALAKALI,İLGİLİ
ALAKART,SEÇMELİ YEMEK
ALAKOK,RAFADAN
ALAKOK,RAFADAN YUMURTA
ALALAMA,KAMUFLAJ
ALALAMA,"KAMUFLAJ, GİZLEME"
ALALI,"KARIŞIK RENKLİ, ÇOK RENKLİ"
ALAMANA,BÜTÜK BALIKÇI KAYIĞI
ALAMANA,BÜYÜK BALIKÇI KAYIĞI
ALAMANA,BİR TÜR BÜYÜK BALIKÇI KAYIĞI
ALAMET,"BELİRTİ, İŞARET"
ALAMET,"BELİRTİ, İŞARET, İZ, NİŞAN"
ALAMET,"NİSAN, İZ, BELİRTİ"
ALAMETİFARİKA,"AYIRICI NİTELİK, AYIRICI ÖZELLİK"
ALAMETİFARİKA,"AYIRICI NİTELİK, ÖZELLİK"
ALAMİNÜT,"ANINDA, HEMEN"
ALAMİNÜT,"ÇARÇABUK, ANINDA"
ALAN,"AÇIK VE GENİŞ YER; MEYDAN, SAHA"
ALAN,MEYDAN
ALAN,"MEYDAN, SAHA"
ALANTOPU,TENİS
ALANYA,ANTALYA İLÇESİ
ALAPLI,ZONGULDAK İLÇESİ
ALARA,AKDENİZ BÖLGESİNDE AKARSU
ALARA,AKDENİZ'DE BİR AKARSU
ALARGA,"AÇIK DENİZ, ENGİN"
ALARGA,"AÇIKTAN GEÇ, YAKLAŞMA ANLAMINDA BİR DENİZCİLİK ÜNLEMİ"
ALARGA,"‘UZAKTAN, AÇIKTAN’ ANLAMINDA ARGO SÖZCÜK"
ALARM,TEHLİKE BİLDİRME İŞARETİ
ALARM,TEHLİKE İŞARETİ
ALASO,TİRSİ BALIĞI
ALASULU,HAM İLE OLGUN ARASI
ALASULU,YENİ OLGUNLAŞMAYA BAŞLAMIŞ (YEMİŞ)
ALATA,AKDENİZ BÖLGESİNDE BİR AKARSU
ALATAV,AZ TAVLI (TOPRAK)
ALATAV,AZ TAVLI TOPRAK
ALATAV,NEMLİ TOPRAK
ALATEN,CÜZAMLI
ALATEN,CÜZZAMLI
ALATEN,HALK DİLİNDE CÜZZAMLI
ALATURKA,TÜRK USULÜ
ALAVERE,BİR ŞEYİN ELDEN ELE GEÇMESİ
ALAY,ASKERİ BİR BİRLİK
ALAY,BİRİYLE EĞLENME
ALAY,KORTEJ
ALAZ,"ALEV, YALAZ"
ALAZ,"ALEV, YALAZ."
ALAZ,ALEV. YALAZ
ALAÇAM,SAMSUN İLÇESİ
ALAİM,"İZLER, İŞARETLER"
ALB,ALBAY (KISALTMA)
ALBATR,SU MERMERİ
ALBAY,"ALAY KOMUTANI, MİRALAY"
ALBAY,MİRALAY
ALBAY,YARBAYDAN SONRA GELEN
ALBENİ,CAZİBE
ALBÜM,"FOTOĞRAF, PUL VB. Nİ DİZİP SAKLAMAYA YARAYAN BİR DEFTER TÜRÜ"
ALBİNO,AKŞIN
ALE,AĞAÇLIKLI
ALE,AĞAÇLIKLI YOL
ALE,İNGİLİZ BİRASI
ALEF,İBRANİ ALFABESİNİN İLK HARFİ
ALEKA,KAN PIHTISI
ALEKSİ,OKUMA YİTİMİ
ALELADE,BAYAĞI
ALELADE,OLAĞAN
ALEM,ALLAH’IN DIŞINDAKİ VARLIK VE OLAYLARIN TAMAMINI İFADE EDEN TERİM.
ALEM,BAYRAK
ALEM,DÜNYA
ALEM,"DÜNYA, CİHAN"
ALEMDAR,SANCAĞI TAŞIYAN
ALENEN,"AÇIKÇA, GİZLEMEDEN"
ALENİ,"AÇIK, MEYDANDA"
ALENİ,"AÇIK, ORTADA, HERKESİN İÇİNDE YAPILAN"
ALESTA,"HAREKETE HAZIR, TETİKTE"
ALESTA,HAZIR DURUMDA OLAN
ALET,(MECAZEN) MAŞA
ALET,BİR İŞİ GERÇEKLEŞTİRMEK İÇİN YAPILAN NESNE
ALEV,"YALIM, YALAZ"
ALEV,"YALIM, YALAZ, ALAZ"
ALEYH,BİR ŞEYİN YA DA BİR KİMSENİN KARŞISINDA OLMA.
ALEYH,’LEH’ KARŞITI
ALFA,AKDENİZ YÖRESİNDE KENDİLİĞİNDEN YETİŞEN VE DOKUMACILIKTA KULLANILAN BİR BİTKİ
ALFA,YUNAN ALFABESİNDE İLK HARF
ALFABE,BİR DİLİN HARFLERİNİ TANITARAK OKUMA ÖĞRENMEYİ SAĞLAYAN KİTAP
ALFABE,OKUMA KİTABI
ALG,SU YOSUNU
ALGI,VERGİ (EKONOMİ)
ALGI,İDRAK
ALGIEKE,RESİMDEKİ OYUNCU
ALGIN,"CILIZ, ZAYIF"
ALIK,"SERSEM, BUDALA, EBLEH"
ALIM,CAZİBE
ALIN,YÜZÜN BİR BÖLÜMÜ
ALIN,"ÖN, ÖN YÜZ (BAZI ŞEYLERDE)"
ALK,KUZEY BUZ DENİZİNDE YAŞAYAN BİR MARTI TÜRÜ
ALKALİK,"KALEVİ, ANTİASİT"
ALKAN,DOYMUŞ ALİFATİK HİDROKARBONLARIN GENEL ADI
ALKAN,PARAFİN
ALKAN,PARAFİN (KİMYA)
ALKARNA,İSTİRİDYE AVLAMA AĞI
ALKARNA,"İSTİRİDYE, MİDYE GİBİ KABUKLU HAYVANLARI AVLAMAK İÇİN DENİZ DİBİNİ TARAMAKTA KULLANILAN AĞIZ KISMI DEMİRDEN YAPILMIŞ BİR AĞ"
ALKİL,ALKOL KÖKÜ
ALLAME,ÇOK BİLGİLİ
ALLAME,ÇOK VE DERİN BİLGİSİ OLAN
ALMANAK,KİTAP BİÇİMİNDE TAKVİM
ALMUS,TOKAT İLÇESİ
ALMUS,TOKAT'IN BİR İLÇESİ
ALNAÇ,"ÖN TARAF, CEPHE"
ALO,TELEFON KONUŞMASINDA SESLENME SÖZÜ
ALO,TELEFON SÖZÜ
ALO,TELEFONDA HİTAP SÖZÜ
ALO,TELEFONU AÇINCA SÖYLENEN SÖZ
ALOPESİ,KIL VE SAÇLARIN DÖKÜLMESİ VEYA YOKLUĞU
ALOPESİ,SAÇKIRAN HASTALIĞI
ALOPESİ,YILAN HASTALIĞI
ALOSA,TİRSİ BALIĞI
ALP,YİĞİT
ALP,"YİĞİT, KAHRAMAN"
ALPAKA,G. AMERİKA’DA YAŞAYAN BİR HAYVAN
ALPAKA,LAMAYA BENZER HAYVAN
ALPAKA,LAMAYA BENZERİ HAYVAN
ALPERENDUYMAZ,RESİMDEKİ OYUNCU
ALPU,ESKİŞEHİR İLÇESİ
ALPU,ESKİŞEHİR'İN BİR İLÇESİ
ALT,BİR ŞEYİN YERE BAKAN YANI
ALT,BİR ŞEYİN YERE BAKAN YANI.
ALT,NESNENİN TABANI
ALT,"ZİR, ÜST KARŞITI"
ALT,ÜST KARŞITI
ALT,‘ÜST’ KARŞITI
ALTAN,TATAR HANI
ALTAN,‘... ERKEKLİ’ (AKTÖR)
ALTES,BİR SOYLULUK UNVANI
ALTES,PERU’DA YAŞAYAN UZUN TÜYLÜ BİR MEMELİ HAYVAN
ALTI,BİR SAYI
ALTIN,DEĞERLİ BİR ELEMENT
ALTIN,DEĞERLİ BİR MADEN; SARI RENKLİ METAL
ALTO,BÜYÜK KEMAN
ALTO,KADIN SESLERİNİN EN KALINI VE SESİ BÖYLE OLAN SANATÇI
ALTO,"KEMANLA VİYOLONSEL ARASI BÜYÜK KEMAN, VİYOLA"
ALTO,"VİYOLA, KONTRALTO"
ALTUNİ,ALTIN RENGİNDE OLAN
ALU,ESKİ DİLDE ERİK
ALU,ESKİ DİLDE ERİK.
ALUCRA,GİRESUN İLÇESİ
ALYANS,NİŞAN YÜZÜĞÜ
ALÇAK,DÜŞÜK SEVİYEDE OLAN
ALÇAK,YERDEN UZAKLIĞI AZ OLAN
ALÇI,"BEYAZ, TOZ MADDE"
ALÇI,BİR YAPI MALZEMESİ
ALÇI,İNŞAATTA VE TIPTA KULLANILAN BEYAZ TOZ MALZEME
ALİ,"YÜCE, YÜKSEK"
ALİ,"‘... ATAY’ (AKTÖR, YÖNETMEN)"
ALİ,‘... SÜRMELİ’ (AKTÖR)
ALİ,‘... İL’ (AKTÖR)
ALİAĞA,İZMİR İLÇESİ
ALİERSANDURU,RESİMDEKİ OYUNCU
ALİFATİK,AÇIK ZİNCİRLİ ORGANİK MADDE
ALİL,HASTALIKLI
ALİL,"HASTALIKLI, SAKAT"
ALİM,BİLGİN
ALİM,CAZİBE
ALİNABOZ,RESİMDEKİ OYUNCU
ALİNAZİK,KÖKBOYASI
ALİNAZİK,"KÖZLENMİŞ PATLICAN, SARIMSAKLI YOĞURT VE KIYMAYLA YAPILAN BİR ÇEŞİT YEMEK"
ALİNAZİK,PATLICAN YEMEĞİ
ALİRIZA,‘... BİNBOĞA’ (ŞARKICI)
ALİVRE,PEY VERİLEREK SATIŞ
ALİYE,‘... UZUNATAĞAN’ (AKTRİS)
ALİZARİN,KÖK BOYASI
ALİZARİN,KÖKBOYASI
ALİZE,TROPİKAL BÖLGE RÜZGARI
ALİŞAN,"BİR ŞARKICI, OYUNCU, SUNUCU"
ALİŞAN,"ŞARKICI, OYUNCU"
ALŞİMİ,SİMYA
AM,AMERİKYUMUN SİMGESİ
AMA,"FAKAT, LAKİN"
AMA,"GÖRMEZ, KÖR"
AMA,GÖZLERİ GÖRMEYEN
AMA,"GÖZLERİ GÖRMEYEN, KÖR"
AMABİLE,BİR MÜZİK TERİMİ
AMADE,BİR İŞİ YAPMAYA HAZIR
AMADE,HAZIR
AMADE,"HAZIR, ANIK"
AMAK,DERİNLİKLER
AMAK,DERİNLİKLER (ESKİ DİL)
AMAK,GÖZPINARLARI
AMAL,"İŞLEMLER, İŞLER"
AMAL,"İŞLER, İŞLEMLER"
AMAN,RİCA ANLATAN SÖZCÜK
AMAN,YARDIM İSTEME SÖZÜ
AMANOS,GÜNEY ANADOLUDA DAĞ
AMANOS,GÜNEY ANADOLU’DA DAĞ
AMANOS,TOROSLAR’DA BİR DAĞ
AMANİ,SAFRANBOLU HALK OYUNU
AMANİ,ZONGULDAK YÖRESİNE ÖZGÜ BİR HALK OYUNU
AMARA,IRAK'TA BİR ŞEHİR
AMARA,IRAKTA KENT
AMARA,IRAK’TA KENT
AMARİL,SARI HUMMA VİRÜSÜ
AMASRA,BARTIN İLÇESİ
AMASYA,ATATÜRK'ÜN 102 YIL ÖNCE SAMSUN'DAN SONRA GİTTİĞİ İLİMİZ
AMASYA,ATATÜRK'ÜN 105 YIL ÖNCE SAMSUN'DAN SONRA GİTTİĞİ İLİMİZ
AMASYA,BİR İLİMİZ
AMATÖR,ACEMİ
AMATÖR,‘PROFESYONEL’ KARŞITI
AMAZON,ATA BİNEN SAVAŞÇI KADIN
AMAZON,GÜNEY AMERİKA'DA NEHİR
AMAÇ,GAYE
AMAÇ,"GAYE, HEDEF"
AMAÇ,MAKSAT
AMBALAJ,EŞYA SARMA MALZEMESİ
AMBAR,KİLER
AMBAR,TAHIL SAKLANAN YER
AMBARGO,BİR MALA KONULAN YASAK
AMBER,GÜZEL KOKULU BİR MADDE
AMBERİYE,YAYLA ÇİÇEĞİ
AMCA,BABANIN ERKEK KARDEŞİ
AME,DİVİT
AME,DİVİT (ESKİ DİL)
AME,"DİVİT, HOKKA"
AME,"DİVİT, YAZI HOKKASI"
AME,DİVİT. YAZI HOKKASI
AMEL,EDİM
AMEL,YAPILAN İŞ
AMEL,"YAPILAN İŞ, EDİM"
AMEL,"YAPILAN İŞ, EDİM, FİİL"
AMELE,İŞÇİ
AMELE,"İŞÇİ, EMEKÇİ"
AMELİ,PRATİK
AMELİ,"PRATİK, TABİKİ"
AMELİ,"PRATİK, TATBİKİ"
AMELİ,UYGULAMALI
AMELİ,"UYGULAMALI, PRATİK"
AMELİYAT,CERRAHİ MÜDAHALE
AMELİYAT,CERRAHİ OPERASYON
AMELİYAT,OPERASYON
AMELİYE,UYGULAMA
AMELİYE,"YAPILAN İŞ, İŞLEM"
AMENNA,ARAPÇA’DA İNANDIK ANLAMINDA BİR SÖZ
AMENNA,"İNANDIK, DOĞRUDUR"
AMENTÜ,İSLAM DİNİNİN İMAN ESASLARINI ANA HATLARIYLA İFADE EDEN TERİM
AMERİKA,BİR ANAKARA
AMERİKA,BİR KITA
AMERİKAN,AMERİKALILARA ÖZGÜ OLAN
AMERİKAN,KAPUTBEZİ
AMERİKAN,PAMUKTAN DÜZ DOKUMA
AMETAL,METAL OLMAYAN
AMETAL,METAL OLMAYAN ELEMENT
AMETAL,METAL OLMAYAN ELEMENTLER
AMFORA,ANTİK DÖNEM TESTİSİ
AMFİBİ,İKİ YAŞAMLILAR
AMMAN,ÜRDÜN BAŞKENTİ
AMNEZİ,BELLEK YİTİM
AMNEZİ,BELLEK YİTİMİ
AMONYAK,KESKİN KOKULU BİR GAZ
AMONYAK,"KİMYASAL BİR BİLEŞİK, KESKİN KOKULU GAZ"
AMOR,AŞK
AMOR,"AŞK, SEVİ"
AMOR,ROMA AŞK TANRISI
AMORS,GAZETECİLİK TERİMİ
AMORS,PARÇA
AMPER,ELEKTRİK AKIM ŞİDDET BİRİMİ
AMPER,ELEKTRİK AKIMININ BİRİMİ
AMPUL,AYDINLATMA ARACI
AMPUL,ELEKTRİK ENERJİSİYLE IŞIK YAYAN ARAÇ
AMPİR,"FRANSA’DAN ORTAYA ÇIKIP DAHA SONRA AVRUPA’YA YAYILMIŞ OLAN BİR YAPI, MOBİLYA, GİYİM ÜSLUBU"
AMUDİ,DİKEY
AMUDİ,"DİKEY, DİKİNE"
AMUDİ,"DİKEY, DİKİNE, DİK"
AMUT,"DİKME, DİK"
AMUT,DİKME. DİK
AMY,‘... ADAMS’ (AKTRİS)
AMİGO,SEYİRCİLERİ COŞTURAN KİMSE
AMİGO,TRİBÜN LİDERİ
AMİK,HATAY İLİNDE OVA
AMİK,HATAY’DA BİR OVA
AMİL,ETKEN
AMİL,"ETKEN, ETMEN, SEBEP"
AMİL,"ETKEN, YAPAN"
AMİL,"ETMEN, FAKTÖR"
AMİLAZ,NİŞASTAYI PARÇALAYARAK ŞEKERE ÇEVİREN ENZİM
AMİLAZ,NİŞASTAYI ŞEKERE ÇEVİREN ENZİM
AMİN,DUADAN SONRA SÖYLENİR
AMİN,"ÖYLE OLSUN, ALLAH KABUL ETSİN` ANLAMLARINDA, DUALARIN ARASINDA VE SONUNDA KULLANILAN BİR SÖZ"
AMİNE,PEYGAMBER EFENDİMİZİN ANNESİNİN ADI
AMİP,BİR HÜCRELİ BİR CANLI
AMİP,BİR HÜCRELİ BİR CANLI.
AMİP,TEK HÜCRELİ CANLI
AMİR,"BUYURAN, BUYURUCU"
AMİR,BUYURUCU
AMİR,BİR İŞTE EMİR VERME YETKİSİ BULUNAN KİMSE
AMİR,EMİR VERME YETKİSİ BULUNAN
AMİRAL,BİR DENİZ SUBAYI
AMİRAL,DENİZ GENARALİ
AMİRAL,DENİZ GENERALİ
AMİTOZ,"AMİP, AKYUVAR VE BAZI BAKTERİLERDE HÜCRE BÖLÜNMESİ YOLUYLA OLAN ÇOĞALMA"
AMİTOZ,EŞEYSİZ BÖLÜNME
AMİYANE,KİBARCA OLMAYAN
AMİYANE,"KİBARCA OLMAYAN, BAYAĞI"
AMİYANE,SIRADAN
AN,EN KISA ZAMAN
AN,LAHZA
AN,"LAHZA, DAKİKA"
AN,TARLA SINIRI
AN,ZİHİN
AN,İKİ TARLA ARASINDA SINIR
ANA,ANNE
ANA,"ANNE, VALİDE"
ANA,"TEMEL, ESAS, ASIL"
ANA,"TEMEL, ESAS,ASIL"
ANA,VALİDE
ANA,"VALİDE, ANNE"
ANA,ÇOCUĞU OLAN KADIN
ANAARI,ARI BEYİ
ANAARI,ARIBEYİ
ANAARI,"ARIBEYİ, KRALİÇE ARI"
ANADUT,"DİRGEN, YABA"
ANAFOR,GİRDAP
ANAFOR,"GİRDAP, BURGAÇ"
ANAGRAM,BİR TÜR BULMACA
ANAHTAR,"AÇAR, AÇKI"
ANAK,"HEYKEL, ABİDE ANLAMINDA YEREL SÖZCÜK"
ANAKARA,"BÜYÜK KARA KÜTLESİ, KITA"
ANAKARA,KITA
ANAKART,BİLGİSAYARIN TEMEL BİLEŞENİ?
ANALOG,"BENZER, EŞ"
ANALOJİ,"BENZEŞİM, BENZEŞME"
ANALOJİ,BİR SONUÇ ÇIKARTMA YOLU
ANALİST,ÇÖZÜMLEYİCİ
ANALİTİK,ÇÖZÜLMELİ
ANALİTİK,ÇÖZÜMLEMELİ
ANALİZ,TAHLİL
ANALİZ,ÇÖZÜMLEME
ANALİZ,"ÇÖZÜMLEME, TAHLİL"
ANAMAL,"KAPİTAL, SERMAYE"
ANAMAL,PARAYA ÇEVRİLEBİLİR MALLAR
ANAMAL,"SERMAYE, KAPİTAL"
ANAMUR,MERSİN İLÇESİ
ANAMİ,KANSIZLIK
ANANAS,BİR AĞAÇ TÜRÜ
ANANAS,BİR MEYVE
ANANAS,MAKBUL BİR SICAK ÜLKE MEYVESİ
ANANAS,TROPİKAL BİR MEYVE
ANANE,GELENEK
ANANET,"ERKEKTE CİNSEL GÜÇSÜZLÜK, PULUÇLUK."
ANANET,PULUÇLUK
ANANEVİ,GELENEKSEL
ANANEVİ,"GELENEĞE BAĞLI, GELENEKSEL"
ANAPA,KARADENİZ' DE LİMAN KENTİ
ANAPA,KARADENİZ'DE LİMAN KENTİ
ANAPARA,ÜZERİNDEN FAİZ HESAPLANACAK OLAN PARA
ANAPARA,İŞLETİLEN PARANIN FAİZ KATILMAMIŞ BÜTÜNÜ
ANAPARA,İŞLETİLEN PARANIN FAİZSİZ BÖLÜMÜ
ANAR,AZERBAYCANLI ÜNLÜ YAZAR
ANARTRİ,DİL TUTUKLUĞU
ANARŞİ,KARGAŞA
ANATOMİ,BEDEN YAPISI
ANATOMİ,"BEDEN YAPISI, GÖVDE YAPISI"
ANATOMİ,GÖVDE YAPISI
ANATOMİ,"İNSAN, HAYVAN VE BİTKİLERİN YAPISINI VE ORGANLARININ BİRBİRİYLE OLAN İLGİLERİNİ İNCELEYEN BİLİM"
ANAYASAL,ANAYASA İLE İLGİLİ
ANAÇ,ANNE GİBİ DAVRANAN
ANAÇ,BAŞINA BUYRUK
ANAÇ,"İRİ, KART"
ANAÇ,"ŞEFKATLİ, ANNE GİBİ DAVRANAN"
AND,AHİT
AND,G. AMERİKADA DAĞ SIRASI
AND,G. AMERİKA’DA DAĞ SIRASI
AND,GÜNEY AMERİKA’DA DAĞ SIRASI
ANDAÇ,AJANDA
ANDIK,SIRTLAN
ANDIZ,BİR TÜR ARDIÇ AĞACI
ANDIZ,SERVİ AĞACI
ANE,KASIK
ANE,YABANİ DİŞİ EŞEK
ANE,YABANİ EŞEK SÜRÜSÜ
ANEKDOT,FIKRA
ANEKDOT,KISA VEYA ÖZLÜ ANLATIM
ANELE,GEMİLERDE DEMİR HALKA
ANELE,GEMİLERDE KULLANILAN DEMİR HALKA
ANEMON,DAĞ LALESİ
ANEMON,DAĞ LALESİ. MANİSA LALESİ
ANEMON,DAĞLALESİ
ANEMİ,KANSIZLIK
ANEMİK,KANSIZ
ANGEH,"O SIRADA, O ESNADA"
ANI,BİRDENBİRE
ANI,HATIRA
ANIK,HAZIR
ANIK,"HAZIR, AMADE"
ANIL,‘... İLTER’ (AKTÖR)
ANIT,ABİDE
ANIZ,BİÇİLMİŞ EKİN SAPI
ANIZ,EKİN BİÇİLDİKTEN SONRA TOPRAKTA KALAN KÖKLÜ SAP
ANJİN,BOĞAZ MUKOZASININ ŞİŞMESİ
ANJİN,"BOĞAZ MUKOZASININ ŞİŞMESİ, YUTAK İLTİHABI"
ANJİN,YUTAK İLTİHABI
ANKA,BİR MASAL KUŞU
ANKA,GERÇEKTE VAR OLMAYAN BÜYÜK BİR KUŞ
ANKA,MASAL KUŞU
ANKA,MASALLARDA ADI GEÇEN VE GERÇEKTE VAR OLMAYAN BÜYÜK BİR KUŞ
ANKARA,BAŞKENTİMİZ
ANKET,AYRINTILI VE KAPSAMLI SORU DİZİSİ; SORMACA
ANKET,"KAPSAMLI SORU DİZİSİ, SORMACA"
ANKET,SORMACA
ANKET,"SORU DİZİSİ, SORMACA"
ANKET,"SORUŞTURMA, SORMACA"
ANLAK,ZEKA
ANLAM,MANA
ANMA,HATIRLAMA
ANMA,YAD
ANNAM,VİETNAM’IN ESKİ ADI
ANNE,"ANA, VALİDE"
ANNE,VALİDE
ANNE,"VALİDE, ANA"
ANNE,ÇOCUĞU OLAN KADIN
ANOFEL,SITMA AŞILAYAN SİVRİSİNEK
ANOFEL,SITMA MİKROBU YAYAN SİVRİSİNEK
ANOMALİ,SAPAKLIK
ANOMALİ,"SAPAKLIK, AYKIRILIK"
ANOMİ,KURALSIZLIK
ANONS,DUYURU
ANONS,SESLİ DUYURU
ANONİM,YARATICISININ ADI BİLİNMEYEN ESER
ANONİM,YAZARI BİLİNMEYEN
ANONİM,"YAZARI BİLİNMEYEN, LAEDRİ"
ANONİM,ÇOK ORTAKLI
ANORAK,"BAŞLIKLI, SU GEÇİRMEYEN SPOR CEKET."
ANORAK,KUKULETALI YAĞMURLUK
ANORAK,"SU GEÇİRMEZ, KUKULETALI KISA CEKET"
ANORMAL,DENGESİ YERİNDE OLMAYAN
ANORMAL,"GENEL OLANA, ALIŞILMIŞA VE KURALA AYKIRI OLAN."
ANOT,ARTI UÇ
ANOT,POZİTİF ELEKTROT
ANT,YEMİN
ANTANT,"ANLAŞMA, UYUŞMA"
ANTEN,DUYARGA
ANTEN,DUYARGA (ZOOLOJİ)
ANTET,YAZI BAŞLIĞI
ANTET,YAZI VEYA RESİM BAŞLIĞI
ANTRAKT,TİYATRODA ARA
ANTRE,EVİN GİRİŞİ
ANTRE,GİRİŞ
ANTRENÖR,ÇALIŞTIRICI
ANTREPO,GÜMRÜK DEPOSU
ANTREPO,"GÜMRÜKLERE GELEN TİCARİ EŞYANIN KONULDUĞU, KORUNDUĞU YER"
ANTİDOT,PANZEHİR
ANTİK,ESKİ DÖNEMDEN KALAN
ANTİK,İLK ÇAĞDAKİ UYGARLIKLA İLGİLİ OLAN
ANTİKA,ESKİ VE DEĞERLİ EŞYA
ANTİKA,ESKİ ÇAĞLARDAN KALMA ESER
ANTİKA,ESKİ ÇAĞLARDAN KALMA YAPIT
ANTİKA,TARİHSEL BİR DÖNEME AİT OLAN
ANTİKOR,VÜCUTTAKİ SAVUNMA MADDELERİ
ANTİMON,’SB’ SİMGESİYLE GÖSTERİLEN ELEMENT
ANTİPATİK,"İTİCİ, SOĞUK, SEVİMSİZ"
ANTİTEZ,KARŞI SAV
ANTİTONAL,TONA UYGUN OLMAYAN
ANUT,"İNATÇI, AYAK DİREYEN"
ANUT,"İNATÇI, AYAK DİREYİCİ"
ANÇÜEZ,HAMSİ EZMESİ
ANİ,ANSIZIN
ANİ,ANSIZIN YAPILAN
ANİ,BİRDENBİRE
ANİ,"BİRDENBİRE, ANSIZIN"
ANİF,KABA
ANİF,"SERT, KABA"
ANİLİN,BENZENDEN TÜREYEN BİR AMİN
ANİLİN,ZEHİRLİ BİR MADDE
ANİMASYON,CANLANDIRMA
ANİMATO,BİR MÜZİK TERİMİ
ANİMATO,CANLI BİR BİÇİMDE (ÇALINMAK)
ANİMATO,"CANLI, HAREKETLİ MÜZİK"
ANİME,JAPON ÇİZGİ FİLM
ANİME,JAPON ÇİZGİ FİLMİ
ANİME,"JAPON ÇİZGİ ROMANI MANGALARIN TELEVİZYON, SİNEMA VB. İÇİN FİLMLEŞTİRİLMİŞ BİÇİMİ"
ANİSTON,‘JENNİFER ...’ (AKTRİS)
AO,ANONİM ORTAKLIK
AORT,BÜYÜK ATARDAMAR
AP,AVRUPA PARLAMENTOSU
AP,AVRUPA PARLAMENTOSU (KISACA)
APA,AKSARAY’DA BİR BARAJ
APA,KONYA'DA GÖL
APAK,BEMBEYAZ
APAK,ÇOK AK
APAK,ÇOK BEYAZ
APALAK,KUCAKTAKİ TOMBUL ÇOCUK
APALAK,"TOMBUL, GÜRBÜZ BEBEK"
APARKAT,BOKSTA BÜKÜK KOLLA AŞAĞIDAN YUKARIYA DOĞRU ÇENEYE ATILAN YUMRUK.
APARKAT,BOKSTA BİR YUMRUK
APATİ,DUYGU KAPANIKLIĞI
APATİ,DUYUMSAMAZLIK
APAZ,AVUÇ
APAZ,BİR AVUÇ DOLUSU
APAÇİ,KIZILDERİLİ KABİLESİ
APAŞ,HAYTA
APAŞ,"HAYTA, SERSERİ"
APAŞ,"HAYTA, SERSERİ."
APEL,ANONİM ORTAKLIKLARDA SERMAYE ARTIRIMI İÇİN YAPILAN ÖDEME ÇAĞRISI
APEL,SERMAYE ARTIRIMI ÖDEME ÇAĞRISI
APLİKE,DÜZ VEYA DESENLİ BİR KUMAŞTAN KESİLMİŞ MOTİFLERİN BİR BAŞKA KUMAŞA İŞLENMİŞ DURUMU
APLİKE,KUMAŞI MOTİFLE SÜSLEME
APNE,SOLUNUMUN BİR SÜRE DURMASI
APOKRİF,DOĞRULUĞUNA GÜVENİLMEZ SÖZ
APOKRİF,DOĞRULUĞUNA GÜVENİLMEZ SÖZ VEYA YAZI
APOLET,OMUZLUK
APORT,KÖPEĞE VERİLEN KOMUT
APRE,DERİNİN PARLATILMASI
APRE,KUMAŞ VEYA DERİNİN CİLALANMASI
APRE,"KUMAŞ YA DA DERİNİN CİLALANMASI, PERDAHLANMASI"
APRE,KUMAŞIN VEYA DERİNİN CİLALANMASI
APRON,UÇAKLARIN YANAŞTIĞI YER
APRON,UÇAĞA İNİLİP BİNİLEN PİST
APSE,ÇIBAN
APSE,ÇIBAN (TIP)
APTAL,"AHMAK, ALIK"
APTAL,"ALIK, AHMAK"
APTAL,"BUDALA, ENAYİ"
APTERİKS,KİVİ KUŞU
APİ,BİR ELMA TÜRÜ
APİA,BATI SAMOA’NIN BAŞKENTİ.
APİA,SAMOA'NIN BAŞKENTİ
APİKO,"ARGODA GÜZEL GİYİMLİ, ÇOK ŞIK"
APİKO,"ARGODA HAZIR, TETİK"
APİKO,"GEMİNİN, ZİNCİRİ TOPLAYIP DEMİRİNİ KALDIRMAYA HAZIR OLMASI"
APİKO,"HAZIR, TETİK"
APİS,KUTSAL MISIR ÖKÜZÜ
AR,ARGON (SİMGESİ)
AR,HİCAP
AR,"HİCAP, UTANMA"
AR,UTANMA DUYGUSU
AR,"UTANMA, UTANÇ DUYMA"
AR,YÜZ METRE KARE
AR,YÜZ METREKARE
AR,YÜZEY ÖLÇÜ BİRİMİ
ARA,ANTRAKT
ARA,GÖZ ALICI PARLAK RENKLERİ OLAN BİR PAPAĞAN CİNSİ
ARA,MESAFE
ARA,"MESAFE, UZAK"
ARA,"MESAFE, UZAKLI"
ARA,"MESAFE, UZAKLIK"
ARA,İKİ ŞEYİ BİRBİRİNDEN AYIRAN UZAKLIK
ARABA,"MAKİNE, OTOMOBİL"
ARABA,TEKERLEKLİ KARA TAŞITI
ARABAN,GAZİANTEP İLÇESİ
ARABAN,KLASİK TÜRK MÜZİĞİNDE BİR MAKAM
ARABAN,TÜRK MÜZİĞİNDE BİR MAKAM
ARABAŞI,"GELENEKSEL BİR ÇORBA TÜRÜ, ÖZELLİKLE ORTA ANADOLU’DA YAPILAN"
ARABİ,ARAPLARA ÖZGÜ OLAN
ARABİ,ARAPLARLA İLGİLİ
ARACI,ARABULUCU
ARACI,UZLAŞTIRAN KİMSE
ARAF,AHİRETTE GÜNAH VE SEVAPLARI EŞİT OLANLARIN BEKLETİLDİĞİ YER
ARAF,CENNET İLE CEHENNEM ARASI
ARAFAT,HACCIN EN ÖNEMLİ RÜKNÜ OLAN VAKFENİN YAPILDIĞI YER
ARAFAT,KOD ADI EBU AMMAR OLAN FİLİSTİNLİ LİDER
ARAFAT,MEKKE’NİN DOĞUSUNDA BİR DAĞ
ARAFAT,"MEKKE’NİN DOĞUSUNDA, HACCIN EN ÖNEMLİ RÜKNÜ OLAN VAKFENİN YAPILDIĞI YER."
ARAK,TER
ARAKA,BİR TÜR BEZELYE
ARAKA,İRİ TANELİ BEZELYE
ARAKLI,TRABZON İLÇESİ
ARAKLI,TRABZON'UN BİR İLÇESİ
ARAKİYE,DERVİŞLERİN GİYDİKLERİ TİFTİKTEN YAPILMIŞ İNCE KÜLAH.
ARAKİYE,"ESKİDEN DERVİŞLERİN GİYDİKLERİ, TİFTİKTEN YAPILMIŞ İNCE KÜLAH"
ARAL,ASYA'DA BİR GÖL
ARAL,ASYA’DA BİR GÖL
ARALAMAK,YARI AÇMAK
ARALAMAK,İKİ ŞEY ARASINDA AÇIKLIK OLUŞTURMAK
ARALIK,IĞDIR İLÇESİ
ARALIK,MESAFE
ARALIK,YILIN SON AYI
ARAM,ÇÖLDE İŞARET TAŞI
ARAM,ÇÖLDE İŞARET İÇİN KONULAN TAŞLAR
ARAMA,BULAŞMAYA ÇALIŞMA
ARAMA,"BULMAK, ARAMAK"
ARAMA,BULMAYA ÇALIŞMA
ARAMA,TAHARRİ
ARAMAK,BULMAYA ÇALIŞMAK
ARAMAK,BİR KİŞİYLE GÖRÜŞMEK ÜZERE TELEFON ETMEK
ARAP,FOTOĞRAFIN NEGATİFİ
ARAP,NEGATİF FOTOĞRAF
ARAR,DAĞ SERVİSİ
ARAR,DAĞSERVİSİ
ARAR,‘... ARAR’ (ŞARKICI)
ARAR,‘FUNDA ...’ (ŞARKICI)
ARARAT,AĞRI DAĞININ ESKİ ADI
ARARAT,AĞRI DAĞININ ESKİ ADI
ARARAT,AĞRI DAĞI’NIN ESKİ ADI
ARAROT,BEBEK MAMASI UNU
ARAROT,MARANTA ADLI KAMIŞTAN ELDE EDİLEN VE BEBEK MAMASI YAPILAN UN
ARAS,ANADOLU'DA BİR IRMAK
ARAS,ASYA'DA BİR NEHİR
ARAS,DOĞU ANADOLUDA IRMAK
ARAS,DOĞU ANADOLU’DA IRMAK
ARAS,DOĞU ANADOLU’DAN DOĞARAK HAZAR’A DÖKÜLEN BİR IRMAK
ARAS,ÜLKEMİZDE BİR NEHİR
ARASAT,KIYAMET GÜNÜ BÜTÜN ÖLÜLERİN DİRİLEREK TOPLANACAĞI YER
ARASAT,MAHŞER YERİ
ARASIL,"KOŞUT, PARALEL"
ARASTA,AYNI İŞİ YAPAN ESNAF ÇARŞISI
ARASTA,AYNI İŞİ YAPAN ESNAFIN BULUNDUĞU ÇARŞI
ARASTA,ESKİDEN ÇARŞILARDA AYRILAN ESNAF BÖLÜMÜ
ARASÖZ,BİR SÖYLEMDE YER ALAN EK AÇIKLAMA
ARAZ,BELİRTİLER
ARAZ,HASTALIK ALAMETLERİ
ARAZ,İLİNEK (FELSEFE)
ARAZBAR,TÜRK MÜZİĞİNDE BİR MAKAM ADI
ARAZBAR,TÜRK MÜZİĞİNDE MAKAM
ARAZİ,YERYÜZÜ PARÇASI
ARAZİ,"YERYÜZÜ PARÇASI, TOPRAK"
ARAÇ,KASTAMONU İLÇESİ
ARAÇ,VASITA
ARAŞİT,YER FISTIĞI
ARAŞİT,YERFISTIĞI
ARBALET,"KUNDAKLI, TETİKLİ YAY"
ARBEDE,"KAVGA, KARIŞIKLIK"
ARBEDE,"ÇATIŞMA, PATIRTI"
ARDA,ARAZİ İŞARET ÇUBUĞU
ARDA,ARAZİDE DİKİLEN İŞARET ÇUBUĞU
ARDA,İŞARET OLARAK YERE DİKİLEN ÇUBUK
ARDAK,İÇTEN ÇÜRÜMEYE YÜZ TUTMUŞ AĞAÇ
ARDAK,İÇTEN ÇÜRÜMÜŞ AĞAÇ
ARDANUÇ,ARTVİN İLÇESİ
ARDANUÇ,ARTVİN'İN BİR İLÇESİ
ARDIL,"HALEF, ARDA."
ARDİYE,TİCARİ EŞYA DEPOSU
ARE,ÖDÜNÇ MAL
AREFE,ÖNEMLİ BİR GÜNÜN YA DA OLAYIN BİR ÖNCEKİ GÜNÜ YA DA ONA YAKIN GÜNLER
AREKA,BİR TÜR PALMİYE
ARENA,BOĞA GÜREŞİ ALANI
ARENA,BOĞA GÜREŞİ YAPILAN ALAN
ARES,YUNAN MİTOLOJİSİNDE SAVAŞ TANRISI
ARES,YUNAN SAVAŞ TANRISI
ARES,YUNANSAVAŞ TANRISI
AREZOU,‘...BEHRANG’ (RESSAM)
AREZOU,‘...BEHRANG’( RESSAM)
AREZOU,‘...BEHRANG’(RESSAM)
ARGALİ,YABAN KOYUNU
ARGIN,"GÜCÜ TÜKENMİŞ, YORGUN, BİTKİN"
ARGIN,"YORGUN, BİTKİN"
ARGO,KABA KONUŞMA
ARGO,SOKAK DİLİ
ARHAVİ,ARTVİN İLÇESİ
ARHAVİ,ARTVİN'İN BİR İLÇESİ
ARI,BAL YAPAN BÖCEK
ARI,"KATIŞIKSIZ, SAF, HALİS"
ARI,"SAF, HALİS"
ARICAK,ELAZIĞ İLÇESİ
ARICAK,ELAZIĞ'NIN BİR İLÇESİ
ARIK,FİDE YA DA FİDAN DİKİLEN YER
ARIK,"ZAYIF, CILIZ"
ARIKİL,PORSELEN KİLİ
ARINMA,TEMİZLENME
ARIZA,"AKSAMA, AKSAKLIK"
ARIZA,"AKSAMA, BOZULMA"
ARIZİ,GELİP GEÇİCİ
ARIZİ,"SONRADAN OLAN, DIŞTAN GELEN"
ARK,"AÇIK OLUK, KANAL"
ARK,SU YOLU
ARK,"SU YOLU, KANAL"
ARK,ÜSTÜ AÇIK SU OLUĞU
ARKA,'ÖN' KARŞITI
ARKA,"GERİ, PEŞ"
ARKA,ÖN KARŞITI
ARKADAŞ,DOST
ARKADAŞ,YAREN
ARKALIK,HAMAL SEMERİ
ARKAÇ,DAVAR AĞILI
ARKAİK,ESKİL
ARKAİK,GÜZEL SANATLARDA KLASİK ÇAĞ ÖNCESİNDEN KALAN
ARKAİK,KLASİK ÇAĞ ÖNCESİ ESER
ARLI,NAMUSLU
ARMA,AĞAÇ YAŞI
ARMA,ONGUN
ARMA,SİMGE OLARAK KULLANILAN ŞEKİL
ARMADA,DONANMA
ARMATÖR,GEMİ SAHİBİ
ARMATÖR,TİCARET GEMİSİ SAHİBİ
ARMATÜR,BİR ALETİN ANA BÖLÜMÜNÜ OLUŞTURAN KISIM
ARMONİ,UYUM
ARMONİ,"UYUM, SESLERİN BİR ARAYA GELMESİYLE OLUŞAN AHENK"
ARMUT,BİR MEYVE
ARMUT,GÜLGİLLERDEN BİR AĞAÇ VE BU AĞACIN AYNI ADLI MEYVESİ.
ARMUT,ÇOK BÖN
ARNAVUT,AVRUPA’DA BİR HALK
ARNAVUTÇA,ARNAVUT DİLİ
ARNİKA,MASTI ÇİÇEĞİ
ARNİKA,MASTIÇİÇEĞİ
ARNİKA,ÖKÜZGÖZÜ
ARNİKA,ÖKÜZGÖZÜ DE DENİLEN PAPATYAYA BENZER ÇİÇEK
AROMA,HOŞ KOKU
ARP,TELLİ BİR ÇALGI
ARP,ÜÇ KÖŞELİ VE TELLİ ÇALGI
ARP,"ÜÇ KÖŞELİ VE TELLİ, BÜYÜK ÇALGI"
ARP,"ÜÇ KÖŞELİ, TELLİ ÇALGI"
ARPA,(ARGODA) PARA
ARPA,BİR TÜR TAHIL
ARPA,RÜŞVET
ARSA,YAPI ALANI
ARSA,YAPI İÇİN AYRILAN YER
ARSA,ÜZERİNDE YAPI YAPILABİLECEK BOŞ ARAZİ
ARSİN,TRABZON İLÇESİ
ARSİN,TRABZON'UN BİR İLÇESİ
ART,ARKA
ART,"ARKA, GERİ"
ART,"ARKA, PEŞ"
ART,BİR ŞEYİN ÖBÜR YÜZÜ
ART,"GERİ, PEŞ"
ARTER,ATARDAMAR
ARTI,OLUMLU DEĞER; TOPLAMA İŞARETİ
ARTI,ZAİT
ARTIK,"GERİ KALAN, FAZLA OLAN"
ARTIN,KATYON
ARTMAK,ÇOĞALMAK
ARTOS,VAN'DA BİR DAĞ
ARTRİT,EKLEMLERDEKİ AĞRILI HASTALIK
ARTİST,SANATÇI
ARTİST,"SANATÇI, OYUNCU"
ARUSEK,ESKİDEN BEZEKÇİLİKTE KULLANILAN BİR TÜR SEDEF
ARUSEK,YEŞİL VE PEMBE DALGALI SEDEF
ARUZ,DİVAN EDEBİYATI NAZIM ÖLÇÜSÜ
ARYA,OPERA PARÇASI
ARYA,OPERADA TEK SOLİST TARAFINDAN SÖYLENEN ŞARKI
ARZ,SUNMA
ARZA,AYET VE SURELERİN PEYGAMBER EFENDİMİZ VE CEBRAİL TARAFINDAN OKUNMASI
ARZA,"HER YIL RAMAZAN AYINDA AYETLERİN AYET VE SÛRELERİ CEBRAİL’İN HZ. PEYGAMBER’E, ONUN DA CEBRAİL’E OKUMASI"
ARZANİ,ENİNE OLAN
ARZANİ,ESKİ DİLDE ENİNE
ARZU,"İSTEK, DİLEK"
ARZU,‘... YANARDAĞ’ (AKTRİS)
ARİ,"ARINMIŞ, SOYUTLANMIŞ"
ARİ,HİNT İRAN DİL GRUBUNA VERİLEN AD
ARİ,"KATIŞIKSIZ, SAF, HALİS"
ARİ,"SAF, HALİS"
ARİ,ÇIPLAK
ARİ,"ÖZGÜR, HÜR"
ARİFANE,YİYECEĞİ ORTAKLAŞA SAĞLANAN (TOPLANTI)
ARİFANE,YİYECEĞİ ORTAKLAŞA TOPLANTI
ARİFE,BELİRLİ BİR GÜNÜN ÖNCESİ
ARİFE,BELİRLİ GÜN ÖNCESİ
ARİFE,ÖNGÜN
ARİFE,"‘... KALENDER’ (ŞAİR, YAZAR)"
ARİN,BİTLİS’TE BİR GÖL
ARİTMİ,KALP ATIŞLARINDAKİ DÜZENSİZLİK
ARİTMİ,KALP ATIŞLARINDAKİ DÜZENSİZLİK VE EŞİTSİZLİK
ARİTMİK,"RİTİMLİ OLMAYAN, DÜZENSİZ"
ARİYA,SANCAĞI DİREKTEN AŞAĞI ALMA
ARİYA,"SANCAĞI, YELKENİ VEYA SERENİ DİREKTEN AŞAĞI ALMA"
ARİYA,"SANCAĞI, YELKENİ VEYA SERENİ DİREKTEN AŞAĞI ALMA. YELKEN İNDİRME"
ARİYA,"YELKENİ, DİREKTEN AŞAĞI ALMA"
ARİYA,"YELKENİ, SANCAĞI DİREKTEN ALMA"
ARİYA,"YELKENİ, SANCAĞI DİREKTEN AŞAĞI ALMA"
ARİYET,"EĞRETİ, ÖDÜNÇ"
ARİYET,"ÖDÜNÇ, EMANET"
ARİYET,"ÖDÜNÇ, İĞRETİ, EMANET"
ARİYET,ÖDÜNÇLEME
ARİZA,"AKSAMA, AKSAKLIK"
ARİZA,MAKAMA SUNULAN MEKTUP
ARİZA,YÜKSEK MAKAMA SUNULAN DİLEKÇE
ARİZA,YÜKSEK MAKAMA SUNULAN MEKTUP
ARİZONA,ABD’DE BİR EYALET
ARŞ,(ASKERLİKTE) YÜRÜ KOMUTU
ARŞ,GÖĞÜN EN YÜKSEK KATI
ARŞE,KEMAN YAYI
ARŞİV,BELGELERİN VEYA DOSYALARIN SAKLANDIĞI YER
ARŞİV,BELGELİK
AS,BİR KÜRK HAYVANI
AS,"BİR KÜRK HAYVANI, KAKIM"
AS,DEĞİRMEN
AS,KAKIM
AS,"KAKIM, ERMİN"
AS,"KALKIM, ERMİN"
AS,İSKAMBİLDE BİRLİ
ASA,BASTON
ASA,FOTOĞRAF DUYARLIĞINI BELİRTEN SAYISAL DEĞER
ASA,GÜÇ SİMGESİ DEĞNEK
ASA,GÜÇ SİMGESİ OLARAK TAŞINAN DEĞNEK
ASABİ,SİNİRLİ
ASABİYE,SİNİR BİLİMİ
ASABİYE,SİNİR HASTALIKLARI
ASAF,ESKİ DİLDE SATRANÇTAKİ VEZİR TAŞI
ASAF,VEZİR
ASAKİR,ASKERLER
ASAKİR,PADİŞAHIN ASKERLERİ
ASAL,"BAŞLICA, ESASİ"
ASAL,ESASİ
ASAL,TEMEL NİTELİĞİNDE OLAN
ASALAK,PARAZİT
ASALET,SOYLULUK
ASAP,SİNİR
ASAP,SİNİRLER
ASAR,ESERLER
ASAR,ONDALIK
ASAR,İSTATİSTİK
ASAYİŞ,"DÜZENLİLİK, GÜVENLİK"
ASAYİŞ,GÜVENLİK
ASBEST,KAYA LİFİ. TAŞ PAMUĞU
ASBEST,TAŞ PAMUĞU
ASEL,BAL
ASEL,BAL (ESKİ DİL)
ASES,GECE BEKÇİSİ
ASES,OSMANLIDA GECE BEKÇİSİ
ASES,OSMANLI’DA GECE BEKÇİSİ
ASES,YENİÇERİ OCAĞI'NIN KALDIRILMASINDAN ÖNCEKİ GÜVENLİK GÖREVLİSİ
ASETAT,ASETİK ASİDİN TUZU
ASETAT,SAYDAM
ASETON,"BİR ÇOK ORGANİK MADDEYİ ERİTMEKTE KULLANILAN UÇUCU, KOLAYCA ALEV ALIR, ETER KOKUSUNDA BİR SIVI"
ASETON,"BİRÇOK ORGANİK MADDEYİ ERİTMEKTE KULLANILAN UÇUCU, KOLAYCA ALEV ALIR, ETER KOKUSUNDA BİR SIVI"
ASETON,OJE ÇIKARTICI
ASETİK,SİRKEYLE İLGİLİ
ASETİL,KİMYADA BİR RADİKAL GRUP
ASFALT,"KATRAN, SUSA"
ASFALT,YOLLARIN KAPLANMASINDA KULLANILAN BİR KARIŞIM
ASFALT,YOLLARIN YAPIMINDA KULLANILAN KARIŞIM
ASGARİ,EN AZ
ASGARİ,"EN AZ, MİNİMUM"
ASHAB,SAHABELER
ASI,AFİŞ
ASIK,SOMURTKAN
ASIL,KOPYA OLMAYAN
ASIL,"SOY, NESEP."
ASIR,YÜZYIL
ASK,KİMİ MANTARLARDA ÜREME ORGANI
ASK,MANTAR ÜREME ORGANI
ASKARİT,BAĞIRSAK SOLUCANI
ASLA,HİÇBİR ZAMAN
ASLA,KATİYEN
ASLAN,ORMANIN KRALI
ASLAN,ZODYAK ÜZERİNDE YENGEÇ İLE BAŞAK ARASINDA YER ALAN TAKIMYILDIZIN ADI
ASLANAPA,KÜTAHYA İLÇESİ
ASLIHANGÜRBÜZ,RESİMDEKİ OYUNCU
ASLİ,BİRİNCİL
ASLİ,ESAS OLAN
ASLİYE,"TEMEL, ESAS"
ASMA,BELİRLİ BİR TÜR ÜZÜM VEREN BİTKİ
ASMA,ÜZÜM VEREN BİTKİ
ASMARA,ERİTRENİN BAŞKENTİ
ASMARA,ERİTRE’NİN BAŞKENTİ
ASONANS,EDEBİYATTA BİR KAFİYE
ASONANS,YARIM KAFİYE
ASORTİ,BİRBİRİNİ TUTAR RENK VE YAPIDA OLAN
ASORTİK,SOSYETİK
ASPİRİN,AĞRI KESİCİ BİR İLAÇ
ASPİRİN,AĞRI KESİCİ VE ATEŞ DÜŞÜRÜCÜ İLAÇ
ASPİRİN,KAN SULANDIRICI İLAÇ
ASR,ESKİ DİLDE YÜZYIL
ASRİ,MODERN
ASRİ,ÇAĞDAŞ
AST,BİRİNİN BUYRUÄU ALTÄ±NDA OLAN GÃ¶REVLİ.
AST,KIDEMCE KÜÇÜK ASKER
AST,MADUN
ASTANA,KAZAKİSTAN BAŞKENTİ
ASTANA,KAZAKİSTANIN BAŞKENTİ
ASTANA,KAZAKİSTAN’IN BAŞKENTİ
ASTAR,BOYADAN ÖNCEKİ KAT
ASTAR,"GİYECEK, PERDE, ÇANTA, AYAKKABI VB. ŞEYLERDE, KUMAŞIN YA DA DERİNİN İÇ TARAFINA GEÇİRİLEN İNCE KAT."
ASTAR,KIYAFET GİBİ ÜRÜNLERİN İÇ TARAFINA GEÇİRİLEN İNCE KAT
ASTAR,KUMAŞ KATI
ASTEROİT,GÜNEŞ SİSTEMİ’NDEKİ KÜÇÜK GÖKCİSİMLERİNDEN BİRİ
ASTEROİT,KÜÇÜK GEZEGEN
ASTIM,BİR HASTALIK
ASUDE,"RAHAT, SAKİN"
ASUMAN,GÖKYÜZÜ
ASUMAN,‘... DABAK’ (AKTRİS)
ASUMANDABAK,RESİMDEKİ OYUNCU
ASYA,BİR ANAKARA
ASYA,DÜNYA'NIN EN BÜYÜK KITASI
ASİ,BAŞ KALDIRAN
ASİ,HATAY'DA BİR NEHİR
ASİ,HATAY’DA BİR IRMAK
ASİ,İSYAN EDEN
ASİ,"İSYAN EDEN, İSYANKAR"
ASİDE,BİR BAMYA YEMEĞİ
ASİDE,"UN, ET VE BAMYA İLE YAPILAN BİR YEMEK"
ASİL,SOYLU
ASİMİLE,BENZEŞTİRME
ASİN,PİS KOKAN SU
ASİST,FUTBOLDA GOL PASI
ASİST,GOL PASI
ASİST,SAYI YA DA GOL PASI
ASİSTAN,ARAŞTIRMA GÖREVLİSİ
ASİT,HAMIZ
ASİT,"KİMYADA, HAMIZ"
ASİTAN,"ESKİ DİLDE KAPI ÖNÜ, EŞİK"
ASİTAN,"KAPI ÖNÜ, EŞİK"
ASİTAN,"KAPI ÖNÜ, EŞİK, BASAMAK"
ASİTANE,ESKİ DİLDE EŞİK
ASİTANE,İSTANBUL'UN ESKİ BİR ADI
ASİTANE,İSTANBULUN ESKİ ADLARINDAN
ASİTANE,İSTANBUL’UN ESKİ ADLARINDAN
ASİTANE,İSTANBUL’UN ESKİ BİR ADI
AT,ASTATİN (SİMGESİ)
AT,BEYGİR
AT,BİNEK HAYVANI
AT,SATRANÇTA BİR TAŞ
ATA,"BABA, CET"
ATA,"BABA,CET"
ATA,"CET, DEDE"
ATA,GEÇMİŞTEKİ BÜYÜKLER
ATABARI,ARTVİN HALK OYUNU
ATABARI,KARS YÖRESİ HALK OYUNU
ATABARI,‘ARTVİNBARI’ DENİLEN HALK OYUNU
ATABEK,"ESKİ TÜRK DEVLETLERİNDE, ÖZELLİKLE SELÇUKLULARDA ŞEHZADELERİN EĞİTİMİ YADA BAĞIMSIZ BİR EYALETİN YÖNETİMİ İLE GÖREVLİ VEZİR"
ATABEK,SELÇUKLULARDA VEZİR
ATABEK,"‘BÂLÂ ...’ (AKTRİS, YAZAR)"
ATACAMA,ŞİLİ’DE BİR ÇÖL
ATADEMİRER,RESİMDEKİ OYUNCU
ATADEMİRER,"RESİMDEKİ ŞOVMEN, OYUNCU"
ATAK,CÜRETKAR
ATAK,CÜRETKÂR
ATAK,DÜŞÜNCESİZCE HER İŞE ATILAN
ATAK,HAREKETLİ OLAN
ATAK,"SALDIRI, HÜCUM"
ATAK,"SALDIRI, HÜCUM, HAMLE, AKIN"
ATAK,"ÇEVİK, HAREKETLİ OLAN"
ATAKUM,SAMSUN İLÇESİ
ATAKUM,SAMSUN'UN BİR İLÇESİ
ATALET,TEMBELLİK
ATAMA,TAYİN
ATAMA,TAYİN ETME
ATAMAK,TAYİN ETMEK
ATAMAN,ESKİDEN RUS KAZAKLARININ BAŞBUĞUNA VERİLEN UNVAN
ATAMAN,KAZAKLARDA ‘BAŞKAN
ATAMAN,RUS KAZAK BAŞBUĞU
ATAMAN,‘KUTLUĞ ...’ (YÖNETMEN)
ATARİ,BASİT BİLGİSAYAR OYUNU
ATARİ,BİLGİSAYAR OYUNU
ATASÖZÜ,BİR ÖĞÜT VEYA DERS VEREN KISA VE ÖZLÜ SÖZ
ATASÖZÜ,HALKA MAL OLMUŞ SÖZ
ATATÜRK,RESİMDEKİ 'ULU ÖNDER'
ATATÜRK,RESİMDEKİ ULU ÖNDER
ATATÜRK,ULU ÖNDERİMİZ
ATAVİK,ATACILIKLA İLGİLİ
ATAY,‘ALİ ...’ (AKTÖR)
ATAY,"‘ALİ ...’ (AKTÖR, YÖNETMEN)"
ATAÇ,TUTTURGAÇ
ATAŞ,TUTTURGAÇ
ATAŞE,ELÇİLİK UZMANI
ATAŞEHİR,İSTANBUL İLÇESİ
ATE,DİNSİZ
ATE,ESKİ YUNAN MİTOLOJİSİNDE KÖTÜLÜK TANRIÇASI
ATE,TANRI TANIMAZ
ATE,TANRITANIMAZ
ATEH,BUNAMA
ATEH,"BUNAMA, BUNAKLIK"
ATEL,KEMİKLERİ DESTEKLEYEN MALZEME
ATEL,KIRIK KEMİK DESTEK PARÇASI
ATEL,KIRIK KEMİKLERİ BİR ARADA TUTMAK AMACIYLA KULLANILAN TAHTA GİBİ DÜZ NESNE
ATEL,KIRILMIŞ KEMİKLERİN DÜZGÜN BİR BİÇİMDE SARILABİLMESİ İÇİN KULLANILAN TÜRLÜ MALZEMELERDEN YAPILMIŞ DESTEK
ATERİNA,GÜMÜŞ BALIĞI
ATERİNA,GÜMÜŞBALIĞI
ATEŞ,KOR
ATEŞ,"OD, NAR"
ATEŞKES,MÜTAREKE
ATFEN,"MAL EDEREK, YÜKLEYEREK"
ATHOS,ÜÇ SİLAHŞOR’DAN BİRİ
ATHOS,‘ÜÇ SİLAHŞOR’DAN BİRİ
ATICI,"İYİ NİŞAN ALAN, ATTIĞINI VURAN KİMSE"
ATIF,YÖNELTME
ATIF,"YÖNELTME, ÇEVİRME"
ATIF,"YÖNELTME, ÇEVİRME, GÖNDERME"
ATIFET,"LÜTUF, İNAYET"
ATIK,KULLANILMIŞ ZARARLI MADDE
ATIK,YOĞURT YAYIĞI
ATIL,"ETKİSİZ, İŞE YARAMAZ"
ATIL,TEMBEL
ATIL,‘... İNAÇ’ (YÖNETMEN)
ATIŞ,"KALP YA DA NABZIN VURUŞU, ÇARPIŞI"
ATKARACALAR,ÇANKIRI'NIN BİR İLÇESİ
ATKI,BOYUN ÖRTÜSÜ
ATKI,BÜYÜK YABA
ATKI,DOKUMACILIKTA MEKİKLE ENİNE ATILAN İPLİK
ATKI,KAŞKOL
ATLAMA,BİR ATLETİZM DALI
ATLAMA,‘YÜKSEK ...’ (ATLETİZM DALI)
ATLAMA,‘YÜKSEK ...’ (ATLETİZMDALI)
ATLAS,"BİR KONUYU AÇIKLAMAK İÇİN HAZIRLANMIŞ RESİM VEYA LEVHALARDAN OLUŞMUŞ KİTAP, HARİTA KİTABI"
ATLAS,"BİR İPEKLİ KUMAŞ TÜRÜ, SATEN"
ATLAS,"PARLAK, PAMUKLU KUMAŞ"
ATLAS,SATEN
ATLAS,‘GÖZDE ...’ (RESSAM)
ATLET,KOLSUZ ASKILI FANİLA
ATLETİK,"VÜCUDU GELİŞMİŞ, BİÇİMLİ"
ATM,OTOMATİK BANKA VEZNESİ
ATM,OTOMATİK PARA ÇEKME MAKİNESİ
ATM,PARA ÇEKME MAKİNESİ
ATM,PARA ÇEKMEYE YARAYAN ALET
ATMA,ATLETİZMDE BİR DAL
ATMACA,YIRTICI BİR KUŞ
ATMACA,YIRTICI KÜÇÜK BİR KUŞ
ATOL,MERCAN ADASI
ATOL,MERCANADA
ATOL,ORTASINDA LAGÜN BULUNAN MERCANADA
ATOM,ELEMENTİN EN KÜÇÜK PARÇASI
ATOM,MARUL TÜRÜ
ATOMAL,"ATOMLARLA İLGİLİ, ATOMİK"
ATON,ESKİ MISIR’DA BİR GÜNEŞ TANRISI
ATON,MISIR GÜNEŞ TANRISI
ATONAL,TON VE MAKAM TEMELİNE BAĞLI KALMADAN OLUŞTURULAN (BESTE)
ATONAL,TON VE MAKAMA BAĞLI KALMADAN OLUŞTURULAN (BESTE)
ATONAL,TON VE MAKAMA BAĞLI KALMADAN OLUŞTURULAN BESTE
ATONAL,"YENİ BİR BESTECİLİK ÇIĞIRINA GÖRE, TON VE MAKAM TEMELİNE BAĞLI KALMADAN OLUŞTURULAN (BESTE)."
ATROFİ,KÖRELME
ATTAR,"BAHARAT DÜKKANI, AKTAR"
ATTAR,ESKİ DİLDE AKTAR
ATTİLAİLHAN,"ÜNLÜ BİR ŞAİR, YAZAR"
ATU,İSKAMBİLDE KOZ
ATU,İSKAMBİLDE ‘KOZ’
ATÖLYE,İŞLİK
ATİ,GELECEK
ATİ,GELECEK ZAMAN
ATİ,"GELECEK, İSTİKBAL"
ATİ,İSTİKBAL
ATİK,ÇABUK DAVRANAN
ATİK,"ÇABUK DAVRANAN, ÇEVİK"
ATİK,ÇEVİK
ATİNA,YUNANİSTAN BAŞKENTİ
ATİNA,YUNANİSTAN'IN BAŞKENTİ
ATİNA,YUNANİSTANIN BAŞKENTİ
ATİNA,YUNANİSTAN’IN BAŞKENTİ
AU,ALTIN (SİMGE)
AU,ALTIN ELEMENTİ
AU,ALTIN'IN SİMGESİ
AU,ALTININ SİMGESİ
AU,ALTIN’IN SİMGESİ
AUM,KUTSAL HİNT METİNLERİNİN BAŞINDA VE SONUNDA YİNELENEN BÜYÜLÜ VE MİSTİK HECE
AURA,BEDENDEKİ MANYETİK ALAN
AURA,İNSAN BEDENİ ÇEVRESİNDEKİ MANYETİK ALAN
AURUM,ALTININ LATİNCE ADI
AUSTER,‘PAUL ...’ (YAZAR)
AUT,‘... ATIŞI’ (KALE VURUŞU)
AV,AVUKAT (KISALTMA)
AV,SİKAR
AV,YABANİ HAYVAN YAKALAMA
AV,ŞİKAR
AV,ŞİKÂR
AVAL,"SAF, SERSEM"
AVAM,ALT TABAKA
AVAM,"ESKİDEN, ALT TABAKA"
AVAM,HALKIN AŞAĞI TABAKASI
AVAM,"SIRADAN İNSANLAR, HAVAS KARŞITI"
AVANAK,"APTAL, BÖN"
AVANAK,FAZLA BÖN
AVANAK,"FAZLA BÖN, ENAYİ"
AVANE,"YARDAKÇI, YARDIMCI"
AVANOS,NEVŞEHİR İLÇESİ
AVANS,ÖNDELİK
AVANTA,ARGODA EMEKSİZ KAZANÇ
AVANTA,EMEKSİZ KAZANÇ
AVAR,HALK DİLİNDE SEBZE BAHÇESİ
AVAR,KAFKASYALI
AVARA,GEMİNİN KIYIDAN AÇILMASI
AVARE,"AYLAK, BOŞ GEZEN"
AVARE,"BAŞIBOŞ, AYLAK"
AVAZ,"YÜKSEK SES, NARA"
AVAZ,"YÜKSEK SES, NARA, AVAZE"
AVCILAR,İSTANBUL İLÇESİ
AVE,SELAM ANLAMINDA LATİNCE SÖZCÜK
AVLU,"BİR YAPININ YA DA YAPI GRUBUNUN ARASINDA KALAN ÜSTÜ AÇIK, DUVARLA ÇEVRİLİ ALAN"
AVLU,EV BAHÇESİ
AVOKADO,AMERİKAN ARMUDU
AVRAT,"KARI, EŞ"
AVUNÇ,AVUNTU
AVUNÇ,"AVUNTU, TESELLİ"
AVUNÇ,TESELLİ
AVURT,YANAĞIN AĞIZ BOŞLUĞU
AVURT,YANAĞIN AĞIZ BOŞLUĞU HİZASINA GELEN BÖLÜMÜ
AVİ,HESAP SAHİPLERİNE BANKACA GÖNDERİLEN MEKTUP
AVİZE,SÜSLÜ TAVAN LAMBASI
AVŞA,MARMARA DENİZİNDE ADA
AVŞA,MARMARA DENİZİNDE TURİSTİK BİR ADA
AVŞA,MARMARA DENİZİ’NDE ADA
AY,DÜNYA'NIN UYDUSU
AY,DÜNYANIN UYDUSU
AY,KAMER
AY,‘EVET’ ANLAMINDA ÜNLEM
AYA,AVUÇ İÇİ
AYA,AYAK TABANI
AYA,HİTİTLERİN AKIL VE BİLGELİK TANRISI
AYAK,HALK EDEBİYATINDA UYAK
AYAK,HALK EDEBİYATINDA UYAĞA VERİLEN AD
AYAKKABI,"AYAK GİYECEĞİ, PAPUÇ"
AYAKKABI,PABUÇ
AYAL,"ERKEĞİN EŞİ, ZEVCE"
AYAL,"ESKİ DİLDE EŞ, ZEVCE"
AYAL,"ESKİ DİLDE EŞ, ZEVCE."
AYAN,"AÇIK, ORTADA"
AYAN,SENATO ÜYELERİ
AYANCIK,SİNOP İLÇESİ
AYANCIK,SİNOP'UN BİR İLÇESİ
AYAR,BİR AYGITIN GEREKEN İŞİ YAPABİLMESİ DURUMU
AYAR,DEĞER DERECESİ
AYAR,"DEĞER, DERECE"
AYAR,"MECAZEN DEĞER, DERECE"
AYAZ,"DURU, SAKİN HAVADA ÇIKAN SOĞUK"
AYAZ,KURU SOĞUK
AYAZMA,RUMLARCA KUTSAL PINAR
AYAŞ,ANKARA İLÇESİ
AYDAAKSEL,RESİMDEKİ OYUNCU
AYDAN,‘EGE ...’ (AKTÖR)
AYDER,RİZE İLİNDE YAYLA
AYDIN,BİR İLİMİZ
AYES,BEYAZ DEVE
AYET,KURAN CÜMLESİ
AYET,KURAN SURELERİNİ OLUŞTURAN CÜMLELERİN HER BİRİ
AYET,MÜSLÜMANLARIN KUTSAL KİTABI OLAN KURAN’IN HER BİR TÜMCESİNE VERİLEN AD
AYGIR,DAMIZLIK ERKEK AT
AYI,İRİ BİR HAYVAN
AYI,İRİ GÖVDELİ BİR HAYVAN
AYINGA,KAÇAK TÜTÜN
AYIRT,FARK
AYLA,"AY AĞILI, HALE"
AYM,ANAYASA MAHKEMESİ
AYMAZ,GAFİL
AYMAZ,"GÖZÜ BAĞLI, GAFİL"
AYN,ESKİ DİLDE GÖZ
AYN,GÖZ
AYNA,ARKASI SIRLI CAM
AYNA,BİSİKLETTE 'BÜYÜK DİŞLİ'
AYNA,GÖRÜNTÜYÜ YANSITAN SIRLI CAM
AYNAZ,BATAKLIK
AYNİ,MADDE OLARAK VERİLEN
AYNİ,MAL OLARAK VERİLEN
AYNİ,"PARA OLARAK DEĞİL, MADDE OLARAK VERİLEN"
AYNİYAT,ÖZDEK
AYRAÇ,PARANTEZ
AYRI,YERLERİ BİR OLMAYAN
AYRIK,"AYRI TUTULAN, MÜSTESNA"
AYSAR,DEĞİŞKEN HUYLU
AYTA,TUMTURAKLI KONUŞMA
AYÇA,HİLAL
AYÇABİNGÖL,RESİMDEKİ OYUNCU
AYİN,DİNSEL TÖREN
AYİN,DİNİ TÖREN
AYİNE,AYNA
AYİNE,AYNA (FARSÇA)
AYŞ,İÇKİ
AYŞECİK,BİR MEMDUH ÜN FİLMİ
AYŞEGÜLGÜNAY,RESİMDEKİ OYUNCU
AYŞENGRUDA,RESİMDEKİ AKTRİST
AYŞENGRUDA,RESİMDEKİ OYUNCU
AZ,AZERBAYCAN'IN PLAKASI
AZ,GEREKENDEN EKSİK
AZ,YETERSİZ
AZ,ÇOK OLMAYAN
AZ,‘ÇOK’ KARŞITI
AZA,"ORGAN, UZUV"
AZA,"ORGAN, ÜYE"
AZA,ÜYE
AZA,"ÜYE, ORGAN"
AZADE,"BAŞIBOŞ, SERBEST"
AZADE,"BAŞIBOŞ, SERBEST."
AZADE,"ÖZGÜR, SERBEST"
AZAMET,"BÜYÜKLÜK, ULULUK"
AZAMET,DEBDEBE
AZAMET,GURUR
AZAP,"BÜYÜK SIKINTI, EZİYET"
AZAP,"DİNSEL İNANIŞA GÖRE, BU DÜNYADA GÜNAH İŞLEMİŞ OLANLARA ÖTEKİ DÜNYADA VERİLECEK OLAN CEZA."
AZAP,EZİNÇ
AZAR,PAYLAMA
AZAT,SERBEST BIRAKMA
AZE,AZERBAYCAN'IN ÜLKE KODU
AZEB,ESKİ DİLDE EN TATLI
AZERİ,AZERBAYCAN TÜRK'Ü
AZERİ,AZERBAYCAN TÜRKÜ
AZERİ,AZERBAYCANLI
AZI,ÖĞÜTÜCÜ DİŞ
AZILI,AZGIN
AZILI,"GÖZÜ BİR ŞEYDEN YILMAYAN, AZGIN"
AZILI,"ÇOK ŞİDDETLİ, KORKUNÇ"
AZMA,"MELEZ, KIRMA"
AZMAK,BATAKLIK
AZMAK,"BATAKLIK. KÜÇÜK SU BİRİKİNTİSİ, GÖLCÜK"
AZNİF,BİR TÜR DOMİNO OYUNU
AZOT,NİTROJEN
AZOT,NİTROJEN ADIYLA DA BİLİNEN ELEMENT
AZOT,"RENGİ, KOKUSU, TADI OLMAYAN ELEMENT"
AZOİK,EN ESKİ JEOLOJİK SİSTEM
AZRA,MEDİNE-İ MÜNEVVERE'NİN BİR İSMİ
AZRA,‘... AKIN’ (AKTRİS)
AZİL,GÖREVDEN ALMA
AZİM,BİR İŞTEKİ ENGELLERİ YENME KARARLILIĞI
AZİM,ENGELLERİ YENME KARARI
AZİMET,GİDİŞ
AZİZ,ERMİŞ
AZİZ,MAĞLUP EDİLMESİ ASLA MÜMKÜN OLMAYAN
AZİZ,‘RUTKAY ...’ (AKTÖR)
AZİZİYE,ERZURUM İLÇESİ
AZİZİYE,ERZURUM'UN BİR İLÇESİ
AZİZİYE,"TEPESİ DAR, KENARLARI GENİŞ, KULAK HİZASINA DEĞİN UZANAN BASIK BİR FES TÜRÜ"
AÇ,"HARİS, GÖZÜ DOYMAZ"
AÇ,TOK OLMAYAN
AÇAR,ANAHTAR
AÇAR,HALK DİLİNDE ANAHTAR
AÇELYA,(... TOPALOĞLU) RESİMDEKİ OYUNCU
AÇELYA,GÜZEL RENKLİ ÇİÇEK AÇAN BİR BİTKİ
AÇELYA,ORMAN GÜLÜ
AÇI,BİRBİRİNİ KESEN İKİ YÜZEY YA DA AYNI NOKTADAN ÇIKAN İKİ YARIM DOĞRUNUN OLUŞTURDUĞU GEOMETRİK BİÇİM.
AÇI,ZAVİYE
AÇIK,"ENGELSİZ, SERBEST"
AÇIK,KAPALI OLMAYAN
AÇIKLAMALAR,İZAHAT
AÇIKTAN,BİR YERİN UZAĞINDAN
AÇIKÇA,KOLAY ANLAŞILIR BİÇİMDE
AÇILIM,YENİ BAKIŞ AÇISI GETİRME
AÇKI,ANAHTAR
AÇKİ,DEMİRCİLİKTE DELİK BÜYÜTMEKTE KULLANILAN ARAÇ
AÇMA,"BİR ÇEŞİT SUSAMSIZ, KALINCA YAĞLI SİMİT"
AÇMA,KALINCA YAĞLI ÇÖREK
AÇMA,YAĞLI ÇÖREK
AÇMAK,BİR ŞEYİN KAPAĞINI VEYA ÖRTÜSÜNÜ KALDIRMAK
AÇMAZ,İÇİNDEN ZOR ÇIKILIR DURUM
AĞA,ESKİDEN KÖY VE KASABALARDA ZENGİN VE NÜFUZ SAHİBİ KİŞİ
AĞA,KÖY ZENGİNİ
AĞAÇ,ÇOK YILLIK BİTKİ
AĞAÇ,‘... YAŞKEN EĞİLİR’ (ATASÖZÜ)
AĞI,"ZEHİR, SEM"
AĞIN,ELAZIĞ İLÇESİ
AĞLI,KASTAMONU İLÇESİ
AĞRI,04 PLAKALI İLİMİZ
AĞRI,BİR İLİMİZ
Aİ,ULUSLARARASI AF ÖRGÜTÜ
AİDAT,KESENEK
AİDAT,ÖDENTİ
AİDİYET,İLİŞKİNLİK
AİKİDO,BİR SAVUNMA SPORU
AİL,AİLESİNE BAKAN
AİL,AİLESİNE BAKAN. YOKSUL
AİLE,"ANNE, BABA VE KARDEŞLERDEN OLUŞAN TOPLULUK."
AİLE,"ANNE, BABA VE ÇOCUKLAR"
AİLE,EN KÜÇÜK SOSYAL BİRİM
AİLE,FAMİLYA
AİLECEK,BÜTÜN AİLE
AİLECEK,BÜTÜN AİLE BİRLİKTE
AİLECEK,"BÜTÜN AİLE BİRLİKTE, AİLECE"
AİLECEK,"BÜTÜN AİLE, AİLECE"
AİLEVİ,AİLE İLE İLGİLİ
AİNOS,EDİRNE’NİN ENEZ İLÇESİNİN ANTİK ADI
AİT,"İLGİLENDİREN, İLİŞKİN"
AİT,İLİŞKİN
AİT,"İLİŞKİN, DAİR"
AİT,"İLİŞKİN,DAİR"
AİT,İLİŞİK
AŞ,ANONİM ŞİRKET (KISACA)
AŞ,PİŞMİŞ YEMEK
AŞ,YEMEK
AŞ,"YEMEK, TAAM"
AŞA,AKŞAM VAKTİ
AŞA,AKŞAM YEMEĞİ
AŞA,"AŞIRI, FAZLA"
AŞAMA,"EVRE, MERHALE"
AŞAMA,MERHALE
AŞAMA,"RÜTBE, PAYE"
AŞAR,ONDALIK
AŞAR,İSTATİSTİK
AŞERAT,ONLUKLAR
AŞERAT,ONLUKLAR (ARAPÇA)
AŞEVİ,AŞHANE
AŞEVİ,LOKANTA
AŞEVİ,YEMEKHANE
AŞHANE,HALK DİLİNDE MUTFAK
AŞI,SEYRELTİLMİŞ MİKROP
AŞI,VÜCUDU HASTALIKTAN KORUYAN ERİYİK
AŞIK,HALK OZANI
AŞK,SEVDA
AŞK,SEVİ
AŞMAK,BİR ENGELİ GEÇMEK VEYA BİR ZORLUĞU YENMEK
AŞMAK,GEÇMEK
AŞURE,KURU YEMİŞ DE KONULAN BİR TÜR TATLI
AŞURE,"TAHILLAR, MEYVELER, KURU MEYVELER VE KURUYEMİŞLERDEN OLUŞAN"
AŞİKAR,"APAÇIK, BELLİ"
AŞİKAR,"APAÇIK, MEYDANDA"
AŞİNA,"BİLDİK, TANIDIK"
AŞİNA,"TANIDIK, BİLDİK"
AŞİRET,OYMAK
AŞİYAN,KUŞ YUVASI
BA,BARYUM (SİMGE)
BA,BARYUM (SİMGESİ)
BA,BARYUM SİMGESİ
BA,BARYUMUN SİMGESİ
BA,KULAK (ESKİ DİL)
BAB,"BABA, ŞEYH, ÖNDER"
BAB,KAPI
BAB,KAPI (ESKİ DİL)
BABA,'YILMAZ GÜNEY' FİLMİ
BABA,ÇOCUĞU OLAN ERKEK
BABATORİK,(ARGO) ERKEKLİK ORGANI
BABAYANİ,GÖSTERİŞİ VE ÖZENTİSİ OLAN
BABAYANİ,GÖSTERİŞİ VE ÖZENTİSİ OLMAYAN
BABAÇ,ERKEK KÜMES HAYVANLARININ EN İRİ VE YAŞLI OLANI
BABAÇ,KÜMES HAYVANLARININ EN YAŞLI VE İRİ OLANI
BABAÇ,YAŞLI ERKEK KÜMES HAYVANI
BABAÇKO,"GÜÇLÜ VE GÖSTERİŞLİ, İRİ YARI KADIN"
BABAÇKO,"GÜÇLÜ, GÖSTERİŞLİ, İRİ YARI KADIN"
BABAÇKO,İRİ YARI GÖSTERİŞLİ KADIN
BABIALİ,YÜKSEK KAPI
BABIALİ,İSTANBUL'DA BİR SEMT
BACA,DUMAN YOLU
BACA,DUMANI OCAKTAN ÇEKİP HAVAYA VEREN YOL
BACAK,OYUN KAĞIDINDA VALE
BACAK,"İSKAMBİLDE ‘OĞLAN,VALE’"
BACAK,"İSKAMBİLDE ‘VALE, OĞLAN’"
BACAK,İSKAMBİLDE ‘VALE’
BACAK,"İSKAMBİLDE‘ OĞLAN,VALE’"
BACAKKALEMİ,KAVAL KEMİĞİ
BAD,RÜZGAR
BAD,"RÜZGAR, YEL"
BAD,"RÜZGAR, YEL, HAVA, NEFES."
BAD,"YEL, RÜZGAR"
BADANA,DUVAR BOYAMAK
BADANA,DUVAR BOYASI
BADANA,DUVARLARI BOYAMAK İÇİN KULLANILAN SULANDIRILMIŞ KİREÇ VEYA BOYA
BADANA,"KARŞILIKSIZ, PARASIZ"
BADAS,HARMAN DÖKÜNTÜSÜ
BADAS,"HARMAN KALDIRILDIKTAN SONRA YERDE KALAN TOPRAK, ÇÖP VE SAMANLA KARIŞIK TAHIL TANELERİ"
BADAT,BİLEŞİKGİLLERDEN ŞEKERİ ÇOK BİR TÜR YER ELMASI
BADAT,BİR TÜR YER ELMASI
BADE,ŞARAP
BADE,‘... İŞÇİL’ (AKTRİS)
BADEHU,ONDAN SONRA
BADEMA,BUNDAN BÖYLE
BADEİŞÇİL,RESİMDEKİ OYUNCU
BADUL,LAPA LAPA YAĞAN KAR
BADYA,"AĞZI GENİŞ, YAYVAN, BÜYÜKÇE SU KABI"
BADYA,YAYVAN SU KABI
BADİ,HALK DİLİNDE ÖRDEK
BADİ,ÖRDEK (HALK AGZI)
BAE,BİRLEŞİK ARAP EMİRLİKLERİ
BAE,BİRLEŞİK ARAP EMİRLİKLERİ’NİN KISA YAZILIŞI
BAFRA,SAMSUN İLÇESİ
BAFRA,SAMSUN'UN BİR İLÇESİ
BAGAJ,YOLCU YÜKÜ
BAGET,BATERİ SOPASI
BAGET,DİKDÖRTGEN BİÇİMİNDE DEĞERLİ TAŞ
BAGET,"TIRAŞLANMIŞ, DİKDÖRTGEN BİÇİMİNDE DEĞERLİ TAŞ"
BAHANE,SÖZDE SEBEP
BAHANE,UYDURMA SEBEP
BAHAR,BİR MEVSİM
BAHAR,"İLKBAHAR MEVSİMİ, ÇİÇEKLERİN AÇTIĞI DÖNEM"
BAHARİYE,BAHAR TASVİRİYLE BAŞLAYAN
BAHARİYE,BAHAR TASVİRİYLE BAŞLAŞAN KASİDE
BAHAT,"SUÇ, KUSUR"
BAHSEDİLMEK,BAHSETME İŞİNE KONU OLMAK
BAHT,TAYLAND’IN PARA BİRİMİ
BAHT,YAZGI
BAHT,ŞANS
BAHİS,KONU
BAHİS,ÜZERİNDE KONUŞULAN KONU
BAHŞİŞ,RAMAZAN DAVULCULARININ MAAŞI
BAKALİT,BİR TÜR YAPAY REÇİNE
BAKALİT,YAPAY REÇİNE
BAKALİT,YAPAY REÇİNE.(FORMALDEHİT İLE FENOLÜN YOĞUNLAŞMASI SONUCU ELDE EDİLİR.)
BAKAN,"VEKİL, NAZIR"
BAKAN,"VEKİL,NAZIR"
BAKAYA,KALINTILAR
BAKAÇ,DÜRBÜN
BAKI,FAL
BAKKAL,KÜÇÜK MARKET
BAKKAL,"YİYECEK, İÇECEK SATAN KİMSE"
BAKLA,BİR ZİNCİRİ OLUŞTURAN HALKA YA DA PARÇALARDAN HER BİRİ
BAKLAN,DENİZLİ İLÇESİ
BAKRAÇ,BAKIR KÜÇÜK KOVA
BAKRAÇ,BAKIRDAN KÜÇÜK KOVA
BAKTERİ,GÖZLE GÖRÜLEMEYEN KÜÇÜK CANLI?
BAKTERİ,HASTALIKLARA YOL AÇAN CANLI
BAKTERİ,TEK HÜCRELİ CANLI
BAKÜ,AZERBAYCAN'IN BAŞKENTİ
BAKÜ,AZERBAYCAN IN BAŞKENTİ
BAKÜ,AZERBAYCANIN BAŞKENTİ
BAKÜ,AZERBAYCAN’ IN BAŞKENTİ
BAKÜ,AZERBAYCAN’IN BAŞKENTİ
BAKİ,FAL
BAKİ,KALICI
BAKİ,KALICI OLAN
BAKİ,SÜREKLİ
BAKİ,"VARLIĞININ SONU BULUNMAYAN, EBEDİ OLAN"
BAKİYE,"ARTIK, KALAN"
BAKİYE,KALINTI
BAL,ARILAR YAPAR
BAL,ARININ YAPTIĞI BESİN
BAL,TATLI BİR BESİN
BAL,İNCİRDEN SIZAN SIVI
BALA,ANKARA İLÇESİ
BALA,YAVRU
BALA,"YAVRU, ÇOCUK"
BALAK,HAYVAN YAVRUSU
BALAMA,ORTA OYUNUNDA RUM TİPİ
BALAMA,"ORTA OYUNUNDA, KARAGÖZDE RUM TİPİ"
BALANS,"DENGE, ÖLÇÜ"
BALAST,"DEMİRYOLLARINDA TRAVERSLERİN ALTINA, ŞOSELERDE DÜZELTİLMİŞ TOPRAK ÜZERİNE DÖŞENEN TAŞ KIRIKLARI"
BALAST,"DEMİRYOLLARINDA TRAVERSLERİN ALTINA, ŞOSELERDE DÜZELTİLMİŞ TOPRAK ÜZERİNE DÖŞENEN TAŞ KIRIKLARI."
BALAST,DENİZCİLİKTE SAFRA
BALAST,RAYLARA DÖŞENEN TAŞ KIRIKLARI
BALAST,TOPRAK ÜZERİNE DÖŞENEN TAŞ KIRIKLARI
BALAT,İSTANBUL’DA TARİHİ BİR SEMT
BALATA,OTOLARDA FREN PARÇASI
BALBOA,PANAMA PARA BİRİMİ
BALE,"BELLİ HAFİF FİGÜRLERE, ADIM ATIŞLARA, MÜZİĞE DAYALI GÖSTERİ TÜRÜ"
BALE,"BELLİ HAFİF FİGÜRLERE, ADIM ATIŞLARA, ÇOĞUNLUKLA SAHNE DÜZENİNE VE MÜZİĞE DAYALI GÖSTERİ TÜRÜ"
BALE,MÜZİKLİ SAHNE GÖSTERİSİ
BALO,ÖZEL KIYAFETLİ GECE EĞLENCESİ
BALSAM,KOKULU AĞAÇ REÇİNESİ
BALYA,BALIKESİR İLÇESİ
BALYA,ÇEMBER VE DEMİR TELLERLE BAĞLANMIŞ TİCARET EŞYASI
BALYOZ,BÜYÜK ÇEKİÇ
BALİ,ENDONEZYA DA ADA
BALİ,ENDONEZYADA ADA
BALİ,ENDONEZYA’ DA ADA
BALİ,ENDONEZYA’DA ADA
BALİNA,KADIRGA BALIĞI
BALİNA,MEMELİ BİR DENİZ HAYVANI
BAM,SAZIN EN KALIN TELİ
BAMBU,"HİNT KAMIŞI, HEZAREN"
BAMTELİ,SAZIN EN KALIN TELİ
BAN,MACAR PRENSİ
BAN,OSMANLILARDA SANCAK BEYLERİNE VERİLEN UNVAN
BANAK,"EKMEK PARÇASI, LOKMA"
BANAL,"BAYAĞI, SIRADAN"
BANAL,"HERKESİN KULLANDIĞI, HERKESİN ANLADIĞI"
BANAZ,UŞAK İLÇESİ
BANDO,MIZIKACILAR TOPLULUĞU
BANDO,ÇALGILARDAN OLUŞAN MÜZİK TOPLULUĞU
BANDROL,DENETİM PULU
BANKA,PARA İŞLEMLERİ YAPAN KURULUŞ
BANKET,ASFALT KENARINDAKİ TOPRAK YOL
BANKET,ŞEHİRLERARASI YOLLARIN İKİ TARAFINDA YAYALARIN YÜRÜMESİNE VE TAŞITLARIN TRAFİĞİ AKSATMADAN DURABİLMESİNE YARAYAN ÇAKIL VEYA TOPRAK YOL
BANLİYÖ,KENT CİVARI YERLEŞİM
BANT,DÜZ VE ENSİZ BAĞ
BANT,YAPIŞKANLI BİR ŞERİT VEYA KASET
BANT,İLAÇLI KÜÇÜK ŞERİT
BANU,"HANIM, HATUN, PRENSES"
BANİ,KURUCU
BANİ,KURUCU KİMSE
BANİ,"KURUCU, BİNA İNŞA EDEN"
BAP,"KONU, HUSUS"
BAR,HALTERDE KALDIRILMASI GEREKEN ALET
BAR,HAVA BASINCI BİRİMİ
BAR,HAVA BASINÇ BİRİMİ
BARAK,BİR CİNS TÜYLÜ AV KÖPEĞİ
BARAK,TÜYLÜ AV KÖPEĞİ
BARAK,"TÜYLÜ, KILLI ÇUHA"
BARAKA,EĞRETİ YAPI
BARAKA,TEMELSİZ EĞRETİ YAP
BARAKA,"TEMELSİZ, EĞRETİ YAPI"
BARAN,YAĞMUR
BARATA,KARDİNAL BAŞLIĞI
BARBAR,KABA VE KIRICI
BARBEKÜ,AÇIK HAVADA IZGARA VEYA KIZARTMA YAPMAYA YARAYAN OCAK
BARBEKÜ,ŞÖMİNE
BARDA,FIÇICI KESERİ
BAREM,MEMUR MAAŞ ÇİZELGESİ
BARET,GENELLİKLE İŞÇİLERİN GİYDİĞİ KORUYUCU BAŞLIK
BARET,GENELLİKLE İŞÇİLERİN GİYDİĞİ KORUYUCU BAŞLIK.
BARET,KORUYUCU BAŞLIK
BARET,KORUYUCU BİR BAŞLIK
BARFİKS,BİR JİMNASTİK ARACI
BARK,"EV HALKI, ÇOLUK ÇOCUK"
BARK,ORTA ASYA’DA ESKİ TÜRK MEZARLARININ ÜZERİNDEKİ TÜRBE TÜRÜ YAPILARA VERİLEN AD
BARKA,BÜYÜK SANDAL
BARKOD,ELEKTRONİK ETİKET
BARO,AVUKATLAR BİRLİĞİ
BARO,AVUKATLARIN BAĞLI OLDUĞU
BARO,AVUKATLARIN BAĞLI OLDUĞU KURULUŞ
BARO,AVUKATLARIN BAĞLI OLDUĞU MESLEK KURULUŞU
BARO,AVUKATLARIN MESLEK ÖRGÜTÜ
BAROMETRE,BASINÇ ÖLÇER
BAROMETRE,BASINÇÖLÇER
BAROMETRE,"HAVA BASINCINI VE DOLAYISIYLA BİR YERİN YÜKSEKLİĞİNİ ÖLÇEN ALET, BASINÇ ÖLÇER"
BARİ,KEŞKE
BARİ,İTALYA’DA BİR KENT
BARİKAT,YOLA YAPILAN ENGEL
BARİZ,"BELİRGİN, AÇIK"
BARİZ,"KESİN, BELİRGİN"
BAS,EN KALIN ERKEK SESİ
BASAK,HALK DİLİNDE MERDİVEN
BASAK,MERDİVEN (HALK AĞZI)
BASAMAK,"DERECE, AŞAMA"
BASAMAK,"DERECE, AŞAMA, KERTE"
BASAR,MERDİVENİN AYAKLA BASILAN YÜZEYİ
BASE,KISA BACAKLI KÖPEK CİNSİ
BASEN,BEL VE KALÇA ARASI
BASKİL,ELAZIĞ İLÇESİ
BASMA,BİR İSKAMBİL OYUNU
BASMA,"DESENLİ, PAMUKLU KUMAŞ"
BASMA,PAMUKLU KUMAŞ
BASİL,FESLEĞEN
BASİL,ÇOMAK BİÇİMİNDE BAKTERİ
BASİRET,SAĞGÖRÜ
BAT,BİR TAKOZ TÜRÜ
BAT,BİR TÜR TAKOZ
BAT,UCU SİVRİ BİR TAKOZ TÜRÜ
BAT,ŞİMŞİRDEN BORU AÇMA TAKOZU
BATAK,BİR İSKAMBİL OYUNU
BATAK,ÇAMURLAŞMIŞ TOPRAK
BATAR,ZATÜREE
BATAR,ZATÜRRE
BATAR,ZATÜRREE
BATERİ,ORKESTRADA VURMALI ÇALGILAR TAKIMI
BATERİ,"ORKESTRADA, DAVUL"
BATERİ,VURMALI ÇALGI TAKIMI
BATI,ANAYÖNLERDEN BİRİ
BATI,DOĞU KARŞITI
BATI,GARP
BATIL,BOŞ İNANÇ
BATIL,"BOŞ, ÇÜRÜK, YANLIŞ"
BATIL,İNANÇLAR BAKIMINDAN GERÇEK OLMAYAN
BATMA,İFLAS ETME
BATMAN,BİR İLİMİZ
BATTAL,ALIŞILMIŞ OLANDAN BÜYÜK
BAV,HAYVANI AVCILIĞA ALIŞTIRMA
BAY,ADAM
BAY,ERKEK
BAYATİ,TÜRK MÜZİĞİNDE BİR MAKAM
BAYATİBUSELİK,"BAYATİ MAKAMININ, BUSELİKLE TAMAMLANMASI"
BAYATİBUSELİK,KLASİK TÜRK MÜZİĞİ MAKAMI
BAYLA,"VARLIKLI, REFAH İÇİNDE"
BAYLA,"VARLIKLI, REFAH İÇİNDE OLAN"
BAYİ,BAZI MADDELERİ SATMA İZNİ OLAN DÜKKAN
BAYİ,"BELİRLİ MADDELERİ SATMA İZNİ OLAN KİMSE, DÜKKAN YA DA KURULUŞ"
BAYİ,DÜKKÂN VEYA KURULUŞ
BAYİ,SATICI
BAYİ,ÜRÜN SATMA İZNİ OLAN DÜKKAN
BAZ,BİR ASİTLE BİRLEŞİNCE BİR TUZ OLUŞTURAN MADDE
BAZ,"MECAZEN, TABAN"
BAZ,TEMEL
BAZA,MOBİLYA KASASI
BAZA,YATAĞIN BOŞ BÖLMESİ
BAZA,YATAĞIN YERDEN YÜKSEK OLMASINI SAĞLAYAN YA DA SANDIK OLARAK KULLANILAN BOŞ BÖLMESİ.
BAZI,"BİRTAKIM, KİMİ"
BAZUKA,ROKET ATAR
BAZUKA,ROKETATAR
BAZİLİKA,KRAL SARAYI
BAÇ,HARAÇ
BAÇ,OSMANLI'DA GÜMRÜK VERGİSİ
BAÇ,"ZORLA ALINAN PARA, HARAÇ"
BAĞ,ASMALIK
BAĞ,ÜZÜM BAHÇESİ
BAĞA,DENİZ KAPLUMBAĞASININ KABUĞU
BAĞA,KAPLUMBAĞA KABUĞU
BAĞCI,ÜZÜM YETİŞTİREN
BAĞDAŞTIRMA,BAĞDAŞTIRMAK İŞİ
BAİRE,SÜRÜLMEMİŞ SERT TOPRAK
BAŞ,"SER, KAFA"
BAŞARI,MUVAFFAKİYET
BAŞKA,"BİLİNENDEN AYRI, FARKLI, ÖZGE"
BAŞKA,"BİLİNENDEN AYRI, FARKLI,ÖZGE"
BDT,BAĞIMSIZ DEVLETLER TOPLULUĞU
BE,BERİLYUM (SİMGE)
BE,BERİLYUM (SİMGESİ)
BE,BERİLYUM SİMGESİ
BE,BERİLYUM'UN SİMGESİ
BEBEK,ÇOCUKLARIN OYNADIĞI OYUNCAK
BEBEK,ÇOCUKLARIN OYNADIĞI OYUNCAK?
BECERİ,"USTALIK, MAHARET"
BEDAVA,"KARŞILIKSIZ, PARASIZ"
BEDAYİ,GÜZEL VE FAYDALI ŞEYLER
BEDDUA,İLENME
BEDDUA,"İLENME, İLENÇ, AH"
BEDEL,BİR ŞEYİN YERİNİ TUTAN KARŞILIK
BEDEL,"DEĞER, FİYAT"
BEDEL,"FİYAT, KIYMET, DEĞER"
BEDEVİ,ÇÖLDE YAŞAYAN GÖÇEBE
BEDNAM,ADI KÖTÜYE ÇIKMIŞ KİMSE
BEDNAM,"KÖTÜ ÜN KAZANAN, KÖTÜLÜĞÜ İLE DİLLERE DÜŞEN"
BEGÜM,HİNT PRENSESİ
BEHER,HER BİR
BEJ,BİR RENK
BEK,FUTBOLDA SAVUNMA OYUNCUSU
BEK,HAVAGAZI LAMBASININ UCU
BEK,SAVUNMA OYUNCUSU
BEKA,KALICILIK
BEKA,"KALICILIK, ÖLMEZLİK"
BEKA,"KALICILIK, ÖLÜMSÜZLÜK"
BEKA,ÖLÜMSÜZLÜK
BEKAR,EVLENMEMİŞ KİMSE
BEKAR,EVLENMEMİŞ OLAN
BEKÇİ,KORUMA GÖREVLİSİ
BEKİLLİ,DENİZLİ İLÇESİ
BEKİLLİ,DENİZLİ'NİN BİR İLÇESİ
BEL,BİR TARIM ALETİ
BEL,"BİR TARIM ALETİ, GEMİNİN ORTA BÖLÜMÜ"
BEL,DAĞ SIRTLARINDA GEÇİT VEREN
BEL,DAĞ SIRTLARINDA GEÇİT VEREN ÇUKUR
BEL,DAĞ SIRTLARINDA GEÇİT VEREN ÇUKUR YER
BELA,HAK EDİLEN CEZA
BELA,SAKINCALI DURUM
BELAGAT,RETORİK
BELAGAT,SÖZLE İNANDIRMA YETENEĞİ
BELAGAT,İYİ KONUŞMA
BELEN,DAĞ GEÇİDİ
BELEN,HATAY İLÇESİ
BELEN,HATAY'IN BİR İLÇESİ
BELGİT,SENET
BELKİ,"OLABİLİR Kİ, MUHTEMEL OLARAK"
BELKİ,"OLABİLİR, MUHTEMEL OLARAK"
BELLEK,HAFIZA
BELLİ,"BİLİNMEDİK BİR YANI OLMAYAN, MALUM"
BELLİ,MALUM
BELİRTİ,"ALAMET, NİŞAN"
BELİRTİ,EMARE
BEMOL,BİR NOTA İŞARETİ
BEN,EGO
BEN,KUŞUN YAVRUSUNA TAŞIDIĞI YEM
BEN,TEKİL BİRİNCİ KİŞİ
BEN,"TENDE BULUNAN UFAK LEKE, KABARTI"
BENEK,KÜÇÜK LEKE VEYA NOKTA
BENEK,"PUAN, NOKTA"
BENEKLİ,BENEKLERİ BULUNAN
BENEKLİ,UFAK LEKELERİ BULUNAN
BENSUSORAL,RESİMDEKİ OYUNCU
BENT,KÜÇÜK BARAJ
BENT,SU AKINTISINI KESMEK İÇİN YAPILMIŞ SET
BENİBEŞER,İNSAN
BENİN,AFRİKADA BİR ÜLKE
BENİN,AFRİKA’DA BİR ÜLKE
BER,ÇOK PARLAK
BERAAT,AKLANMA
BERAT,BİR BULUŞUN VE KULLANIM HAKKININ KİME AİT OLDUĞUNU GÖSTEREN BELGE
BERAT,PATENT
BERAYA,ESKİ DİLDE HALK
BERBER,SAÇ VE SAKAL KESİMİ YAPAN
BERE,SİPERSİZ BAŞLIK
BEREKET,"BOLLUK, FEYEZAN"
BEREKET,"BOLLUK, GÜRLÜK"
BERENSAAT,RESİMDEKİ OYUNCU
BERK,SAĞLAM
BERK,"SERT, KATI"
BERK,‘İLHAN ...’ (UNUTULMAZ ŞAİR)
BERKAYATEŞ,RESİMDEKİ OYUNCU
BERKOKTAY,RESİMDEKİ OYUNCU
BERLİN,ALMANYA BAŞKENTİ
BERLİN,ALMANYANIN BAŞKENTİ
BERLİN,ALMANYA’NIN BAŞKENTİ
BERN,İSVİÇRE'NİN BAŞKENTİ
BERN,İSVİÇRENİN BAŞKENTİ
BERN,İSVİÇRE’NİN BAŞKENTİ
BERRAK,"DURU, TEMİZ"
BERRİNARISOY,RESİMDEKİ OYUNCU
BERİBERİ,B VİTAMİNİ EKSİKLİĞİNDEN İLERİ GELEN BİR HASTALIK
BERİBERİ,B VİTAMİNİ EKSİKLİĞİNDEN İLERİ GELEN HASTALIK
BERİBERİ,BİR HASTALIK
BERİLKAYAR,RESİMDEKİ OYUNCU
BESA,ARNAVUT YEMİNİ
BESNİ,ADIYAMAN İLÇESİ
BESNİ,ADIYAMAN'IN BİR İLÇESİ
BESTE,ESERİ OLUŞTURAN EZGİLER
BESTE,SÖZLERE MÜZİK EKLEYEREK YAPILAN MÜZİK ESERİ
BESİ,"BESLEME, SEMİRTME"
BET,"YÜZ, ÇEHRE, BENİZ"
BETA,BİR IŞIMA ADI (FİZİK)
BETA,BİR TÜR SÜS BALIĞI
BETER,DAHA KÖTÜ
BETİ,FİGÜR
BETİ,RESİM VE HEYKEL SANATLARINDA VARLIKLARIN BİÇİMİ
BETİ,RESİM VE HEYKEL SANATLARINDA VARLIKLARIN BİÇİMİ -
BETİK,"TEZKERE, PUSULA"
BEY,ERKEK ADLARINDAN SONRA KULLANILAN SAYGI SÖZÜ
BEY,"İSKAMBİLDE BİRLİ, AS"
BEYANAT,"BİLDİRİ, DEMEÇ"
BEYANAT,DEMEÇ
BEYANAT,"DEMEÇ, BİLDİRİ"
BEYAZ,BİR RENK
BEYGİR,AT
BEYLİKOVA,ESKİŞEHİR İLÇESİ
BEYLİKOVA,ESKİŞEHİR'İN BİR İLÇESİ
BEYTÜŞŞEBAP,ŞIRNAK'IN BİR İLÇESİ
BEZ,BİR DOKUMA CİNSİ
BEZ,PAMUKTAN DÜZ DOKUMA
BEZ,ÇAPUT
BEZE,"HAMUR TOPAĞI, PAZI"
BEZEK,SÜS
BEZEK,"SÜS, ZİYNET"
BEZEME,SÜSLEME
BEZİR,KETEN TOHUMU
BEÇE,ESİR ÇOCUK
BEİS,"ENGEL, UYMAZLIK"
BEİS,"ENGEL, UYMAZLIK."
BEŞ,BİR SAYI
BEŞERİ,"İNSANA AİT OLAN, İLAHÎ OLMAYAN"
BEŞERİ,İNSANOĞLU İLE İLGİLİ
BEŞİKTAŞ,İSTANBUL İLÇESİ
BG,BULGARİSTANIN PLAKA İŞARETİ
BG,BULGARİSTAN’IN PLAKA İŞARETİ
BG,BULGARİSTAN’IN PLAKASI
BH,BELİZE PLAKASI
BH,BOHRİYUMUN SİMGESİ
BIÇAK,MUTFAKTA KULLANILAN KESİCİ ALET?
BJK,BEŞİKTAŞ JİMNASTİK KULÜBÜ (KISALTMA)
BK,BERKELYUM (SİMGESİ)
BK,BERKELYUM SİMGESİ
BK,BERKELYUMUN SİMGESİ
BKZ,BAKINIZ (KISACA)
BL,BELARUS PLAKASI
BL,BÖLÜK (KISACA)
BLASTULA,MORULA (BİYOLOJİ)
BLAZER,KRUVAZE SPOR CEKET
BLAZER,LACİVERT KUMAŞTAN VEYA GRİ FLANELDEN YAPILMA DÜZ VEYA KRUVAZE SPOR CEKET
BLOK,KOCAMAN VE AĞIR KİTLE
BLOK,KOCAMAN VE AĞIR KİTLE.
BLOK,VOLEYBOLDA BİR OYUN
BLOKE,KULLANILMASI ÖNLENMİŞ
BLOKE,"KULLANILMASI ÖNLENMİŞ, EL KONULMUŞ"
BLUM,BİR TÜR İSKAMBİL OYUNU
BLUM,BİR İSKAMBİL OYUNU
BLUZ,BİR KADIN GİYSİSİ
BLUZ,KADINLARIN GİYDİĞİ ÜST GİYSİ
BLÖF,ALDATICI TAVIR
BLÖF,ALDATMA TAVIR
BM,BİRLEŞMİŞ MİLLETLER
BN,BRUNEİ ÜLKE KODU
BO,SÜMERLERDE SAĞLIK TANRIÇASI
BOA,BOYUN KÜRKÜ
BOA,ZEHİRSİZ İRİ BİR YILAN
BOA,ÇOK İRİ ZEHİRSİZ BİR YILAN
BOA,İRİ BİR YALAN
BOB,‘... DYLAN’ (ŞARKICI)
BOBİN,MAKARA
BOCA,GEMİNİN RÜZGAR ALMAYAN YANI
BODUR,"KISA BOYLU, BASIK"
BOHEM,"DERBEDER, BAŞIBOŞ YAŞAYIŞ"
BOKS,YUMRUK OYUNU
BOKS,İKİ KİŞİ ARASINDA ELLE YAPILAN DÖVÜŞ SPORU
BOL,"ALIŞILANDAN ÇOK, KIT KARŞITI"
BOL,KIT KARŞITI
BOL,"ÖZEL BİR CAM KAP İÇİNDE LİKÖR, ŞARAP, MEYVE VE MADEN SUYU KARIŞTIRILARAK HAZIRLANAN İÇKİYE VERİLEN AD"
BOLERO,AĞIR RİTİMLİ BİR İSPANYOL DANSI
BOLERO,KISA KADIN CEKETİ
BOLU,BİR İLİMİZ
BOLİÇE,YAHUDİ KADINI
BOMBE,KABARIKLIK
BONE,BİR TÜR BAŞLIK
BONE,BİR TÜR ŞAPKA
BONE,SUDA GİYİLEN BAŞLIK
BONE,YÜZÜCÜ BAŞLIĞI
BONMARŞE,BÜYÜK MAĞAZA
BONSAİ,BODUR AĞAÇ
BOR,NİĞDE İLÇESİ
BOR,"İŞLENMEMİŞ, EKİLMEMİŞ TOPRAK"
BORA,SERT VE GEÇİCİ YEL
BORAKS,SODYUM TUZU
BORANİ,PİRİNÇLİ SEBZE YEMEĞİ
BORNOVA,İZMİR İLÇESİ
BORNOVA,İZMİR'İN BİR İLÇESİ
BOT,KÜÇÜK GEMİ
BOT,KÜÇÜK SANDAL
BOT,UZUN KONÇLU AYAKKABI
BOT,"UZUN KONÇLU, KAPALI AYAKKABI"
BOT,"UZUNKONÇLU, KAPALI AYAKKABI"
BOY,"KABİLE, KLAN"
BOYA,ALDATICI GÖRÜNÜŞ (MECAZ)
BOYA,NESNELERİN YÜZEYİNE RENK VEREN MADDE
BOYA,REK VEREN MADDE
BOYA,RENK VEREN MADDE
BOYABAT,SİNOP İLÇESİ
BOYLU,BOYU BENZERLERİNDEN UZUN OLAN
BOZ,AÇIK TOPRAK RENGİ
BOZ,"KÜL RENGİ, GRİ"
BOZA,TAHILLA YAPILAN TATLI İÇECEK
BOZKIR,KONYA İLÇESİ
BOZKIR,KONYA'NIN BİR İLÇESİ
BOZOVA,ŞANLIURFA İLÇESİ
BOZOVA,ŞANLIURFA'NIN BİR İLÇESİ
BOŞ,DOLU KARŞITI
BR,BREZİLYA’NIN PLAKA İŞARETİ
BR,BROM (SİMGE)
BR,BROM SİMGESİ
BRAD,‘... PİTT’ (AKTÖR)
BRAK,KISA TÜYLÜ BİR AV KÖPEĞİ CİNSİ
BRANDA,SU GEÇİRMEZ KALIN BEZ
BRANÇ,KUŞLUK YEMEĞİ
BRANÇ,SABAHLA ÖĞLE ARASI YEMEĞİ
BRANŞ,"DAL, KOL, ALAN"
BRANŞ,"KOL, DAL"
BRANŞ,"KOL, DAL, ŞUBE"
BRAVO,AFERİN
BRAVO,"YAŞA, VAR OL"
BRE,"EY, HEY"
BRE,"‘EY, HEY’ ANLAMINDA ÜNLEM"
BREŞ,BİR TÜR YAPAY MERMER
BREŞ,BİR ÇAKIL TAŞI TÜRÜ
BREŞ,YAPAY MERMER
BRN,BAHREYNİN PLAKA İŞARETİ
BRN,BAHREYN’İN PLAKA İŞARETİ
BROKER,BORSA SİMSARI
BROKOLİ,BİR SEBZE
BROKOLİ,KÜÇÜK YEŞİL YUMRULAR HALİNDEKİ SEBZE
BROM,ZEHİRLİ SIVI BİR ELEMENT
BRONZ,BİR ALAŞIM
BROŞ,SÜS İĞNESİ
BRÖVE,DİPLOMA
BRÖVE,"DİPLOMA, ŞAHADETNAME"
BRÖVE,PİLOT YETERLİK BELGESİ
BRÜKSEL,BELÇİKA'NIN BAŞKENTİ
BRÜKSEL,BELÇİKANIN BAŞKENTİ
BRÜKSEL,BELÇİKA’NIN BAŞKENTİ
BRÜT,KESİNTİSİZ PARA
BRİK,TOP TAŞIYAN GEMİ
BRİK,"İKİ DİREKLİ, SEREN YELKENLİ, BİRKAÇ TOP TAŞIYAN GEMİ"
BRİKET,BİR YAPI MALZEMESİ
BRİKET,"LİNYİT, KÖMÜR TOZU VE KATRAN TORTUSUNDAN BASINÇLA ELDE EDİLEN, TUĞLA BİÇİMLİ YAPI MALZEMESİ"
BRİKET,TUĞLA BİÇİMLİ YAPI MALZEMESİ
BRİT,BİR DÜĞMEYİ YADA KOPÇAYI TUTMAYA YARAYAN HALKACIK
BRİT,KOPÇA HALKASI
BSE,TIPTA DELİ DANA HASTALIĞININ KISA YAZILIŞI
BU,BİR İŞARET SIFATI
BU,ESKİ DİLDE KOKU
BU,İŞARET ZAMİRİ
BUAT,ELEKTRİK KUTUSU
BUBİ,BOMBA TUZAĞI
BUCA,İZMİR İLÇESİ
BUCAK,BURDUR İLÇESİ
BUCAK,NAHİYE
BUKET,ÇİÇEK DEMETİ
BUKET,‘... UZUNER’ (YAZAR)
BUKETUZUNER,ÜNLÜ BİR YAZAR
BUL,BİR TÜR TAHTA
BUL,IKİ GENİŞ YÜZÜ TESTERE İLE DÜZELTİLMİŞ TAHTA
BULA,HALK DİLİNDE YENGE ANLAMINDA KULLANILAN SÖZCÜK
BULAMA,BİR TÜR KOYU PEKMEZ
BULAMA,KOYU PEKMEZ
BULANCAK,GİRESUN İLÇESİ
BULANCAK,GİRESUN'UN BİR İLÇESİ
BUN,SIKINTI
BUN,SIKINTILI
BUNALTI,"SIKINTI, İÇ SIKINTISI"
BURAK,.....ÖZÇİVİT' (AKTÖR)
BURAK,CENNETE MAHSUS BİR BİNEK
BURAK,‘... SERGEN’ (AKTÖR)
BURAKDENİZ,RESİMDEKİ OYUNCU
BURAKÖZÇİVİT,RESİMDEKİ OYUNCU
BURCUÖZBERK,RESİMDEKİ OYUNCU
BURDUR,BİR İLİMİZ
BURHANİYE,BALIKESİR'İN BİR İLÇESİ
BURS,ÖĞRENCİ YARDIMI
BURS,ÖĞRENİM PARASI
BURSA,BİR İLİMİZ
BURU,DOĞUM SANCISI
BURU,HALK DİLİNDE SANCI
BURÇ,KALE KULESİ
BUSEMERAL,RESİMDEKİ OYUNCU
BUSEVAROL,RESİMDEKİ OYUNCU
BUYOT,SICAK SU TORBASI
BUZ,DONARAK KATI DURUMA GELMİŞ SU
BUZ,DONARAK KATI HÂLE GELMİŞ SU
BUZUKİ,YUNAN ÇALGISI
BUĞRAGÜLSOY,RESİMDEKİ OYUNCU
BUĞU,SU BUHARI
BÖBÜRLENMEK,KENDİNİ BEĞENMİŞ BİR TAVIRLA ÖVÜNMEK
BÖKE,"KAHRAMAN, GÜÇLÜ KİMSE"
BÖKE,ŞAMPİYON
BÖRK,BİR BAŞLIK TÜRÜ
BÖRK,HAYVAN POSTUNDAN BAŞLIK
BÜK,BÖĞÜRTLEN
BÜK,"BÖĞÜRTLEN, DİKEN DUTU, İT ÜZÜMÜ"
BÜK,DÖNEMEÇ
BÜRO,"OFİS, İŞ YAPILAN ODA VEYA YER"
BÜRO,YAZIHANE
BÜST,BİR HEYKEL TÜRÜ
BÜTÜN,"EKSİKSİZ, TAM"
BÜTÜNLEŞMEK,"BİR BÜTÜN HALİNE GELMEK, BİRLEŞMEK"
BÜZ,BETONDAN KALIN SU BORUSU
BÜZ,KÜNK
Bİ,BİR OLUMSUZLUK ÖNEK
Bİ,BİZMUT (SİMGE)
Bİ,BİZMUT (SİMGESİ)
Bİ,BİZMUT ELEMENTİNİN SİMGESİ
Bİ,BİZMUT SİMGESİ
Bİ,BİZMUT'UN SİMGESİ
Bİ,BİZMUTUN SİMGESİ
Bİ,BİZMUT’UN SİMGESİ
BİAT,EGEMENLİĞİNİ TANIMA
BİAT,SEÇİM VEYA BAĞLILIK KARAKTERİ TAŞIYAN SOSYOPOLİTİK AKİD
BİBER,ACI VEYA TATLI OLABİLEN BİR SEBZE
BİBLO,SÜS EŞYASI
BİBLO,"ÇEŞİTLİ MADENLERDEN YAPILAN HEYKEL, VAZO VB. ZARİF, KÜÇÜK SÜS EŞYASI."
BİBİ,"BABANIN KIZ KARDEŞİ,"
BİBİ,"BABANIN KIZ KARDEŞİ, HALA"
BİBİ,HALA
BİBİ,HALK DİLİNDE HALA
BİDAT,İSLAM'DA HAZRETİ MUHAMMET’TEN SONRA ORTAYA ÇIKAN DEĞİŞİK YARGILAR VE İLKELER
BİENAL,"YIL AŞIRI, İKİ YILDA BİR"
BİENAL,YILAŞIRI
BİENAL,"YILAŞIRI, İKİ YILDA BİR"
BİGA,ÇANAKKALE İLÇESİ
BİGA,ÇANAKKALE'NİN BİR İLÇESİ
BİGANE,YABANCI
BİGANE,İLGİSİZ
BİK,BASIN İLAN KURUMU
BİKARAR,KARARSIZ
BİKES,KİMSESİZ
BİLAHARE,DAHA SONRA
BİLAHARE,"SONRADAN, SONRALARI"
BİLAKİS,TAM TERSİNE
BİLAKİS,"TERSİNE, AKSİNE"
BİLGİ,MALUMAT
BİLYE,MİSKET
BİLİŞİM,BİLGİNİN SAKLANMASI VE ÜRETİLMESİNİ KONU ALAN AKADEMİK VE MESLEKİ DİSİPLİNİ
BİLİŞİM,ENFORMATİK
BİM,ESKİ DİLDE KORKU
BİMANA,"MANASIZ, ANLAMSIZ"
BİMAR,"HASTA, SAYRI"
BİN,1 KİLOMETRE KAÇ METRE
BİNA,YAPI
BİNAEN,"DEN DOLAYI, DEN ÖTÜRÜ"
BİNAEN,DEN DOLAYI. DEN ÖTÜRÜ ANLAMINDA ESKİ BİR SÖZCÜK
BİNGÖL,BİR İLİMİZ
BİNNURKAYA,RESİMDEKİ OYUNCU
BİNİCİ,ATA BİNEN KİMSE
BİR,BİR SAYI
BİR,SAYILARIN İLKİ
BİR,İLK RAKAM
BİRADER,ERKEK KARDEŞ
BİREY,FERT
BİREY,TOPLUM İÇİNDE TEK OLAN İNSAN
BİRR,ETİYOPYA PARA BİRİMİ
BİRR,ETİYOPYA’NIN PARA BİRİMİ.
BİRİKİM,BİRİKTİRİLEN MAL VEYA PARA
BİRİKİM,"GÖZLEMLER, DENEYLER SONUCU ELDE EDİLMİŞ ŞEYLERİN BÜTÜNÜ, DENEYİM."
BİRİM,ÜNİTE
BİS,BİR MÜZİK PARÇASININ DİNLEYİCİLERİN İSTEĞİ ÜZERİNE BİR KEZ DAHA ÇALINMASI
BİS,İKİNCİ KEZ
BİS,ŞARKIYI TEKRAR SESLENDİRME
BİSKÜVİ,BİR TÜR KURU PASTA
BİSMİL,DİYARBAKIR İLÇESİ
BİSMİL,DİYARBAKIR'IN BİR İLÇESİ
BİT,ASALAK BÖCEK
BİT,ASALAK BİR BÖCEK
BİT,"ASALAK BİR BÖCEK, KEHLE"
BİT,İNSAN VE MEMELİ HAYVANLARIN VÜCUDUNDA ASALAK OLARAK YAŞAYAN BÖCEK
BİTAP,"YORGUN, BİTKİN"
BİTARAF,TARAFSIZ
BİTARAF,"TARAFSIZ, YANSIZ"
BİTEK,VERİMLİ TOPRAK
BİTEK,"VERİMLİ TOPRAK, MÜMBİT"
BİTKİ,TOPRAKTA KÖKLERİYLE BESLENEN YEŞİL CANLILAR
BİTKİSEL,NEBATİ
BİTİRİM,"ARGODA BİLGİLİ, BECERİKLİ"
BİTİRİM,ARGODA ÇOK HOŞA GİDEN (KİMSE)
BİYE,"GENELLİKLE GİYSİNİN YAKA, KOL, ETEK ÇEVRESİNE KENDİ KUMAŞINDAN VEYA BAŞKA KUMAŞTAN GEÇİRİLEN İNCE ŞERİT"
BİYE,İNCE GİYSİ KENARI ŞERİDİ
BİZ,BİR TÜR ÇUVALDIZ.
BİZ,BİR ÇUVALDIZ TÜRÜ
BİZ,ÇOKLUK BİRİNCİ KİŞİYİ GÖSTEREN SÖZ
BİZ,"İĞNEYE YOL AÇMAK İÇİN KULLANILAN, ÇELİKTEN, İNCE VE SİVRİ UÇLU BİR ALET"
BİZZAT,"ARACISIZ, KENDİSİ OLARAK"
BİZZAT,"DOĞRUDAN, ARACISIZ"
BİÇARE,"NAÇAR, ÇARESİZ"
BİÇARE,ÇARESİZ KİMSE
BİÇARE,"ÇARESİZ, ZAVALLI KİMSE"
BİÇKİ,KUMAŞI ÖLÇÜYE GÖRE KESME
BİŞKEK,KIRGIZİSTANIN BAŞKENTİ
BİŞKEK,KIRGIZİSTAN’IN BAŞKENTİ
BİŞİ,"ÇÖREK, TATLI BİR TÜR EKMEK"
BŞK,BAŞKAN (KISACA)
CA,KALSİYUM (SİMGE)
CA,KALSİYUM (SİMGESİ)
CA,KALSİYUM SİMGESİ
CA,KALSİYUM'UN SİMGESİ
CABA,"BİR ŞEY ÖDEMEDEN, PARA VERMEDEN ALINAN ŞEY"
CABA,FAZLADAN
CABA,PARA VERMEDEN ALINAN ŞEY
CAD,KIVIRCIK SAÇ
CADDE,ANA YOL
CADDE,ANAYOL
CADI,BÜYÜCÜ
CAEN,FRANSA’DA BİR KENT
CAFCAF,"GÖSTERİŞ, ŞATAFAT"
CAHİL,BİLGİSİZ
CAHİL,ÖĞRENİM GÖRMEMİŞ
CAHİL,"ÖĞRENİM GÖRMEMİŞ, OKUMAMIŞ"
CAKA,"FİYAKA, ÇALIM"
CAKA,"GÖSTERİŞ, ÇALIM"
CAM,CLUE
CAM,PENCERE
CAM,SIRÇA
CAM,ÇABUK KIRILIR CİSİM
CAMBAZ,AT ALIP SATAN VEYA YETİŞTİREN KİMSE
CAMBAZ,AT SATICISI
CAMEKAN,VİTRİN
CAMİA,BİR ARAYA GELEN İNSANLAR
CAMİA,ORTAK EĞİLİMLERİ NEDENİYLE BİR ARAYA GELEN İNSANLAR
CAN,TARİKAT KARDEŞİ
CAN,‘... YAMAN’ (AKTÖR)
CAN,‘ERKAN ...’ (AKTÖR)
CANA,"""EY SEVGİLİ"" (SESLENME)"
CANA,"""EY SEVGİLİ"" ANLAMINDA KULLANILAN BİR SESLENME SÖZÜ"
CANA,"""EY SEVGİLİ"" ANLAMINDA KULLANILAN SÖZ"
CANA,"""EY SEVGİLİ"" ANLAMINDA SÖZ"
CANAN,GÖNÜLDEN SEVİLEN KADIN
CANAN,SEVGİLİ
CANAN,‘... ERGÜDER’ (AKTRİS)
CANAVAR,MASALARDA SÖZÜ GEÇEN YABANİ
CANAVAR,MASALLARDA GEÇEN HAYVAN
CANAVAR,MASALLARDA SÖZÜ GEÇEN HAYVAN
CANAVAR,"MASALLARDA SÖZÜ GEÇEN YABANİ, YIRTICI HAYVAN"
CANAYAKIN,SICAKKANLI
CANER,"‘... İNEP’ (ŞAİR, YAZAR)"
CANER,"‘... İNEP’ (ŞAİR,YAZAR)"
CANFES,BİR TÜR İPEKLİ KUMAŞ
CANGAMA,LAF KALABALIĞI
CANSELELÇİN,RESİMDEKİ OYUNCU
CANİK,SAMSUN İLÇESİ
CANİK,TOKAT'TA BİR DAĞ
CANİP,TARAF
CANİP,"YAN, TARAF, CİHET"
CAR,DUYURU
CAR,KADINLARIN SOKAĞA ÇIKARKEN ÖRTÜNDÜKLERİ BÜYÜK VE DÖRT KÖŞE SINIR
CAR,"ÇAĞRI, DUYURU"
CARİ,GEÇERLİ OLAN
CASUS,AJAN
CAZ,AFRİKA KÖKENLİ BİR AMERİKAN MÜZİĞİ
CAZ,BİR MÜZİK TÜRÜ
CAZİBE,ÇEKİCİLİK
CAĞ,BEZ TORBA
CAĞ,BÜYÜK BEZ VEYA DERİ TORBA
CAĞ,ERZURUM KEBABI
CAİZ,"DİN, YASA, TÖRE VB. BAKIMDAN İŞLENMESİNDE, YAPILMASINDA SAKINCA OLMAYAN, YAPILIP İŞLENMESİNE İZİN VERİLEN"
CAİZ,DİNEN SAKINCASI OLMAYAN
CAİZ,"UYGUN, YERİNDE SAYILAN"
CAİZ,"YAPILMASINDA, İŞLENMESİNDE DİNEN BİR SAKINCA BULUNMAYAN"
CAİZE,ESKİ ŞAİRLERİN KASİDELERİNDE ÖVDÜKLERİ KİŞİLERDEN ALDIKLARI BAHŞİŞ
CAİZE,ESKİDEN ŞAİRLERİN KASİDELERLE ÖVDÜKLERİ BÜYÜKLER TARAFINDAN KENDİLERİNE VERİLEN BAHŞİŞ
CAİZE,ŞAİR BAHŞİŞİ
CB,KOLOMBİYUM SİMGESİ
CB,KOLOMBİYUM'UN SİMGESİ
CD,KADMİYUM SİMGESİ
CD,YABANCI DEVLET ELÇİLİKLERİNE AİT ARABALARIN PLAKALARINDA KULLANILAN KISALTMA. KOR DİPLOMATİK
CE,SERYUM (SİMGE)
CE,SERYUM ELEMENTİNİN SİMGESİ
CE,SERYUM SİMGESİ
CE,SERYUM İMİ
CEBE,HALKALAR GEÇİRİLEREK YAPILMIŞ VEYA ZİNCİRDEN ÖRÜLMÜŞ ZIRH
CEBE,ZIRH
CEBE,ZİNCİRDEN ÖRÜLMÜŞ ZIRH
CEBİRE,"SÜYEK, KOAPTÖR"
CEHT,ÇABALAMA
CELP,MAHKEME DAVETİYESİ
CELP,MAHKEMEYE ÇAĞRI BELGESİ; ASKERE ÇAĞRILMA
CELSE,OTURUM
CEM,'... DAVRAN’ (AKTÖR)
CEM,'....KARACA' (UNUTULMAZ SANATÇI)
CEM,... DAVRAN’ (AKTÖR)
CEM,"TOPLAMA, TOPLANMA"
CEM,‘... DAVRAN’ (AKTÖR)
CEMAAT,BİR DİNDEN VEYA BİR SOYDAN OLANLARIN TOPLULUĞU
CEMAAT,CAMİDEKİ TOPLULUK
CEMAAT,İNSAN KALABALIĞI
CEMAL,..... ŞAN (YÖNETMEN)
CEMAL,YÜZ GÜZELLİĞİ
CEMAN,TOPLAM OLARAK
CEMYILMAZ,RESİMDEKİ KOMEDYEN
CEMYILMAZ,RESİMDEKİ OYUNCU
CEMYILMAZ,"RESİMDEKİ ŞOVMEN, OYYUNCU"
CEMİLE,GÖNÜL ALICI DAVRANIŞ
CEMİLE,"GÖNÜL ALICI DAVRANIŞ, KOMPLİMAN"
CEMİYET,DERNEK
CENAH,"YAN, TARAF"
CENAZE,KEFENLENİP TABUTA KONMUŞ
CENAZE,"KEFENLENİP TABUTA KONMUŞ, GÖMÜLMEYE HAZIRLANMIŞ İNSAN ÖLÜSÜ"
CENAZE,NAAŞ
CENAZE,ÖLEN KİŞİNİN TABUTA KONMASI
CENGİZBOZKURT,RESİMDEKİ OYUNCU
CENK,SAVAŞ
CENK,‘... EREN’ (ŞARKICI)
CENUP,GÜNEY
CEP,'.... TELEFONU'
CEP,GİYSİDEKİ PARÇA
CEP,"TRAFİĞİ KOLAYLAŞTIRMAK, ARAÇLARIN DURABİLMESİNE OLANAK SAĞLAMAK İÇİN YOL KENARINDA BULUNAN TAŞIT YANAŞMA YERİ"
CEPKEN,YAKASIZ ÜST GİYSİSİ
CER,SÜRÜKLEYEREK GÖTÜRME
CER,"ÇEKME, SÜRÜKLEYEREK GÖTÜRME"
CEREK,"ASMA, FASULYE VB. SARILGAN BİTKİLERİN TANINMASI İÇİN YANLARINA DİKİLEN SIRIK"
CEREK,SIRIK
CERENMORAY,RESİMDEKİ OYUNCU
CERRAH,AMELİYAT YAPAN UZMAN HEKİM
CERRAH,OPERATÖR
CERİDE,ESKİ DİLDE GAZETE
CERİHA,YARA
CESET,NAAŞ
CET,ATA
CET,"ATA, DEDE"
CET,"DEDE, ATA"
CEVHER,DEĞERLİ TAŞ
CEVHER,"ÖZ, MAYA"
CEYLANPINAR,ŞANLIURFA'NIN BİR İLÇESİ
CEZA,SUÇA UYGULANAN YAPTIRIM
CEZA,"UYGUNSUZ DAVRANIŞLARDA BULUNANLARA UYGULANAN ÜZÜNTÜ, SIKINTI, ACI VERİCİ İŞLEM YA DA YAPTIRIM"
CEZA,YAPTIRIM
CEZBE,COŞUP KENDİNDEN GEÇME
CEZMİBASKIN,RESİMDEKİ OYUNCU
CEZİR,"ALÇALMA, MET KARŞITI"
CEZİR,"COĞRAFYADA, ALÇALMA"
CEZİR,DENİZİN ÇEKİLMESİ
CEZİRE,DENİZDE ADA
CF,KALİFORNİYUM'UN SİMGESİ
CH,İSVİÇRE'NİN PLAKASI
CH,İSVİÇRENİN PLAKASI
CH,İSVİÇRE’NİN PLAKASI
CHARTER,DOLMUŞ UÇAK
CHAT,BİLGİSAYARDA SÖYLEŞİ
CHAT,İNTERNET SOHBETİ
CILK,BOZUK YUMURTA
CILK,BOZULARAK KOKUŞMUŞ
CIVA,GÜMÜŞ RENGİNDE BİR ELEMENT
CIVATA,SOMUNLU VİDA
CL,KLOR (SİMGE)
CL,KLOR'UN SİMGESİ
CL,KLORUN SİMGESİ
CL,KLOR’UN SİMGESİ
CM,SANTİMETRE
CM,SANTİMETRE (KISACA)
CM,SANTİMETRE (KISALTMA)
CO,KOBALT (SİMGESİ)
CO,KOBALT SİMGESİ
CO,KOBALT'IN SİMGESİ
CO,KOBALTIN SİMGESİ
CO,KOBALT’IN SİMGESİ
CORK,ŞİŞE MANTARI
COŞKU,HEYECAN VE SEVİNÇ DOLU YOĞUN DUYGU DURUMU
COŞKU,HEYECANLI DUYGU
CR,KROM SİMGESİ
CR,KROM'UN SİMGESİ
CS,SEZYUM İMİ
CS,SEZYUM'UN SİMGESİ
CS,SEZYUMUN SİMGESİ
CS,SEZYUMUN SİMGESİ
CS,SEZYUM’UN SİMGESİ
CU,BAKIR (SİMGESİ)
CU,BAKIR SİMGESİ
CUD,ORTA OYUNU VE KARAGÖZ’DE YAHUDİ TİPLEMESİNE VERİLEN AD
CURA,ÜÇ TELLİ HALK SAZI
CURA,İKİ VEYA ÜÇ TELLİ BİR SAZ TÜRÜ
CZ,ÇEK CUMHURİYETİ PLAKASI
CZ,ÇEKYA'NIN PLAKA İŞARETİ
CÖMERT,ELİ AÇIK
CÜDA,BABA OCAĞINDAN UZAK
CÜDA,"YURT, BABA OCAĞI GİBİ SEVİLEN ŞEYLERDEN AYRILMIŞ OLAN, UZAK KALMIŞ OLAN"
CÜHELA,CAHİLLER
CÜHELA,"CAHİLLER, BİLGİSİZLER"
CÜMBÜŞ,TAMBURA BENZERİ SAZ
CÜSSE,İNSAN GÖVDESİ
CÜZ,KURANIN OTUZ KISMINDAN HER BİRİ
CÜZ,KURAN’IN BÖLÜNMÜŞ OLDUĞU OTUZ KISIMDAN HER BİRİ
CÜZ,KURAN’IN OTUZ KISMINDAN HER BİRİ
CÜZİ,AZ MİKTARDA
Cİ,FİLDİŞİ SAHİLİ PLAKASI
CİBRİL,VAHİY MELEĞİ
CİBRİL,İLÂHÎ EMİRLERİ MELEKLERE VE PEYGAMBERLERE ULAŞTIRAN VAHİY MELEĞİ
CİBİN,HALK DİLİNDE SİNEK
CİBİN,SİNEK
CİDAR,DUVAR
CİDAR,"ZAR, ÇEPER"
CİDAR,İÇ DUVAR
CİDE,KASTAMONU İLÇESİ
CİHAN,DÜNYA
CİHAN,EVREN
CİKLET,SAKIZ
CİLA,BİR ŞEYİ PARLATMAK İÇİN KULLANILAN
CİLA,PARLAKLIK
CİLA,PARLATICI MADDE
CİLALAMAK,(ARGODA) ÖVMEK
CİLT,"DERİ, TEN"
CİLT,TEN
CİN,BİR TÜR ALKOLLÜ İÇKİ
CİN,ECİNNİ
CİN,KURANDA 72. SURE
CİN,KURAN’DA 72. SURE
CİN,"MECAZEN AKILLI, UYANIK"
CİN,"MECAZEN AKILLI, ZEKİ, UYANIK KİMSE"
CİN,"MECAZEN AKILLI,ZEKİ"
CİN,ZEKİ UYANIK
CİNAYET,ADAM ÖLDÜRME
CİNAYET,"CANA KIYMA, İNSAN ÖLDÜRME"
CİNNET,DELİLİK
CİNS,"TÜR, ÇEŞİT"
CİNS,"ÇEŞİT, TÜR"
CİP,KÜÇÜK ARAZİ TAŞITI
CİPS,İNCE KIZARTILMIŞ PATATES
CİR,"KAYISI, ERİK KURUSU"
CİR,"KAYISI, ERİK, ZERDALİ KURUSU"
CİR,"KAYISI,ERİK, ZERDALİ KURUSU"
CİRANTA,SENEDİ CİRO EDEN KİMSE
CİSİM,BİÇİMLİ KATI MADDE
CİY,ŞEBNEM
CİY,"ŞEBNEM, JALE"
DA,DAHİ ANLAMINDA SÖZ
DA,"ESKİ DİLDE HASTALIK, DERT"
DA,HASTALIK (ESKİ DİL)
DA,RUSÇADA 'EVET'
DA,RUSÇADA ‘EVET’
DA,RUSÇADA EVET
DA,RUSÇA’DA EVET
DADAY,KASTAMONU İLÇESİ
DADAŞ,ERKEK KARDEŞ
DAHA,HENÜZ
DAHA,VAR OLANA EK OLARAK
DAHA,"VAR OLANA, ELDE BULUNANA EK OLARAK"
DAHİ,"DEHA SAHİBİ, ÖKE"
DAHİ,"DEHA SAHİBİ,ÖKE"
DAHİ,OLAĞANÜSTÜ YETENEKLİ
DAHİLİ,İÇLE İLGİLİ
DAK,ANADOLU’NUN ÇEŞİTLİ YÖRELERİNDE GENELLİKLE KADINLARIN VÜCUTLARININ ÇEŞİTLİ YERLERİNE YAPTIRDIKLARI DÖVME
DAKAR,SENEGAL BAŞKENTİ
DAKAR,SENEGALİN BAŞKENTİ
DAKAR,SENEGAL’İN BAŞKENTİ
DAKKA,BANGLADEŞ'İN BAŞKENTİ
DAKKA,BANGLADEŞİN BAŞKENTİ
DAKKA,BANGLADEŞ’İN BAŞKENTİ
DAKİK,DÜZENLİ İŞLEYEN
DAL,AĞACIN KOLU
DAL,AĞAÇ KOLU
DALAK,BAL PETEĞİ
DALAN,BİR YAPIDA DIŞ KAPIYLA ODALAR ARASINDAKİ GİRİŞ BÖLÜMÜ
DALAN,LOBİ
DALAVERE,GİZLİ OYUN
DALAVERE,"YALAN DOLANLA GİZLİCE GÖTÜRÜLEN KÖTÜ İŞ, GİZLİ OYUN"
DALGIN,DİKKATİNİ BELİRLİ BİR KONU ÜSTÜNDE TOPLAYAMAYAN
DALYAN,BÜYÜK BALIK AVLAMA YERİ
DAM,AHIR
DAM,DANSTA KAVALYENİN EŞİ
DAM,"KÜÇÜK EV, KÖY EVİ"
DAM,İSKAMBİLDE ‘KIZ’
DAMA,16 TAŞLA OYNANAN İKİ KİŞİLİK OYUN
DAMA,BİR MANTIK OYUNU
DAMA,BİR ZEKA OYUNU
DAMA,BİR ZEKÂ OYUNU
DAMA,ON ALTI TAŞLA OYNANAN BİR ZEKA OYUNU
DAMACANA,BÜYÜK SU ŞİŞESİ
DAMACANA,SIVI TAŞINAN BÜYÜK ŞİŞE
DAMAK,AĞIZ BOŞLUĞUNUN TAVANI
DAMAK,AĞZIN TAVANI
DAMAL,ARDAHAN İLÇESİ
DAMAL,ARDAHAN'IN BİR İLÇESİ
DAMAR,"(MECAZEN) HUY, MİZAÇ"
DAMAT,GÜVEY
DAMAT,GÜVEYİ
DAMLA,KALBE İNEN İNME
DAMLA,"YUVARLAK BİÇİMDE, ÇOK KÜÇÜK MİKTARDA SIVI"
DAMLA,"YUVARLAK BİÇİMDE, ÇOK KÜÇÜK MİKTARDA SIVI."
DAMLA,ÇOK KÜÇÜK MİKTARDA SIVI
DAMLASÖNMEZ,RESİMDEKİ OYUNCU
DAN,"HAYRET, TEACCÜP"
DAN,JUDODA EN ÜST DERECE
DAN,‘... BROWN’ (YAZAR)
DANA,ERKEK SIĞIR YAVRUSU
DANA,GENÇ BÜYÜKBAŞ HAYVAN
DANE,KUŞ YEMİ
DANS,RAKS
DANTEL,"ELBİSE, ÇAMAŞIR VE ÖRTÜ GİBİ ŞEYLERE SÜS OLARAK DİKİLEN SEYREK ÖRGÜ, TENTENE"
DANTEL,HER TÜRLÜ İPLİKLE ÖRÜLEN YA DA BİR KUMAŞIN KENARINA İŞLENEN TÜRLÜ BİÇİMDE İNCE VE AĞ GÖRÜNÜMÜNDE ÖRGÜ
DANTEL,SÜS ÖRGÜSÜ
DANİSKA,"ALA, İYİ, PEKİYİ"
DANİSKA,EN İYİ
DANİŞ,"BİLGİ, İLİM, İRFAN"
DAR,ENSİZ
DAR,ESKİ DİLDE DUVAR
DAR,GENİŞ OLMAYAN
DARA,BİR NESNENİN KABININ AĞIRLIĞI
DARA,KABIYLA BİRLİKTE TARTILAN BİR NESNENİN KABININ AĞIRLIĞI
DARA,KAP AĞIRLIĞI
DARA,NESNENİN KAP AĞIRLIĞI
DARABA,TAHTA PERDE
DARAÇ,DAR
DARBE,SERT VURUŞ
DARBE,"VURUŞ, ÇARPIŞ"
DARENDE,MALATYA İLÇESİ
DARENDE,MALATYA'NIN BİR İLÇESİ
DARI,BUĞDAYGİLLERDEN BİR BİTKİ
DARI,BİR TÜR TAHIL
DARICA,KOCAELİ İLÇESİ
DARP,VURMA
DARPHANE,PARA BASILAN YER
DART,KÜÇÜK OKLA HEDEF VURMA
DASİTAN,DESTAN
DATA,BİLGİSAYARDA VERİ
DATA,VERİ
DATÇA,MUĞLA İLÇESİ
DATÇA,MUĞLA'NIN BİR İLÇESİ
DATİF,"DİLBİLGİSİNDE, YÖNELME DURUMU"
DAU,TANRI'YA YAKARMA
DAVA,(ARGODA) SEVGİLİ
DAVA,(MECAZEN) ÜLKÜ
DAVA,DURUŞMA
DAVA,SAV (HUKUK)
DAVA,ÜLKÜ
DAVAR,KOYUN YA DA KEÇİ SÜRÜSÜ
DAVAR,KOYUN YADA KEÇİ SÜRÜSÜ
DAVAR,KÜÇÜBAŞ HAYVANLAR
DAVUDİ,"KALIN, TOK VE GÜR ERKEK SESİ"
DAYAK,"PATAK, KÖTEK"
DAYI,ANNENİN ERKEK KARDEŞİ
DAÇA,BÜYÜK RUS KENTLERİNİN YAKININDAKİ TATİL EVLERİNE VERİLEN AD
DAĞ,KIZGIN DEMİR DAMGASI
DAĞ,KIZGIN DEMİRLE VURULAN DAMGA
DAİ,"DAVET EDEN, ÇAĞIRAN"
DAİ,"DUA EDEN, DUACI"
DAİM,"SÜREKLİ, SONSUZ"
DAİM,"SÜREKLİ, SONSUZ OLAN"
DAİMA,HER ZAMAN
DAİMA,"HER ZAMAN, SÜREKLİ"
DAİR,İLİŞKİN
DAİR,"İLİŞKİN, AİT"
DAİRE,GEOMETRİK BİR ŞEKİL
DAİRE,RESMİ HÜKÜMET MAKAMI
DAİRE,ÇEMBERİN İÇİNDEKİ DÜZLEM
DB,DESİBEL
DB,DESİBEL KISALTMASI
DE,BİR BAĞLAÇ
DEALER,BORSADA SATIM İŞİ YAPAN
DEB,"ESKİDEN ADET, TÖREN"
DEBİ,"BİR AKARSUYUN HERHANGİ BİR KESİMİNDEN SANİYEDE GEÇEN SUYUN HACMİ, AKIM"
DEBİ,SUYUN AKIŞ GÜCÜ
DEBİL,BEDENSEL VE ZİHİNSEL BAKIMDAN GÜÇSÜZ
DECCAL,DİNSEL İNANIŞLARA GÖRE KIYAMETE YAKIN BİR ZAMANDA ÇIKACAĞINA İNANILAN YALANCI
DECCAL,"YALANCI, FESAT"
DEDE,BÜYÜK BABA
DEDE,BÜYÜKBABA
DEDE,TORUNU OLAN ERKEK
DEF,KOVMA
DEF,SAVMA
DEFA,KEZ
DEFA,"KEZ, KERE,"
DEFA,"KEZ, KERE, SEFER"
DEFANS,SPORDA SAVUNMA
DEFO,"KUSUR, ÖZÜR, BOZUKLUK"
DEFORME,BİÇİMİ BOZULMUŞ
DEFORME,KALIBI BOZULMUŞ
DEK,"DÜZEN, HİLE"
DEK,"HİLE, DÜZEN"
DEK,"KADAR, DEĞİN"
DEK,"TOKUŞMA, ÇATIŞMA"
DEKADAN,AŞIRI SEMBOLİST SANATÇILARA VERİLEN İSİM.(19. ASIR SONLARINDA GÖRÜLDÜ)
DEKADAN,SANATTA GERİLEME
DEKADAN,SANATTA YOZLAŞMA
DEKAN,FAKÜLTE BAŞKANI
DEKAN,FAKÜLTE YÖNETİCİSİ
DEKLARASYON,BİR KONUNUN KAMUOYUNA DUYURULMASI İÇİN YAPILAN AÇIKLAMA
DEKOLTE,AÇIK GİYİM
DEKOR,SÜSLEME DÜZENİ
DEKOR,TİYATRO VEYA SİNEMADA SAHNE DÜZENLEMESİ; SÜSLEME
DELEGE,"ELÇİ, MURAHHAS"
DELEGE,"MURAHHAS, ELÇİ"
DELTA,ÇATALAĞIZ
DELTA,ÜÇGEN BİÇİMLİ OVA
DELİ,MECNUN
DELİCE,KIRIKKALE İLÇESİ
DELİL,KANIT
DEM,"ESKİ DİLDE SOLUK, NEFES"
DEM,"ZAMAN, ÇAĞ"
DEM,ÇAYIN DEMİ
DEMETAKALIN,RESİMDEKİ ŞARKICI
DEMETAKBAĞ,RESİMDEKİ OYUNCU
DEMETÖZDEMİR,RESİMDEKİ OYUNCU
DEMO,"BİR ŞARKININ, BİR FİLMİN DENEME KAYDI YADA ÇEKİMİ"
DEMO,TANITIM GÖSTERGESİ
DEMO,TANITIM GÖSTERİSİ
DEMO,"TANITIM ÜRÜNÜ, TANITIM SUNUMU"
DEMODE,MODASI GEÇMİŞ
DEMODE,MODASI GEÇMİŞ OLAN
DEMİR,BİR ELEMENT
DEMİR,‘... DEMİRKAN’ (ŞARKICI)
DEN,"YARMA, DÖVME"
DEN,"YARMA, DÖVME (BUĞDAY)"
DENEK,ÜZERİNDE DENEY YAPILAN CANLI
DENEME,BİR DÜZYAZI TÜRÜ
DENEME,BİR YAZI TÜRÜ
DENEME,SINAMA
DENEME,"TECRÜBE, SINAMA"
DENETİM,KONTROL
DENK,AĞIRLIK BAKIMINDAN EŞİT
DENK,AĞIRLIK BAKIMINDAN EŞİT OLAN
DENK,AĞIRLIK BAKIMINDAN EŞİT OLAN.
DENK,EŞİT OLAN
DENSİZ,SAYGISIZCA DAVRANAN
DENİZ,‘... ÇAKIR’ (AKTRİS)
DENİZCANAKTAŞ,RESİMDEKİ OYUNCU
DENİZÇAKIR,RESİMDEKİ OYUNCU
DEPAR,ATLETİZMDE ÇIKIŞ
DEPO,"ANTREPO, ARDİYE"
DEPO,"ARDİYE, HAZNE"
DER,KAPI (ESKİ DİL)
DERBY,AYNI ŞEHİR TAKIMLARININ KARŞILAŞMASI
DERE,KÜÇÜK AKARSU
DERE,‘CANSU ...’ (AKTRİS)
DERECE,"RÜTBE, MERTEBE"
DERECE,TERMOMETRE
DERELİ,GİRESUN İLÇESİ
DERGAH,DERVİŞLERİN BULUNDUĞU YER
DERGAH,TEKKE
DERMAN,"GÜÇ, TAKAT"
DERMAN,"GÜÇ, TAKAT, MECAL"
DERMAN,"GÜÇ, TAKAT, MECAL."
DERNEK,CEMİYET
DERT,ÜZÜNTÜ
DERVİŞ,ALÇAK GÖNÜLLÜ
DERYA,DENİZ
DERZ,FAYANS ARASI DOLGUSU
DERİ,"CİLT, TEN"
DERİ,VÜCUDUN DIŞ YÜZÜ
DERİK,MARDİN İLÇESİ
DEST,EL (ESKİ DİL)
DESTE,AYNI CİNSTEN ONLUK BİR KÜME
DESTROYER,MUHRİP
DESTUR,İZİN VE RUHSAT ANLAMINA GELEN TASAVVUF TERİMİ
DESİNATÖR,DESEN YAPAN KİMSE
DESİSE,"HİLE, ENTRİKA"
DETAY,AYRINTI
DETONE,KUSURLU SES
DETONE,"MÜZİKTE, KUSURLU"
DETONE,"MÜZİKTE, KUSURLU OLAN"
DEV,"ÇOK BÜYÜK, ÇOK ÖNEML"
DEV,"ÇOK BÜYÜK, ÇOK ÖNEMLİ"
DEV,ÇOK İRİ
DEVA,"İLAÇ, ÇARE"
DEVALÜASYON,PARANIN ALTIN VEYA YABANCI BİR PARAYA GÖRE DEĞERİNİN DÜŞÜRÜLMESİ
DEVASA,"DEV GİBİ, ÇOK BÜYÜK"
DEVE,BİR YÜK HAYVANI
DEVE,İRİ BİR HAYVAN
DEVELİ,KAYSERİ İLÇESİ
DEYİ,LOGOS
DEİST,DEİZM YANLISI
DG,DESİGRAM (KISACA)
DHA,BİR HABER AJANSI
DHA,DEMİRÖREN HABER AJANSI
DIŞALIM,İTHALAT
DJ,DİSKJOKEY (KISALTMA)
DK,DANİMARKA' NIN PLAKASI
DK,DANİMARKA'NIN PLAKASI
DK,DANİMARKA’ NIN PLAKASI
DK,DANİMARKA’NIN PLAKASI
DM,DESİMETRE (KISACA)
DNA,GENETİK MATERYAL TAŞIYAN MOLEKÜL
DNA,KALITIMIN MADDİ TEMELİ OLAN VE KROMOZOMLARI OLUŞTURAN MADDE
DO,BİR NOTA
DODO,SOYU TÜKENMİŞ BİR KUŞ
DOHA,KATAR'IN BAŞKENTİ
DOHA,KATARIN BAŞKENTİ
DOHA,KATAR’IN BAŞKENTİ
DOK,GEMİ YAPIM YERİ
DOK,GEMİ YAPIM YERİ. GEMİLERİN YÜKLEME VE BOŞALTMA YAPMASI İÇİN RIHTIMLARLA ÇEVRİLİ HAVUZA VERİLEN AD
DOK,"GEMİLERİN YÜKÜNÜN BOŞALTILDIĞI YA DA ONARILDIĞI, ÜSTÜ ÖRTÜLÜ HAVUZ"
DOKU,HÜCRELER BÜTÜNÜ
DOKU,NESİÇ
DOKUMA,"MENSUCAT, TEKSTİL"
DOMANİÇ,KÜTAHYA İLÇESİ
DOMANİÇ,KÜTAHYA'NIN BİR İLÇESİ
DOMİNO,BİR MASA OYUNU
DOMİNO,BİR TAŞ OYUNU
DOMİNO,MASADA OYNANAN BİR TAŞ OYUNU
DON,AT KILININ RENGİ
DON,"GİYSİ, KÜLOT"
DON,"KÜLOT, GİYSİ"
DON,SUYUN BUZ TUTMASI
DONE,"VERİ, BİLGİ"
DONE,"VERİ, MUTA"
DONÖR,ORGAN VEREN KİŞİ
DORE,ALTIN RENGİ
DORU,"GÖVDESİ KIZIL KIRMIZI, AYAKLARI VE YELESİ SİYAH RENKLİ OLAN AT"
DORU,KIZIL GÖVDELİ AT
DOST,DÜŞMAN KARŞITI
DOST,GÜVENİLEN YAKIN ARKADAŞ
DOZ,BİR GÜNLÜK İLAÇ MİKTARI
DOĞAN,YIRTICI BİR KUŞ
DOĞAN,‘LATİF ...’ (TÜRKÜCÜ)
DOĞUBAYAZIT,AĞRI'NIN BİR İLÇESİ
DR,DOKTOR (KISACA)
DR,DOKTOR (KISALTMA)
DRA,BİR TÜR KUMAŞ
DRAGON,EJDERHA
DRAHOMA,HIRİSTİYANLARDA GÜVEY PARASI
DRAJE,GENELLİKLE ÇİKOLATA İLE KAPLANMIŞ KURU YEMİŞ
DRAJE,HAP
DRAJE,"ÜSTÜ ŞEKERLİ, RENKLİ VE PARLAK BİR MADDE İLE KAPLANMIŞ HAP"
DRAJE,ŞEKERLE KAPLANMIŞ HAP
DRAM,ACIKLI OLAY
DRAM,ERMENİSTAN’IN PARA BİRİMİ
DRAM,TİYATRO YAZINI
DRAMA,TİYATRO EDEBİYATI
DRAMATİK,DUYGUSAL
DREN,AKAÇ
DRENAJ,AKAÇLAMA
DREZİN,KÜÇÜK DEMİRYOLU ARABASI
DREZİN,YOL BAKIMI VE KONTROLÜ İÇİN DEMİR YOLLARINDA KULLANILAN KÜÇÜK ARABA
DRİL,BİR TÜR EL MATKABI
DRİNA,BOSNA HERSEK’TE BİR NEHİR
DRİPLİNG,TOPU KISA ARALIKLARLA VEYA YAVAŞ YAVAŞ VURARAK İLERİ GÖTÜRMEK
DSÖ,DÜNYA SAĞLIK ÖRGÜTÜ
DSİ,DEVLET SU İŞLERİ
DT,DENTİST (KISACA)
DUA,ALLAHÜ TEALAYA YALVARMA
DUA,YAKARI
DUA,YAKARIŞ
DUA,YAKARMA
DUAYEN,KIDEM BAKIMINDAN BAŞTA GELEN
DUBA,BÜYÜK ŞAMANDIRA
DUBA,KÖPRÜ KURMAK İÇİN KULLANILAN ALTI DÜZ BİR TÜR DENİZ ARACI
DUDU,PAPAĞAN
DUKA,BİR ÇEŞİT VENEDİK ALTIN AKÇESİ
DUKA,BİR ÇEŞİT VENEDİK ALTIN AKÇESİNE VERİLEN AD
DUL,EŞİ ÖLMÜŞ KİMSE
DUMA,RUS PARLAMENTOSU NUN ALT KANADI
DUMA,RUS PARLAMENTOSUNUN ALT KANADI
DUO,MÜZİKTE İKİLİ
DURU,"TEMİZ, BERRAK"
DUT,BİR MEYVE
DUYGUYETİŞ,RESİMDEKİ OYUNCU
DUYUM,İSTİHBARAT
DUYURU,"İLAN, ANONS"
DY,DİSPROSYUM'UN SİMGESİ
DY,DİSPROSYUMUN SİMGESİ
DÖNEK,"KAYPAK, CAYGIN"
DÖŞ,"BAĞIR, GÖĞÜS"
DÖŞ,KABURGA ALTI
DÖŞEME,TABAN KAPLAMASI
DÜ,DİCLE ÜNİVERSİTESİ (KISACA)
DÜ,TAVLADA 'İKİ'
DÜ,TAVLADA İKİ SAYISI
DÜET,KARŞILIKLI İKİ KİŞİ TARAFINDAN SÖYLENEN ŞARKI
DÜET,İKİ KİŞİNİN SÖYLEDİĞİ ŞARKI
DÜK,BİR SOYLULUK UNVANI
DÜN,BİR ÖNCEKİ GÜN
DÜNÜR,KARI KOCANIN BABA VE ANALARININ HER BİRİ
DÜRÜ,GELİNİN ÇEYİZİ
DÜVE,BİR YAŞINI GEÇMİŞ İNEK YAVRUSU
DÜVE,İNEK YAVRUSU
DÜZ,"YALIN, SADE, SÜSSÜZ"
DÜZİÇİ,OSMANİYE İLÇESİ
DÜŞ,RÜYA
DÜŞ,‘... İKİNDİLERİ’ (MÜMTAZ TİFTİK KİTABI)
DİA,POZİTİF FİLM
DİA,SLAYT
DİA,"SLAYT, POZİTİF FİLM"
DİANA,ESKİ ROMA’DA VAHŞİ HAYVAN VE AV TANRIÇASI
DİBA,ALTIN VE GÜMÜŞ İŞLEMELİ BİR TÜR İPEKLİ KUMAŞ. İPEKTEN SARIMTIRAK DALLI NAKIŞLARLA İŞLENMİŞ BİR TÜR BEYAZ KUMAŞ
DİBA,ALTIN İŞLEMELİ İPEK KUMAŞ
DİBEK,BÜYÜK HAVAN
DİBEK,TAŞTAN BÜYÜK HAVAN
DİCLE,"ANADOLU’DAN DOĞARAK IRAK’ TAN GEÇEN, FIRAT İLE BİRLEŞEREK ŞATTÜLARAP ADIYLA BASRA KÖRFEZİNE DÖKÜLEN NEHİR"
DİCLE,DİYARBAKIR İLÇESİ
DİCLE,DİYARBAKIR'IN BİR İLÇESİ
DİDAKTİK,ÖĞRETİCİ
DİDE,ESKİ DİLDE GÖZ
DİDE,GÖZ
DİDE,GÖZ (ESKİ DİL)
DİFANA,ÜÇ KATLI BİR BALIK AĞI
DİGOR,KARS İLÇESİ
DİGOR,KARS’IN BİR İLÇESİ
DİGOR,KARS’IN BİR İLÇESİ.
DİJİTAL,SAYISAL
DİK,(BAKIŞ İÇİN) SERT
DİK,ESKİ DİLDE HOROZ
DİK,EĞİK OLMAYAN
DİK,"SERT, KALIN, TOK SES"
DİKE,BAKLAVA DİLİMİ
DİKEN,GÜLDEKİ SERT ÇIKINTI
DİKEY,AMUDİ
DİKEY,DİK OLARAK
DİKKAT,"İLGİ, ÖZEN"
DİKTE,"BİR BAŞKASINA O ANDA SÖYLEYEREK YAZDIRMA, YAZDIRIM"
DİKTE,YAZDIRMA
DİKİLİ,İZMİR İLÇESİ
DİKİLİTAŞ,OBELİSK
DİKİNE,"DİKEY OLARAK, DİKLEMESİNE"
DİKİNE,"MECAZEN, İNADINA"
DİKİŞ,GİYSİ DİKME İŞİ
DİL,DENİZE UZANAN DAR VE ALÇAK KARA PARÇASI
DİL,"GÖNÜL, YÜREK"
DİL,LİSAN
DİL,"LİSAN, ZEBAN"
DİLEKÇE,İSTİDA
DİLEMMA,İKİLEM
DİLLİ,"KONUŞKAN, CERBEZELİ"
DİLİ,DOĞU TİMOR UN BAŞKENTİ
DİLİ,DOĞU TİMORUN BAŞKENTİ
DİLİ,DOĞU TİMOR’ UN BAŞKENTİ
DİLİ,DOĞU TİMOR’UN BAŞKENTİ
DİMAĞ,BEYİN
DİMAĞ,ZİHİN
DİMYAT,SEYREK VE YUVARLAK TANELİ ÜZÜM
DİN,HALK DİLİNDE İLMEK
DİNAMO,"JENERATÖR, ÜRETEÇ"
DİNAMO,ÜRETEÇ
DİNAMO,"ÜRETEÇ, SÜRÜKLEYİCİ"
DİNEN,DİN BAKIMINDAN
DİNERİ,İSKAMBİL KÂĞITLARINDAKİ İŞARETLERDEN KARO
DİNERİ,İSKAMBİLDE KARO
DİNERİ,"İSKAMBİLDE KARO, ORYA"
DİNGİN,KIMILDAMAYAN SAKİN
DİNGİN,"KIMILDAMAYAN, SAKİN"
DİNOZOR,TARİH ÖNCESİ DÖNEMDE YAŞAYAN DEV HAYVAN?
DİP,TABAN
DİP,ÇUKUR BİR ŞEYİN EN ALT BÖLÜMÜ
DİREK,SÜTUN
DİREKT,ARACISIZ
DİRENİM,İNAT
DİREY,BELLİ BÖLGEDE YAŞAYAN HAYVANLAR
DİRİ,CANLI
DİRİ,"CANLI, ÖLÜ KARŞITI"
DİRİ,"GÜÇLÜ, ZİNDE"
DİSK,BİLGİSAYARIN BİLGİYİ DEPOLADIĞI YER?
DİSK,GRAMOFON PLAĞI
DİVA,ÜNLÜ KADIN ŞARKICI
DİVA,ÜSTÜN NİTELİKTE KADIN SANATÇI
DİYABETİK,ŞEKER HASTALIĞI İLE İLGİLİ
DİYADİN,AĞRI İLÇESİ
DİYALEKT,LEHÇE
DİYANET,DİN
DİYARE,TIP DİLİNDE İSHAL
DİYET,PERHİZ
DİYET,"PERHİZ, REJİM"
DİŞ,SARIMSAK TANESİ
DİŞİ,DOĞURGAN
DİŞİ,YAVRU DOĞURAN BİREY
EA,ARAP EMİRLİKLERİ PLAKASI
EA,ESKİ SÜMER SU TANRISI
EA,SÜMER SU TANRISI
EAT,TANZANYA PLAKASI
EAT,TANZANYA'NIN PLAKASI
EAT,TANZANYA’NIN PLAKASI
EAZIM,İLERİ GELEN BÜYÜKLER
EB,BABA (ESKİ DİL)
EB,EPİDERMOLİZİS BÜLLOZA (KISALTMA)
EB,ESKİ DİLDE BABA
EB,ESKİ DİLDE BABA CET
EBABİL,DAĞ KIRLANGICI
EBABİL,"DAĞ KIRLANGICI DENİLEN KÜÇÜK BİR KUŞ, KEÇİSAĞAN"
EBABİL,"DAĞ KIRLANGICI, KEÇİSAĞAN"
EBABİL,DAĞKIRLANGICI
EBAT,BOYUT
EBAT,BOYUTLAR
EBCET,ARAP ALFABESİNİN HER HANGİ BİR RAKAMI KARŞILAYAN VE ANLAMSIZ SEKİZ KELİMEDEN OLUŞAN DEĞİŞİK BİR DÜZENİ
EBE,BEBEK HEMŞİRESİ
EBE,DOĞUM YAPTIRAN
EBE,DOĞUM YAPTIRAN KADIN
EBE,DOĞUM İŞİNİ YAPTIRAN
EBE,DOĞUM İŞİNİ YAPTIRAN KADIN
EBE,NİNE (HALK AĞZI)
EBEDİ,"SONSUZ, BENGİ"
EBEDİ,"SONSUZ, ÖLÜMSÜZ"
EBEDİ,"SONSUZ, ÖLÜMSÜZ, BENGİ"
EBELEME,OYUNDA EBE YAPMA
EBELİK,EBEGÜMECİ
EBELİK,EBEGÜMECİ BİTKİSİNE VERİLEN AD
EBELİK,EBEGÜMECİ BİTKİSİNE VERİLEN BİR AD
EBER,İÇ ANADOLU’DA BİR GÖL
EBET,SONSUZLUK
EBK,ET VE BALIK KURUMU
EBKEM,"DİLSİZ, SESSİZ"
EBLEH,AKILSIZ BUDALA ALIK
EBLEH,"AKILSIZ, BUDALA, ALIK"
EBOLA,ÖLDÜRÜCÜ BİR VİRÜS
EBONİT,BİR ÇEŞİT PLASTİK MADDE
EBONİT,SICAĞA VE SOĞUĞA KARŞI DAYANIKLILIĞI KÜKÜRTLE ARTTIRILMIŞ KAUÇUK
EBONİT,YÜZ KISIM KAUÇUĞUN OTUZ İKİ KISIM KÜKÜRTLE İŞLENMESİNDEN ELDE EDİLEN PLASTİK MADDE
EBR,BULUT
EBREHE,DAĞ KIRLANGICI DA DENİLEN KÜÇÜK BİR KUŞ
EBRU,BİR SÜSLEME SANATI
EBRU,BİR TÜR KAĞIT SÜSLEMECİLİĞİ
EBRU,‘... CÜNDÜBEYOĞLU’ (AKTRİS)
EBRULİ,ÜZERİNDE DEĞİŞİK RENKLER BULUNAN
EBRUÖZKAN,RESİMDEKİ OYUNCU
EBRUŞAHİN,RESİMDEKİ OYUNCU
EBU,AVRUPA YAYIN BİRLİĞİ
EBU,AVRUPA YAYIN BİRLİĞİ (KISALTMA)
EBİSU,JAPON MİTOLOJİSİNDE BALIKÇILARIN TÜCCARLARIN KORUYUCUSU OLAN YEDİ SU TANRISINDAN BİRİ
EC,EKVATOR PLAKASI
EC,EKVATORUN PLAKA İŞARETİ
EC,EKVATOR’UN PLAKA İŞARETİ
ECDAT,"DEDELER, ATALAR"
ECDAT,GEÇMİŞTEKİ BÜYÜKLER ATALAR
ECE,"GÜZEL KADIN, KRALİÇE"
ECE,KRALİÇE
ECE,‘... SEÇKİN (ŞARKICI)
ECEABAT,ÇANAKKALE İLÇESİ
ECEABAT,ÇANAKKALE' NİN BİR İLÇESİ
ECEABAT,ÇANAKKALE'NİN BİR İLÇESİ
ECEL,ÖLÜM ZAMANI
ECEL,İNSAN HAYATININ SONA ERECEĞİ ZAMAN
ECEME,VAHŞİ ORMAN
ECEMÖZKAYA,RESİMDEKİ OYUNCU
ECEUSLU,RESİMDEKİ OYUNCU
ECNEBİ,YABANCI
ECZA,ÇEŞİTLİ AMAÇLARLA KULLANILAN KİMYASAL MADDE
ECZA,İLAÇ YAPILAN MADDELER
ECİNNİ,CİN
ECİR,SEVAP
ECİR,ÜCRETLE ÇALIŞAN KİMSE
ED,EDEBİYAT (KISACA)
EDA,"DAVRANIŞ, TAVIR"
EDA,"TAVIR, DAVRANIŞ"
EDA,"İŞVE, NAZ"
EDA,‘... ÖZÜLKÜ’ (ŞARKICI)
EDALI,"NAZLI, CİLVELİ, İŞVELİ"
EDAM,BİR TÜR PEYNİR
EDANİ,"AŞAĞILIK KİMSELER, ALÇAKLAR ANLAMINDA ESKİ SÖZCÜK"
EDAT,BİRLİKTE KULLANILDIĞI SÖLZER ARASINDA İLGİ KURMAYA YARAYAN KELİME
EDAT,İLGEÇ
EDE,"HALK DİLİNDE AĞABEY, AKA"
EDEBALİ,OSMAN GAZİNİN KAYINPEDERİ
EDEBALİ,OSMAN GAZİ’NİN KAYINPEDERİ
EDEBİ,"EDEBİYATLA İLGİLİ, YAZINSAL"
EDEBİ,YAZINSAL
EDEBİYAT,YAZIN
EDEBİYAT,"YAZIN, LİTERATÜR"
EDEP,TOPLUM TÖRESİNE UYGUN DAVRANMA
EDER,FİYAT
EDER,"FİYAT, PAHA, DEĞER"
EDER,"PAHA, FİYAT"
EDEVAT,BİR İŞ İÇİN GEREKLİ OLAN MALZEMELER
EDEVAT,BİR İŞ İÇİN GEREKLİ OLAN MALZEMELERİN TÜMÜ
EDEVAT,İŞ İÇİN GEREKLİ MALZEME
EDNA,EN AZ
EDREMİT,BALIKESİR İLÇESİ
EDREMİT,BALIKESİR'İN BİR İLÇESİ
EDİK,KISA ÇİZME
EDİLGEN,PASİF
EDİNÇ,EDİNİLEN ŞEY VEYA ŞEYLER
EDİNÇ,MÜKTESEBAT
EDİNİM,EDİNMEK İŞİ
EDİNİM,KAZANIM
EDİNİM,İKTİSAP
EDİRNE,BİR İLİMİZ
EDİRNE,OSMANLI BAŞKENTİ
EDİS,ÜNLÜ BİR ŞARKICI
EEG,BEYİN ELEKTROSU
EFAL,"FİİLLER, EYLEMLER ANLAMINDA ESKİ SÖZ"
EFE,EGE YİĞİDİ
EFE,ER YİĞİDİ
EFE,ZEYBEK
EFEKT,FİLMDE FON SESLENDİRMESİ
EFELEK,"HALK ARASINDA, HERKESİN SÖYLEDİĞİNİ YAPAN, İLTİFAT MERAKLISI KİMSEYE VERİLEN AD"
EFELEK,LABADA
EFELER,AYDIN İLÇESİ
EFEMİNE,KADINSI (ERKEK)
EFEMİNE,KADINSI DAVRANIŞLARI OLAN ERKEK
EFEMİNE,KADINSI DAVRANIŞLI ERKEK
EFES,EGE'DE ANTİK KENT
EFKAR,KAMUOYU
EFKAR,"TASA, KAYGI"
EFLANİ,KARABÜK İLÇESİ
EFLANİ,KARABÜK'ÜN BİR İLÇESİ
EFLATUN,AÇIK MOR RENK
EFLATUN,AÇIK MOR RENK.
EFLATUN,BİR RENK
EFRAT,BİREYLER
EFRAT,"BİREYLER, FERTLER"
EFSANE,"HAYALİ HİKAYE, SÖYLENCE"
EFSANE,OLAYLARI KONU EDİNEN HAYALÎ HİKÂYE
EFSUN,"BÜYÜ, SİHİR"
EFT,ELEKTRNİK FON TRANSFERİ
EFT,ELEKTRONİK PARA TRANSFERİ
EFTAL,"İYİLİKLER, İHSANLAR"
EFİN,ARDIÇ KOZALAĞI
EFİN,ELEKTRONİK DOSYALAMA KİMLİK NUMARASI (KISALTMA)
EGALE,"REKORU ELE GEÇİRME, SKORU YENİLEME"
EGALE,REKORU YENİLEME
EGE,"BEN, BENLİK"
EGE,BİR DENİZ ADI
EGE,COĞRAFİ BİR BÖLGEMİZ
EGE,VELİ
EGE,‘... AYDAN’ (AKTÖR)
EGEMEN,"HÜKÜMRAN, HAKİM"
EGEMENLİK,HÂKİMİYET
EGO,BEN
EGO,BEN (FELSEFE)
EGO,"BEN, BENLİK"
EGOİZM,BENCİLLİK
EGZAMA,MAYASIL
EH,BEZGİNLİK ANLATAN SÖZCÜK
EH,FENA DEĞİL
EHEM,ÇOK ÖNEMLİ
EHEMMİYETLİ,"ÖNEMLİ, MÜHİM"
EHLİ,EVCİL
EHRAM,PİRAMİT
EHİL,"BİR İŞTE YETKİLİ OLAN, BİR İŞİ YAPAN, ERBAP"
EHİL,"BİR İŞİ YAPAN, ERBAP"
EHİL,"BİR İŞİ YAPAN,ERBAP"
EJDER,BÜYÜK YILAN
EK,LAHİKA
EK,İLAVE
EKABİR,"BÜYÜKLER, İLERİ GELENLER"
EKABİR,DEVLET BÜYÜKLERİ
EKABİR,ESKİ DİLDE DEVLET BÜYÜKLERİ
EKAL,EN AZ
EKALİM,ESKİ DİLDE İKLİMLER
EKARTE,SAF DIŞI ETMEK
EKBER,"DAHA BÜYÜK, EN BÜYÜK"
EKBER,EN BÜYÜK
EKE,"AÇIKGÖZ, KURNAZ, HİN"
EKE,BAŞ ÇOBAN
EKE,"BÜYÜK, YETİŞKİN, YAŞLI"
EKE,"YAŞLI, KART"
EKE,‘ALGI ...’ (AKTRİS)
EKECEK,HALK DİLİNDE TOHUM
EKECEK,TOHUM
EKELEME,SERPEREK EKME
EKENEK,DÜZENLİ OLARAK EKİM YAPILAN ARAZİ
EKENEK,EKİLEN YER
EKENEK,"EKİLEN YER, MEZRA"
EKENEK,MEZRA
EKENEK,"MEZRA, EKİLECEK YER"
EKENEM,EKİLEN YER
EKER,TOHUM EKME AYGITI
EKER,"TOHUM EKME AYGITI,"
EKER,"TOHUM EKME AYGITI, MİBZER"
EKG,ELEKTROKAR DİYOGRAM
EKG,ELEKTROKARDİ YOGRAFİ KISALTMASI
EKG,ELEKTROKARDİY OGRAFİ KISALTMASI
EKG,ELEKTROKARDİYO GRAFİ KISALTMASI
EKG,ELEKTROKARDİYOG RAFİ KISALTMASI
EKG,ELEKTROKARDİYOGR AFİ KISALTMASI
EKG,ELEKTROKARDİYOGRAFİ
EKG,ELEKTROKARDİYOGRAFİ KISALTMASI
EKG,ELEKTROKARDİYOGRAM
EKLEM,MAFSAL
EKLEM,VÜCUT KEMİKLERİNİN UÇ UCA VEYA KENAR KENARA GELİP BİRLEŞTİĞİ YER
EKMEK,NAN
EKMEK,TAHILDAN YAPILAN TEMEL BESİN MADDESİ
EKMEK,TEMEL BESİN MADDESİ
EKO,SES YANKISI
EKO,YANKI
EKOL,"AKIM, OKUL"
EKOL,"BİR BİLİM VE SANAT KOLUNDA AYRI NİTELİK VE ÖZELLİKLERİ BULUNAN YÖNTEM YA DA AKIM, OKUL"
EKOL,SANATTA AKIM
EKOLALİ,YANKILI KONUŞMA
EKOLOJİ,CANLILARIN ARALARINDAKİ BAĞLANTILARI VE ORTAMLARIYLA OLAN İLİŞKİLERİNİ İNCELEYEN BİYOLOJİ DALI
EKOLOJİ,CANLILARIN ÇEVREYLE ETKİLEŞİMİNİ İNCELEYEN BİLİM DALI
EKOLOJİ,ÇEVRE BİLİMİ
EKONOMİ,İKTİSAT
EKONOMİK,"HESAPLI, İKTİSADÎ"
EKONOMİK,UYGUN FİYATLI
EKOSE,KARELİ KUMAŞ
EKOSE,RENGARENK KARELİ KUMAŞ
EKOSE,TÜRLÜ RENKLERDE KARELİ KUMAŞ
EKRAN,TELEVİZYON CAMI
EKRAN,"TELEVİZYON CAMI, GÖRÜNTÜLÜK"
EKREM,"YÜCE GÖNÜLLÜ, ÇOK ŞEREFLİ"
EKREM,‘... GÖKKAYA’ (UNUTULMAZ AKTÖR)
EKRU,HAM KETEN RENGİ
EKRU,KREM RENGİNE YAKIN BEYAZ
EKSER,BÜYÜK ÇİVİ
EKSER,"BÜYÜK ÇİVİ, ENSER"
EKSERİYET,"ÇOĞUNLUK, ÇOKLUK"
EKSPER,"BİLİRKİŞİ, UZMAN"
EKSPOZE,GÖZLER ÖNÜNE SÜRMEK
EKSTRE,HESAP ÖZETİ
EKSİ,ARTI KARŞITI
EKSİ,UCU YANIK ODUN
EKSİK,"NOKSAN, NATAMAM"
EKTİ,ASALAK
EKTİ,HER YİYECEĞE CANI ÇEKEN
EKÜRİ,AHIRDAŞ
EKÜRİ,AYNI AHIRDAN OLAN YARIŞ ATLARI
EKİCİ,"HERHANGİ BİR TARIM ÜRÜNÜNÜ ÜRETEN, TARIMLA UĞRAŞAN ÇİFTÇİ"
EKİCİ,ÇİFTÇİ
EKİM,BİR AY
EKİM,YILIN 10.AYI
EKİN,KÜLTÜR
EKİN,"KÜLTÜR, HARS"
EKİNLİK,EKİN EKİLMİŞ YER
EKİNOKS,GECE GÜNDÜZ EŞİTLİĞİ
EKİNOKS,GECE VE GÜNDÜZÜN EŞİTLİĞİ
EKİNOKS,"GÜNDÜZ, GECE EŞİTLİĞİ"
EKİNTÜRKMEN,RESİMDEKİ OYUNCU
EKİNÖZÜ,KAHRAMANMAR AŞ İLÇESİ
EKİNÖZÜ,KAHRAMANMARAŞ'IN BİR İLÇESİ
EKİP,TAKIM
EKİP,"TAKIM, GRUP"
EKİP,"TAKIM, KOL"
EKŞİ,LİMON TADINDA
EKŞİ,LİMON TADINDA OLAN
EL,BİR ORGANIMIZ
EL,OYUNDA KAĞIT ATMA SIRASI
EL,UZUV
EL,YABANCI
ELA,BİR GÖZ RENGİ
ELA,GÖZDE SARIYA ÇALAN KESTANE RENGİ
ELALEM,"EL GÜN, YABANCILAR"
ELALEM,"HERKES, EL"
ELALEM,"HERKES, EL GÜN"
ELALEM,YABANCILAR
ELAM,ESKİ BİR UYGARLIK
ELAMAN,BEZGİNLİK VE SIZLANMA ANLATIR
ELAMAN,BEZGİNLİK ÜNLEMİ
ELAMAN,"ÖĞE, UNSUR"
ELAN,"HENÜZ, ŞİMDİ, DAHA, HALA"
ELAN,"HENÜZ, ŞİMDİ, DAHA,HALA"
ELAN,ŞU ANDA BİLE
ELAN,ŞİMDİ
ELAN,"ŞİMDİ, ŞU ANDA"
ELARA,JÜPİTER GEZEGENİNİN BİR UYDUSU
ELARA,JÜPİTER'İN BİR UYDUSU
ELARA,JÜPİTER’İN BİR UYDUSU
ELASTİK,ESNEK
ELEK,ELEME ARACI
ELEK,ELEME GERECİ
ELEM,"ACI, ÜZÜNTÜ"
ELEM,"ACI, ÜZÜNTÜ, DERT"
ELEM,KEDER
ELEM,"KEDER, ÜZÜNTÜ"
ELEMAN,BİR TOPLULUKTA ÇALIŞAN İNSANLARIN HER BİRİ.
ELEMAN,"UNSUR, ÖGE"
ELEMAN,ÖGE
ELEMAN,"ÖĞE, UNSUR"
ELEMAN,"ÖĞLE, UNSUR"
ELEME,ELEKTEN GEÇİRME
ELEME,SEÇME YARIŞI
ELEMEK,ELEKTEN GEÇİRMEK
ELENSE,GÜREŞTE BİR OYUN
ELENTİ,"ARPA, BUĞDAY VE BENZERLERİNİN KALBURDAN GEÇİRİLMİŞ BÖLÜMÜ"
ELENTİ,KALBURDAN GEÇİRİLMİŞ BUĞDAY
ELERKİ,DEMOKRASİ
ELEZER,SADİST
ELGİN,GURBETTE YAŞAYAN
ELHAK,"DOĞRUSU, GERÇEKTEN"
ELK,BİR TÜR GEYİK
ELLİ,BİR SAYI
ELMA,BİR MEYVE
ELMA,BİR MEYVE (KIRMIZI YA DA YEŞİL RENGİ OLUYOR)
ELMALI,ANTALYA İLÇESİ
ELMAS,KIYMETLİ TAŞLARDAN BİRİ?
ELO,SATRANÇTA BİR DEĞERLENDİRME VE KLASMAN SİSTEMİ
ELO,SATRANÇTA BİR KLASMAN SİSTEMİ
ELO,SATRANÇTA KLASMAN SİSTEMİ
ELTİ,KADINA GÖRE KOCASININ ERKEK KARDEŞLERİNİN EŞLERİNDEN HER BİRİ
ELTİ,KARDEŞ KARILARI
ELTİ,KARDEŞ KARILARINDAN HER BİRİ
ELVAN,TÜRLÜ RENKLERDE OLAN
ELVEDA,AYRILIK SÖZÜ
ELYAF,DOKUMACILIK MADDESİ
ELZEK,"ÇOK GEREKLİ, VAZGEÇİLMEZ"
ELÇİ,BİR DEVLETİ YABANCI BİR ÜLKEDE TEMSİL EDEN GÖREVLİ
ELİF,ARAP ALFABESİNİN İLK HARFİ
ELİF,‘... ATAKAN’ (AKTRİS)
ELİK,DAĞ KEÇİSİ
ELİK,DAĞKEÇİSİ
ELİM,ACIKLI
ELİM,"ACINACAK, ACIKLI"
ELİPS,BASIK YUVARLAK
ELİPS,BÜTÜN NOKTALARININ BELİRLİ İKİ AYRI NOKTAYA OLAN UZAKLIKLARININ TOPLAMI BİRBİRİNE DENK OLAN KAPALI EĞR
ELİPS,BÜTÜN NOKTALARININ BELİRLİ İKİ AYRI NOKTAYA OLAN UZAKLIKLARININ TOPLAMI BİRBİRİNE DENK OLAN KAPALI EĞRİ
ELİPS,"DİLBİLGİSİNDE, EKSİLTİ"
ELİPS,KAPALI EĞRİ
ELİSA,AİDS TESTİ
ELİT,SEÇKİN
ELİŞİ,"MAKİNE KULLANMADAN YAPILAN ÖRGÜ, DİKİŞ VB. EL ÜRÜNÜ"
ELİŞİ,"OKULLARDA KAĞIT, MUKAVVA, TAHTA VB. İLE YAPTIRILAN ÇALIŞMALAR"
EM,MERHEM
EM,İLAÇ
EM,"İLAÇ, DEVA"
EM,"İLAÇ, MERHEM"
EM,"İLAÇ, ÇARE, DEVA"
EMA,BAĞIRSAKLAR
EMA,BAĞIRSAKLAR (ESKİ DİL)
EMA,ENDOMİSYAL ANTİKOR (KISALTMA)
EMA,ESKİ DİLDE BAĞIRSAKLAR
EMANET,"ESKİDEN, BAZI DEVLET DAİRELERİNE VERİLEN AD"
EMANET,KORUNMAK İÇİN BIRAKILAN
EMANET,"VEDİA, İNAM"
EMANET,"VEDİA,İNAM"
EMANET,"İNAM, VEDİA"
EMARE,"BELİRTİ, İPUCU"
EMARE,"BELİRTİ, İZ, İPUCU"
EMARET,BEYLİK
EMARET,"EMİRLİK, BEYLİK"
EMAY,BİR TÜR CİLA
EMAY,MADEN EŞYA ÜZERİNE VURULAN BİR CİNS CİLA
EMAY,SAYDAM CİLA
EMAY,SAYDAM VEYA DONUK CAMA BENZEYEN CİLA
EMAYE,EMAYLA KAPLANMIŞ
EMAYE,EMAYLA KAPLI OLAN
EMAYE,ÜZERİ EMAYLA KAPLANMIŞ OLAN
EME,"HALK DİLİNDE BABANIN KIZ KARDEŞİ, HALA"
EME,HALK DİLİNDE HALA
EMEK,"UZUN VE YORUCU, ÖZENLİ ÇALIŞMA"
EMEK,ZAHMET
EMEK,ÖZENLİ ÇALIŞMA
EMEKLİ,EMEK HARCANARAK ELDE EDİLEN
EMEKLİ,TEKAÜT
EMEKTAR,BİR GÖREVDE UZUN SÜRE KALIP O İŞE EMEĞİ GEÇMİŞ OLAN (KİMSE)
EMEKTAR,"ÇOK KULLANILMIŞ, ESKİ"
EMEL,GERÇEKLEŞTİRİLMESİ ZAMANA BAĞLI İSTEK
EMEL,‘... ÇÖLGEÇEN’ (AKTRİS)
EMEL,‘...ÇÖLGEÇEN’ (AKTRİS)
EMELÇÖLGEÇEN,RESİMDEKİ OYUNCU
EMEN,BAĞ ÇUBUĞU ÇUKURU
EMET,KÜTAHYA İLÇESİ
EMLAK,TAŞINAMAYAN MÜLK
EMLAK,"TAŞINMAZLAR, GAYRİMENKUL"
EMME,SOĞURMA
EMMEÇ,ASPİRATÖR
EMMİ,AMCA
EMMİ,HALK DİLİNDE AMCA
EMPATİ,DUYGUDAŞLIK
EMRAH,‘... ELÇİBOĞA’ (AKTÖR)
EMRE,"SEVGİLİ, YAR"
EMSİLE,ARAPÇA DİLBİLGİSİNDE FİİL ÇEKİM ÖRNEKLERİNİ İÇEREN KİTAP
EMSİLE,"MİSALLER, ÖRNEKLER"
EMTİA,"MAL, MALLAR"
EMU,AVUSTRALYA’DA YAŞAYAN BİR CİNS DEVEKUŞU
EMU,ELEKTRİKLİ ÇOKLU BİRİM (KISALTMA)
EMU,KOŞUCU DEVEKUŞU
EMU,UÇAMAYAN BİR KUŞ
EMİ,BİR TEMBİH SÖZÜ
EMİ,ELEKTROMANYETİK GİRİŞİM (KISALTMA)
EMİCİ,EMME ÖZELLİĞİ OLAN
EMİK,İNSAN BEYNİ
EMİN,GÜVENLİ
EMİN,GÜVENİLİR
EMİR,BUYRUK
EMİR,"BUYRUK, KOMUT"
EMİR,RESİMDEKİ ŞARKICI
EMİRBER,EMİR ERİ
EMİRERİ,"ESKİDEN, EMİRBER"
EMİSYON,"DEVLETÇE PARA, SENET VE TAHVİL ÇIKARMA"
EMİSYON,EKONOMİDE SÜRÜM
EN,BİR TÜR ÇUHA
EN,GENİŞLİK
EN,HAYVANA VURULAN DAMGA
ENA,KARA YUMUŞAKÇASI
ENAM,HALK (ESKİ DİL)
ENAM,HALK (ESKİDİL)
ENAM,KUR'ANDA 6. SÛRE
ENAM,KUR'AN’DA 6. SÛRE
ENAM,YARATILMIŞ BÜTÜN CANLILAR
ENANİYET,BENCİLLİK
ENAR,NAR (ESKİ DİL)
ENAYİ,AVANAK
ENAYİ,FAZLA BÖN
ENAYİ,"FAZLA BÖN, AVANAK"
ENAZ,"ASGARİ, MİNİMUM"
ENAZ,MEHİL
ENAZ,MİNİMUM
ENBİYA,"NEBİLER, PEYGAMBERLER"
ENCAM,"SON, İŞİN SONU"
ENDAZE,ALTMIŞBEŞ SANTİMLİK BİR UZUNLUK ÖLÇÜSÜ
ENDAZE,ÖLÇÜ
ENDİŞE,"KAYGI, TASA, ÜZÜNTÜ"
ENE,ARAPÇA DA BEN
ENE,ARAPÇA'DA BEN
ENE,BEN (ESKİ DİL)
ENEK,"ENENMİŞ, BURULMUŞ"
ENEK,YANAĞIN ALT KISMI
ENEK,İĞDİŞ EDİLMİŞ
ENEMEK,HADIM ETMEK
ENEMEK,HAYVANI İĞDİŞ ETMEK
ENERJİ,ERKE
ENERJİ,"ERKE, GÜÇ"
ENERJİK,GÜÇLÜ VE HAREKETLİ
ENEZ,EDİRNE İLÇESİ
ENEZ,HANTAL (HALK AĞZI)
ENEZE,"CILIZ, ZAYIF"
ENEZE,"CILIZ, ZAYIF, GÜÇSÜZ"
ENEZE,SISKA
ENF,BURUN
ENF,ESKİ DİLDE BURUN
ENGEBE,"ARIZALI, MEYİLLİ YER"
ENGEBE,"DEPREM, RÜZGAR, SEL VB. İÇ VE DIŞ ETMENLERİN ETKİSİYLE OLUŞAN, YAYLA, OVA, KOYAK, ÇUKUR, DAĞ VB. BİÇİMLERİN BÜTÜNÜ, YÜZEY ŞEKİLLERİ"
ENGEL,BİR İŞİN YAPILMASINI ZORLAŞTIRAN VEYA ENGELLEYEN DURUM
ENGEL,"MANİ, PÜRÜZ"
ENGEL,"MÜŞKÜL, MAİNA"
ENGİN,AÇIK DENİZ
ENGİN,ÇOK GENİŞ; VÂSİ
ENGİNÖZTÜRK,RESİMDEKİ OYUNCU
ENKAZ,YIKINTI
ENKAZ,"YIKINTI, DÖKÜNTÜ"
ENKAZ,"YIKINTI, DÖKÜNTÜ, ÇÖKÜNTÜ"
ENLEM,ARZ DERECESİ
ENLİ,GENİŞ
ENSAR,HAZRETİ MUHAMMED’E YARDIM EDEN VE İSLAMİYET’İN YAYILMASINA HİZMET EDEN KİMSELER
ENSAR,PEYGAMBER EFENDİMİZİN YARDIMCILARI
ENSE,BOYNUN ARKASI
ENSELEMEK,KAÇAN BİRİNİ YAKALAMAK
ENTARİ,BİR KADIN GİYECEĞİ
ENTARİ,GENELLİKLE TEK PARÇALI KADIN GİYECEĞİ
ENTEL,"MECAZEN, SAHTE AYDIN."
ENTERESAN,İLGİNÇ
ENTRİKA,"BİR İŞİ SAĞLAMAK YA DA BOZMAK İÇİN GİRİŞİLEN GİZLİ ÇALIŞMA, DOLAP, DESİSE."
ENTRİKA,"DALAVERE, ALAVERE"
ENVA,"TÜRLER, ÇEŞİTLER"
ENVANTER,MAL SAYIMI
ENVER,EN PARLAK
ENVER,‘ASLI ...’ (AKTRİS)
ENZİM,CANLILARDA BİYOKİMYASAL TEPKİMELERİ HIZLANDIRAN PROTEİN
ENZİM,FERMENT
ENİK,KEDİ KÖPEK YAVRUSU
ENİK,KEDİ YAVRUSU
ENİK,"KEDİ, KÖPEK YAVRUSU"
ENİKONU,İYİDEN İYİYE
ENİKONU,"İYİDEN İYİYE, İYİCE"
ENİN,"İNLEME, İNİLTİ"
ENİR,BİR TÜR YABAN MERSİNİ
ENİR,BİR TÜR YABANMERSİ Nİ
ENİR,BİR TÜR YABANMERSİNİ
ENİS,"DOST, YAKIN ARKADAŞ"
ENİS,‘... ARIKAN’ (AKTÖR)
EOLİT,İLK İNSANLAR TARAFINDAN YAPILDIĞI SANILAN EN ESKİ ALETLERE VERİLEN AD
EOS,YUNAN MİTOLOJİSİNDE ŞAFAK TANRIÇASI
EPE,BİR TÜR KILIÇ OYUNU
EPE,ESKRİMDE KULLANILAN ÜÇ SİLAHTAN BİRİ
EPE,"ESKRİMDE, DELİCİ KILIÇ"
EPEY,"ODUKÇA, HAYLİ"
EPEY,OLDUKÇA İYİ
EPEY,"OLDUKÇA, HAYLİ"
EPOPE,DESTAN
EPİDEMİ,SALGIN
EPİDEMİ,SALGIN (HASTALIK)
EPİDEMİ,SALGIN HASTALIK
EPİDERM,ÜST DERİ
EPİK,DESTANSI
EPİK,DESTANSI (ESER)
EPİK,"SANAT, HÜNER"
EPİLOG,BİR YAPITIN SONUÇ BÖLÜMÜ
EPİLOG,ESERİN SONUÇ BÖLÜMÜ
EPİTEL,VÜCUT YÜZEYİNİ KAPLAYAN DOKU
EPİZOT,BİR ROMANDAKİ OLAY
ER,ASKER
ER,ERKEK
ER,ERKEN
ER,RÜTBESİZ ASKER
ER,"‘TALAT ...’ (KEMANİ, BESTECİ, ŞARKICI)"
ERA,"BELİRLİ BİR ÇAĞ, DÖNEM VEYA ZAMAN"
ERA,"DEVİR, ÇAĞ"
ERA,ESKİ DİLDE OTLAR
ERA,OTLAR (ESKİ DİL)
ERAMİL,DUL KADINLAR
ERAMİL,DULLAR (ESKİ DİL)
ERAT,ERLER
ERBAA,TOKAT İLÇESİ
ERBAİN,HİCRİ TAKVİMDE 22 ARALIK 31 OCAK ARASI. KIRK GÜNLÜK KIŞ DÖNEMİ
ERBAİN,KIRK GÜNLÜK KIŞ DÖNEMİ
ERCANKESAL,RESİMDEKİ OYUNCU
ERCANYAZGAN,RESİMDEKİ OYUNCU
ERDEK,BALIKESİR İLÇESİ
ERDEM,FAZİLET
ERDEM,"FAZİLET, AHLAKIN ÖVDÜĞÜ HAREKETLERİN TÜMÜ"
ERDEM,FAZİLET.
ERDEMİT,VAN İLÇESİ
EREK,"AMAÇ, GAYE"
EREK,"GAYE, AMAÇ"
EREK,"MENZİL, AMAÇ"
EREN,ERMİŞ
EREN,"ERMİŞ, VELİ"
EREN,‘HASİBE ...’ (AKTRİS)
ERENER,‘SERTAB ...’ (ŞARKICI)
ERENLER,SAKARYA İLÇESİ
ERENVURDEM,RESİMDEKİ OYUNCU
ERG,BÜYÜK SAHRA’DA KUMULLARLA ÖRTÜLÜ BÖLGE
ERGANUN,ORG
ERGANİ,DİYARBAKIR İLÇESİ
ERGENE,MADEN YERİ
ERGENE,TEKİRDAĞ İLÇESİ
ERGENE,TEKİRDAĞ'IN BİR İLÇESİ
ERGİ,MAZHARİYET
ERGİN,"OLMUŞ, YETİŞMİŞ, KEMALE ERMİŞ"
ERGİN,REŞİT
ERGİN,"YETİŞMİŞ, KEMALE ERMİŞ"
ERK,"KUDRET, İKTİDAR"
ERK,"KUVVET, İKTİDAR"
ERKAN,GENERAL VEYA AMİRAL AŞAMASINDAKİ ASKERLER
ERKAN,İLERİ GELENLER
ERKANAVCI,RESİMDEKİ OYUNCU
ERKE,ENERJİ
ERKETE,ARGODA GÖZETLEME
ERKİN,SERBEST
ERLER,ERLER
ERMENEK,KARAMAN İLÇESİ
EROL,‘... EVGİN’ (ŞARKICI)
EROS,YUNAN AŞK TANRISI
EROZYON,AŞINMA
EROZYON,TOPRAK AŞINMASI
ERTAN,‘... SABAN’ (AKTÖR)
ERTELEME,TECİL ETMEK
ERTELEME,TEHİR
ERTEN,ŞAFAK
ERUH,SİİRT İLÇESİ
ERUH,SİİRT'İN BİR İLÇESİ
ERVAH,RUHLAR
ERZAK,UZUN SÜRE SAKLANABİLEN YİYECEKLER
ERZAK,UZUN SÜRE SAKLANABİLEN YİYECEKLERİN GENEL ADI
ERZİN,HATAY İLÇESİ
ERZİN,HATAY'IN BİR İLÇESİ
ERİC,‘... BANA’ (AKTÖR)
ERİK,BİR AĞAÇ TÜRÜ
ERİK,BİR MEYVE
ERİKA,SÜPÜRGE OTU
ERİKA,"SÜPÜRGEOTU, FUNDA"
ERİKE,PADİŞAH TAHTI
ERİKE,TAHT (ESKİ DİL)
ERİL,BAZI DİLLERDE ERKEK CİNSTEN SAYILAN (KELİME)
ERİL,MÜZEKKER
ERİM,MENZİK
ERİM,MENZİL
ERİME,(MECAZEN) ÇOK ZAYIFLAMA
ERİME,KATI HALDEN SIVI HALE GEÇME İŞLEMİ
ERİME,"MECAZEN, ÇOK ZAYIFLAMA"
ERİN,BALİĞ
ERİN,ERGEN
ERİNÇ,"RAHAT, HUZUR"
ERİTRE,AFRİKADA BİR ÜLKE
ERİTRE,AFRİKA’DA BİR ÜLKE
ERİVAN,ERMENİSTAN BAŞKENTİ
ERİVAN,ERMENİSTANIN BAŞKENTİ
ERİYİK,"MAHLUL, SOLÜSYON"
ERİYİK,İÇİNDEKİ KATI MADDE ERİMİŞ BULUNAN SIVI
ERİYİK,"İÇİNDEKİ KATI MADDE ERİMİŞ BULUNAN SIVI, SOLÜSYON"
ERİŞTE,EV MAKARNASI
ERİŞİM,"BELLİ İKİ YER ARASINDA GİDİP GELEBİLME, ULAŞIM"
ERİŞİM,"BELLİ İKİ YER ARASINDA GİDİP GELEBİLME, ULAŞIM, MUVASALA"
ERİŞİM,"ULAŞIM, MUVASALA"
ES,BİLİNÇ
ES,"BİLİNÇ, ŞUUR"
ES,NOKTADA DURAKLAMA
ES,NOTADA DURAKLAMA
ES,NOTADA DURAKLAMA ZAMANI
ESA,AVRUPA UZAY AJANSI
ESAME,"ADLAR, İSİMLER"
ESAME,İSİM LİSTESİ
ESAME,İSİMLER
ESAMİ,"ADLAR, İSİMLER"
ESAMİ,ESAME (ARAPÇA HALİ)
ESAMİ,İSİMLER
ESANS,"BİTKİLERDEN TÜRLÜ YOLLARLA ÇIKARILAN YA DA KİMYASAL YÖNTEMLERLE YAPILAN, KOKULU VE UÇUCU SIVI"
ESANS,KOKULU VE UÇUCU SIVI
ESARET,KÖLELİK
ESARET,TUTSAKLIK
ESAS,BİR İŞ VEYA SÖZDE DOĞRU BİÇİM
ESAS,"TEMEL, ANA"
ESAS,"YAPI TAŞI, ASLİYE"
ESASİ,ASAL
ESASİ,"TEMEL, ESAS"
ESATİR,MİTOLOJİ
ESATİRİ,MİTOLOJİK
ESB,AT (ESKİ DİL)
ESED,ASLAN (ESKİ DİL)
ESED,ESKİ DİLDE ASLAN
ESEF,YERİNME
ESEME,(HALK DİLİNDE) MANTIK
ESEME,HALK DİLİNDE MANTIK
ESEME,MANTIK
ESEN,"SAĞLIKLI, SALİM"
ESEN,"SIHHATLİ, SAĞLIKLI"
ESENLER,İSTANBUL İLÇESİ
ESENLER,İSTANBUL'UN BİR İLÇESİ
ESER,YAPIT
ESEİN,İLHAM
ESKORT,KORUMA ARACI
ESKRİM,"DÜRTÜCÜ KILIÇ, KESİCİ KILIÇ VE DELİCİ KILIÇ ADI VERİLEN SİLAHLARLA YAPILAN SPOR"
ESKRİM,KILIÇLA YAPILAN SPOR
ESKÜDO,ANGOLANIN PARA BİRİMİ
ESKÜDO,ANGOLA’NIN PARA BİRİMİ
ESKİ,'YENİ' KARŞITI
ESKİ,YENİ KARŞITI
ESKİL,AKSARAY İLÇESİ
ESKİL,AKSARAY'IN BİR İLÇESİ
ESKİZ,MİMARİ ESERLER VE RESİM İÇİN ÇİZİMLERLE YAPILAN ÖN ÇALIŞMA
ESKİZ,TASLAK
ESMA,ADLAR
ESMA,"ADLAR, İSİMLER"
ESMER,BİR TEN RENGİ
ESMER,"KARACA, YAĞIZ"
ESNEK,ELASTİKİ
ESPAS,SATIR ARALIĞI
ESPRİ,NÜKTE
ESRA,‘... BİLGİÇ’ (AKTRİS)
ESRA,‘... BİLGİÇ’ (AKTRİS):
ESRABİLGİÇ,RESİMDEKİ OYUNCU
ESRAR,"GİZLER, SIRLAR"
ESRAR,"SIRLAR, GİZLER"
ESRARONABAR,RESİMDEKİ OYUNCU
ESRİK,SARHOŞ
ESRİK,"SARHOŞ, MEST"
ESSAH,HALK DİLİNDE GERÇEK
ESTAMP,METAL YADA TAHTA ÜZERİNE KAZILDIKTAN SONRA BASILAN RESİM
ESTAMP,OYMA BASKI
ESTET,"GÜZELİ EN ÜSTÜN, EN YÜCE DEĞER SAYAN KİŞİ"
ESTET,"SANATSAL ÜRÜNLER ARASINDA GÜZELİ EN ÜSTÜN, EN YÜCE DEĞER SAYAN KİŞİ"
ESTETİK,GÜZELLİK DUYGUSU İLE İLGİLİ OLAN
ESTETİK,GÜZELLİK DUYGUSUNA UYGUN OLAN
ESVAP,GİYSİ
ESVED,"KARA, SİYAH"
ESİN,SABAH YELİ
ESİN,İLHAM
ESİNTİ,BELLİ BELİRSİZ HİSSEDİLEN HAFİF YEL
ESİNTİ,HAFİF YEL
ESİNTİ,NEFHA
ESİR,TUTSAK
ET,BESİN MADDESİ
ET,BİR BESİN MADDESİ
ET,BİR BESİN MADDESİ.
ET,BİR GIDA MADDESİ
ET,MISIR'IN PLAKASI
ET,MISIR’IN PLAKASI
ETA,AYRILIKÇI İSPANYOL TERÖR ÖRGÜTÜ
ETAJER,RAFLI KÜÇÜK DOLAP
ETAJER,"RAFLI, TAŞINABİLİR, KÜÇÜK DOLAP"
ETALON,KANUNÎ ÖLÇÜ MODELİ
ETALON,YASAL ÖLÇÜ MODELİ
ETAMİN,DELİKLİ BİR TÜR KUMAŞ
ETAMİN,SEYREK DOKUNMUŞ DELİKLİ BİR KUMAŞ
ETAMİN,SEYREK DOKUNMUŞ DELİKLİ KUMAŞ
ETAN,DOĞALGAZ BİLEŞENİ GAZ
ETAN,DOĞALGAZIN BİLEŞENİ BİR GAZ
ETAN,DOĞALGAZIN BİLEŞENİ GAZ
ETAN,DOĞALGAZIN İKİNCİ ÖNEMLİ BİLEŞENİ OLAN HİDROKARBON
ETANOL,ETİL ALKOL
ETANOL,"KİMYADA, ALKOL"
ETAP,ADIM
ETAP,SPORDA AŞAMA
ETAP,YARIŞ EVRESİ
ETAP,YARIŞTA BELİRLİ EVRE
ETEK,BİR KADIN GİYSİSİ
ETEK,GİYSİNİN ALT KENARI
ETEN,YEMİŞLERİN YENEN BÖLÜMÜ
ETEN,YEMİŞLERİN YENİLEN BÖLÜMÜ
ETENE,DÖLEŞİ
ETENE,MEŞİME
ETENE,"MEŞİME, DÖL EŞİ"
ETENE,"MEŞİME, DÖLEŞİ"
ETER,LOKMAN RUHU
ETER,LOKMAN RUHU (KİMYA)
ETER,LOKMANRUHU
ETFAL,ÇOCUKLAR
ETKEN,"ETKİ EDEN ŞEY, FAKTÖR"
ETKEN,FAKTÖR
ETKİ,TESİR
ETKİLİ,TESİRLİ
ETKİN,AKTİF
ETKİN,FAAL
ETKİN,"FAAL, AKTİF"
ETLİ,"DOLGUN, KALIN"
ETNA,SİCİLYA’DA ETKİN BİR YANARDAĞ
ETNA,İTALYA'DA YANARDAĞ
ETNİK,"KAVMİ, BUDUNSAL"
ETOL,GENELLİKLE KÜRKTEN YAPILMIŞ OMUZ ATKISI
ETOL,"GENELLİKLE KÜRKTEN, GÖSTERİŞLİ KUMAŞLARDAN YA DA YÜN ÖRGÜDEN YAPILMIŞ OMUZ ATKISI"
ETOL,UZUN OMUZ ATKISI
ETOL,YÜN ÖRGÜDEN YAPILMIŞ OMUZ ATKISI
ETRAF,TARAFLAR
ETRAF,ÇEVRE
ETÇİ,KASAP
ETÜT,ÖN ÇALIŞMA
ETÜV,DEZENFEKTE ARACI
ETÜV,EŞYA ÜZERİNDEKİ MİKROP VEYA UFAK BÖCEKLERİ BASINÇLI BUHARLA ÖLDÜRMEYE YARAYAN BÜYÜK KAZAN
ETİ,HİTİT
ETİ,‘İNSAN ... AĞIRDIR’ (ATASÖZÜ)
ETİK,AHLAKİ
ETİK,"TÖRE BİLİMİ, AHLAK"
ETİK,"TÖRE BİLİMİ, AHLAK. BİR KİMSENİN DAVRANIŞLARINA TEMEL OLAN AHLAK İLKELERİNİN TÜMÜ"
ETİKET,FİYAT YAFTASI
ETİKET,TOPLUM İÇİNDEKİ DAVRANIŞLARDA İZLENECEK YOL
ETİKET,YAFTA
ETİLEN,YANICI BİR GAZ
ETİLİ,‘CAN ...’ (TÜRKÜCÜ)
EU,EVROPİYUM SİMGESİ
EU,EVROPİYUM'UN SİMGESİ
EU,EVROPİYUMUN SİMGESİ
EURO,AB ORTAK PARA BİRİMİ
EURO,AVRUPA BİRLİĞİ PARA BİRİMİ
EURO,AVRUPA BİRLİĞİNE ÜYE ÜLKELERİN ORTAK PARA BİRİMİ
EV,BEYİT
EV,"HANE, KONUT"
EV,"KONUT, HANE"
EVAN,KAYA (İBRANİCE)
EVAN,ÇAĞ
EVAZE,ALTI GENİŞ ETEK
EVAZE,ETEK UCUNA DOĞRU GENİŞLEYEN
EVAZE,ETEK UCUNA DOĞRU GENİŞLEYEN (GİYSİ)
EVLA,DAHA İYİ
EVLAT,BİR KİMSENİN ÇOCUĞU
EVLİYA,ALLAH DOSTU ANLAMINDA BİR TASAVVUF TERİMİ
EVLİYA,ERMİŞ
EVRE,MERHALE
EVRE,SAFHA
EVRİMALASYA,RESİMDEKİ OYUNCU
EVSAF,VASIFLAR
EVSAF,"VASIFLAR, NİTELİKLER"
EVİN,BUĞDAY SÜTLACI
EVİN,BİR ŞEYİN İÇİNDEKİ ÖZ
EVİN,HABBE
EVİN,TAHIL TANESİ
EVİYE,MUTFAKTA BULAŞIK TEKNESİ
EY,BİR SESLENME ÜNLEMİ
EY,HİTAP ŞEKLİ
EY,SESLENME ÜNLEMİ
EYAG,"PİYALE, AYAKLI İÇKİ KADEHİ"
EYALET,BAĞIMSIZ BÜYÜK İL
EYALET,YÖNETİM BAKIMINDAN BAĞIMSIZ BÜYÜK İL
EYER,AT OTURMALIĞI
EYER,ATIN SIRTINA KONAN OTURMALIK
EYER,BİNEK HAYVANI OTURMALIĞI
EYER,"SEMER, OTURMALIK"
EYLEM,BİR DURUMU DEĞİŞTİRME YÖNÜNDE ETKİDE BULUNMA ÇABASI
EYLEM,FİİL
EYLEM,"FİİL, HAREKET, AKSİYON"
EYLÜL,YILIN DOKUZUNCU AYI
EYMİR,ANKARADA GÖL
EYMİR,ANKARA’DA GÖL
EYNESİL,GİRESUN İLÇESİ
EYNESİL,GİRESUN'UN BİR İLÇESİ
EYNESİL,GİRESUN’UN BİR İLÇESİ
EYTAM,YETİMLER
EYÜP,İSTANBUL İLÇESİ
EZA,"SIKINTI VERME, ÜZME"
EZA,ÜZGÜ
EZA,ÜZME
EZA,ÜZÜNTÜ
EZAN,"ARAPÇA’DA “DUYURU, İLAN, ÇAĞRI” ANLAMLARINA GELEN “ADHAN” SÖZCÜĞÜNDEN TÜRKÇEYE GEÇMİŞ OLAN KELİME"
EZAN,MÜSLÜMANLIKTA NAMAZ VAKTİNİ BİLDİRMEK İÇİN MÜEZZİNİN YÜKSEK SESLE YAPTIĞI ÇAĞRI
EZAN,NAMAZA YAPILAN ÇAĞRI
EZAN,NAMAZA ÇAĞRI
EZANİ,EZANLA İLGİLİ
EZEL,"BAŞLANGICI BELLİ OLMAYAN ZAMAN, ÖNCESİZLİK"
EZEL,"‘... SALIK’ (ŞARKICI, AKTRİS)"
EZELİ,"BAŞLANGICI OLMAYAN, ÖNCESİZ"
EZELİ,ÖNCESİZ
EZELİ,"ÖNCESİZ, ESKİ"
EZGİ,MELODİ
EZGİ,"NAĞME, MELODİ"
EZGİMOLA,RESİMDEKİ OYUNCU
EZGİŞENLER,RESİMDEKİ OYUNCU
EZO,‘... GENÇ’ (ŞARKICI)
EZİK,"BERE, ÇÜRÜK"
EZİK,"MECAZEN, PISIRIK"
EZİNE,ÇANAKKALE İLÇESİ
EZİYET,ZULÜM
EÇHEL,"ÇOK CAHİL, BİLGİSİZ"
EÇHEL,"ÇOK CAHİL, ÇOK BİLGİSİZ"
EĞE,KABURGA
EĞRETİ,ÜSTÜNKÖRÜ
EĞİL,DİYARBAKIR İLÇESİ
EĞİLİM,"MEYİL, TEMAYÜL"
EĞİR,ARILARIN ÇIKARDIĞI BİR TÜR SALGI.
EĞİTİM,TERBİYE
EİR,İRLANDA’NIN PLAKASI
EİRE,İRLANDA’NIN RESMİ ADI
EİRENE,YUNAN BARIŞ TANRIÇASI
EŞ,HAYAT ARKADAŞI
EŞ,PARTNER
EŞ,YEMEK
EŞAR,ESKİ DİLDE ŞİİRLER
EŞARP,BAŞ ÖRTÜSÜ
EŞARP,BAŞÖRTÜSÜ
EŞEK,MERKEP
EŞEK,"MERKEP, KARAKAÇAN"
EŞELEK,ELMA ARMUT GİBİ MEYVELERİN YENMEYEN İÇ BÖLÜMÜ
EŞELEK,"ELMA, ARMUT VB. MEYVELERİN YENMEYEN İÇ BÖLÜMÜ"
EŞELEK,MEYVELERİN YENMEYEN İÇ BÖLÜMÜ
EŞEY,CİNSİYET
EŞK,ESKİ DİLDE GÖZYAŞI
EŞK,GÖZYAŞI
EŞK,GÖZYAŞI (FARSÇA)
EŞKAL,"ŞEKİLLER, KILIK"
EŞME,UŞAK İLÇESİ
EŞREF,ÇOK ŞEREFLİ
EŞİK,KAPI ÖNÜNDEKİ BASAMAK
EŞİK,KAPIDA ALÇAK BASAMAK
EŞİT,AYNI HAKLARDAN YARARLANAN (KİMSE)
EŞİT,"DENK, AYNI DÜZEYDE"
EŞİT,MÜSAVİ
FA,BİR NOTA
FAAL,AKTİF
FAAL,ETKİN
FAAL,ÇALIŞIR DURUMDA
FAAL,ÇALIŞIR DURUMDA OLAN
FAALİYET,ETKİNLİK
FAALİYET,"ÇALIŞKANLIK, ÇALIŞMA"
FABL,MANZUM ÖYKÜ
FABL,ÖĞRETİCİ MASAL
FACİA,"ACIKLI OLAY, AFET"
FACİA,"ÇOK ÜZÜNTÜ VEREN, ACIKLI OLAY"
FADİK,AFYON YÖRESİNDE KADINLAR TARAFINDAN OYNANAN BİR HALK OYUNU
FADİK,‘... SEVİN ATASOY’ (AKTRİS)
FAGOT,"TAHTADAN PARÇALARI UÇ UCA TAKILI, UZUN BİR BORU BİÇİMİNDE, PERDELİ BİR ÜFLEMELİ ÇALGI"
FAGOT,ÜFLEMELİ BİR ÇALGI
FAHRİ,"GÖNÜLLÜ, KARŞILIKSIZ"
FAHRİ,ONURSAL
FAK,"KAPAN, TUZAK"
FAK,"TUZAK, KAPAN"
FAKAT,"AMA, LAKİN"
FAKAT,"LAKİN, AMA"
FAKFON,"BAKIR, NİKEL VE ÇİNKODAN OLUŞAN GÜMÜŞ GÖRÜNÜŞÜNDE BİR ALAŞIM"
FAKFON,"BAKIR, NİKEL VE İNKODAN OLUŞAN GÜMÜŞ GÖRÜNÜMÜNDE BİR ALAŞIM"
FAKFON,GÜMÜŞ GÖRÜNÜMÜNDE ALAŞIM
FAKTÖR,"ETKEN, ETMEN"
FAKİH,FIKIH BİLGİNİ
FAKİR,"OLMASI GEREKENDEN AZ, YOKSUL"
FAKİR,YOKSUL
FAL,BAKI
FALAKA,BİR DAYAK ARACI
FALAKA,BİR TÜR DAYAK CEZASI
FALAKA,BİR TÜR DAYAK CEZASI.
FALEZ,YALI YAR
FALEZ,YALIYAR
FALSO,BİR ŞARKI SÖYLENİRKEN YAPILAN NOTA YANLIŞLIĞI
FALSO,YANLIŞ DAVRANIŞ
FALYANOS,İRİ YUNUS BALIĞI
FALÇATA,EĞRİ KUNDURACI BIÇAĞI
FALİH,İSTEĞİNE KAVUŞAN
FAN,VANTİLATÖR
FANATİK,AŞIRI TUTKULU TARAFTAR
FANATİK,BAĞNAZ
FANATİK,SPOR GAZETESİ
FANFAR,ÜFLEMELİ ÇALGILAR ORKESTRASI
FANTA,BİR TÜR BAŞTANKARA
FANTA,DAĞ İSKETESİ
FANTİ,"İSKAMBİLDE OĞLAN, BACAK VEYA VALE ADLARIYLA BİLİNEN KAĞIT"
FANTİ,"İSKAMBİLDE VALE, BACAK, OĞLAN"
FANİ,"ÖLÜMLÜ, GELİP GEÇİCİ"
FANİ,İNSAN GÖZÜNÜN ALGILADIĞI IŞIK ŞİDDETİ
FANİLA,BİR TÜR İÇ ÇAMAŞIRI
FANİLA,BİR İÇ ÇAMAŞIRI
FAR,BİR MAKYAJ MALZEMESİ
FAR,GÖZ KAPAĞI BOYASI
FAR,OTO LAMBASI
FARAD,ELEKTRİK SIĞA BİRİMİ
FARAZİ,SANAL
FARAŞ,KISA SAPLI KÜREK
FARAŞ,SÜPRÜNTÜ ATMA KABI
FARAŞ,TOPLANAN SÜPRÜNTÜLERİ ALIP ATMAK İÇİN KULLANILAN BİR TÜR KÜREK
FARBALA,"GİYSİ KENARINA DİKİLEN BÜZGÜLÜ SÜS, FIRFIR"
FARE,KEMİRGEN BİR HAYVAN
FARE,KEMİRGEN HAYVAN
FARE,"KEMİRGEN, MEMELİ HAYVAN"
FARE,"SIÇANGİLLERDEN, KÜÇÜK VÜCUTLU, KEMİRGEN, MEMELİ HAYVAN"
FARK,"AYRIM, NÜANS"
FARS,İRAN ASILLI BİR KAVİM
FARZ,YAPILMASI ZORUNLU OLAN
FARİKA,AYIRMAÇ
FARİSİ,FARSÇA
FARİZA,"BORÇ, VAZİFE"
FARİZA,"YAPILMASI GEREKLİ ÖDEV, GÖREV"
FAS,AFRİKA'DA BİR ÜLKE
FAS,AFRİKA’DA BİR ÜLKE
FASILA,ARA
FASON,KESİM
FASİLE,FAMİLYA
FATANET,"ZİHİN AÇIKLIĞI, ANLAYIŞ"
FATIMA,HZ. PEYGAMBER’İN SOYUNU DEVAM ETTİREN KIZI
FATSA,ORDU İLÇESİ
FATSA,ORDU'NUN BİR İLÇESİ
FATİH,'..KISAPARMAK' (ŞARKICI)
FATİH,.....KISAPARMAK' (ŞARKICI)
FATİH,İSTANBUL İLÇESİ
FATİHA,KUR'ANDA İLK SÛRE
FATİHA,KUR'AN’DA İLK SÛRE
FAUL,MAÇTA KURAL DIŞI HAREKET
FAUL,MAÇTA SERT HAREKET
FAUNA,BELLİ BİR BÖLGEDE YAŞAYAN HAYVANLARIN TÜMÜ.
FAUNA,DİREY
FAVA,BİR BAKLA YEMEĞİ
FAVA,ZEYTİNYAĞLI BAKLA YEMEĞİ
FAVA,ZEYTİNYAĞLI BİR YEMEK
FAY,JEOLOJİDE KIRIK
FAY,JEOLOJİDE KÄ±RÄ±K
FAY,"JEOLOJİDE, KIRIK"
FAY,YER KIRIĞI
FAYTON,ATLI ARAÇ
FAZ,ELEKTRİK GERİLİMİNDE EVRE
FAZ,EVRE (ELEKTRİK)
FAZLA,"GEREĞİNDEN ÇOK, ARTAN MİKTAR"
FAZİLET,ERDEM
FAÇA,ARGODA GİYSİ
FAÇA,"ARGODA YÜZ, SURAT"
FAÇA,İSKAMBİL DESTESİNİN EN ALTINDAKİ KAĞIT
FAÇETA,ELMASIN TIRAŞ EDİLMİŞ YÜZLERİNDEN HER BİRİ
FAÇETA,ELMASIN YONTULMUŞ YÜZLERİNDEN HER BİRİ
FAÇETA,ELMASIN YONTULMUŞ YÜZÜ
FAİK,"ÜSTÜN, YÜKSEK"
FAİK,ÜSTÜNE
FAİL,"YAPAN, İŞLEYEN"
FB,FENERBAHÇE (KISALTMA)
FE,DEMİR (SİMGE)
FE,DEMİR (SİMGESİ)
FE,DEMİR SİMGESİ
FE,DEMİRİN SİMGESİ
FECAAT,ÇOK ACIKLI DURUM
FECİ,"ACIKLI, TRAJİK"
FEDERAL,FEDERASYON DURUMUNDA BİRLEŞMİŞ OLAN
FEK,"BOZMA, FESHETME"
FEK,ESKİ DİLDE BOZMA. FESHETME
FEKE,ADANA İLÇESİ
FELEK,"TALİH, BAHT, ŞANS"
FELEK,"ŞANS, BAHT, TALİH"
FELEK,"ŞANS, TALİH"
FELLAH,MISIR KÖYLÜSÜ
FEN,"BİLİM, BİLGİ"
FEN,TEKNİK
FENA,KÖTÜ
FER,GÖZDE CANLILIK
FERAH,"BOL, GENİŞ"
FERAH,HAVADAR
FERAHLATMAK,"RAHATLATMAK, SERİNLETMEK"
FERAHİ,"BOLLUK, GENİŞLİK"
FERDİ,BİREYSEL
FERDİ,KİŞİSEL
FERMA,AV KÖPEĞİNİN GİZLENDİĞİ YERDEN AVI GÖZETLEMESİ
FERMA,KÖPEĞİNİN AVI GÖZETLEMESİ
FERSAH,ESKİ UZUNLUK ÖLÇÜSÜ
FERİ,İKİNCİ DERECEDEN
FES,ESKİDEN KULLANILAN BİR BAŞLIK
FES,"KIRMIZI ÇUHADAN YAPILAN, TEPESİNDE PÜSKÜLÜ OLAN BİR TÜR BAŞLIK"
FES,PÜSKÜLLÜ BİR TÜR BAŞLIK
FES,PÜSKÜLÜ BİR TÜR BAŞLIK
FETHİYE,MUĞLA İLÇESİ
FETHİYE,MUĞLA'NIN BİR İLÇESİ
FETTAN,"FİTNECİ, KARIŞTIRICI"
FETÜS,CENİN
FETİH,BİR ŞEHRİ SAVAŞARAK ALMA
FEYYAZ,"BOL, VERİMLİ, GÜR"
FEYYAZ,"ÇOK VERİMLİ, GÜR"
FEYYAZDUMAN,RESİMDEKİ OYUNCU
FEZA,UZAY
FIR,GÜVENLİ HAVA HATTI
FITRAT,"YARADILIŞ, HİLKAT"
FITRİ,DOĞUŞTAN
FITRİ,"DOĞUŞTAN, YARATILIŞTAN"
FIÇI,KARNI ŞİŞ SU KABI
FIÇI,"KARNI ŞİŞ, ALTI DÜZ SU KABI"
FIŞTRA,HAKEM DÜDÜĞÜ
FL,FLEROVYUMUN SİMGESİ
FL,LİHTENŞTAYN PLAKASI
FLAMA,KÜÇÜK BAYRAK
FLAMA,İŞARET OLARAK KULLANILAN KÜÇÜK BAYRAK
FLAMBE,ALEVDE PİŞİRME
FLANDRA,DENİZCİLİKTE KURDELE BİÇİMİNDE BAYRAK
FLEBİT,TOPLARDAMARDA İÇ ZAR YANGISI
FLEBİT,TOPLARDAMARLA RDA İÇ ZAR YANGISI
FLEBİT,TOPLARDAMARLAR DA İÇ ZAR YANGISI
FLEBİT,TOPLARDAMARLARDA İÇ ZAR İLTİHABI
FLOR,SİMGESİ F OLAN ELEMENT
FLOR,‘F’ SİMGESİYLE GÖSTERİLEN ELEMENT
FLORA,"BİR BÖLGEDE YETİŞEN BİTKİLERİN HEPSİ, BİTKİ ÖRTÜSÜ"
FLORA,BİTKİ ÖRTÜSÜ
FLORİN,HOLLANDA ESKİ PARA BİRİMİ
FLORİN,HOLLANDA PARA BİRİMİ
FLOŞ,PARLAK BÜKÜMSÜZ İPLİK
FLU,"BULANIK, NET OLMAYAN"
FLU,FOTOĞRAFTA NET OLMAYAN GÖRÜNTÜ
FLU,NET OLMAYAN GÖRÜNTÜ
FLÖRE,DÜRTÜCÜ KILIÇ
FM,FERMİYUM SİMGESİ
FM,FERMİYUMUN SİMGESİ
FM,FERMİYUM’UN SİMGESİ
FO,BUDDHA’NIN ÇİN’DEKİ ADI
FOA,ÜÇ DİREKLİ YELKENLİLERDE MİZANA DİREĞİNİN EN ALTTA BULUNAN SERENİ
FOB,GEMİDE TESLİM SATIŞ
FOBİ,MANTIK DIŞI ÖNLENEMEZ KORKU
FOK,AYI BALIĞI
FOK,AYIBALIĞI
FOLLUK,TAVUK YUMURTLAMA YERİ
FON,BELİRLİ BİR İŞ İÇİN AYRILIP İŞLETİLEN PARA
FON,BELİRLİ BİR İŞ İÇİN GEREKTİKÇE HARCANMAK ÜZERE AYRILIP İŞLETİLEN PARA
FON,BİR İŞİN İÇİN AYRILAN PARA
FON,TİYATRODA DEKOR
FONEM,SES BİRİMİ
FONETİK,SES BİLGİSİ
FORA,YELKEN AÇMA KOMUTU
FORA,YELKEN AÇTIRMA KOMUTU
FORA,YELKENAÇTIRMA KOMUTU
FORA,YELKENLERİ AÇ KOMUTU
FORM,BİÇİM
FORM,"İSTENİLEN ŞEYLERİN YAZILMASI, DOLDURULMASI İÇİN HAZIRLANMIŞ BASILI BELGE"
FORMA,SPORCU GİYECEĞİ
FORMALİST,"BİÇİMCİ, ŞEKİLCİ"
FORMAT,BİLİŞİMDE BİÇİM
FORSA,KÜREK ÇEKEN TUTSAK
FORİNT,MACARİSTANIN PARA BİRİMİ
FORİNT,MACARİSTAN’IN PARA BİRİMİ
FOSİL,TAŞIL
FOTON,IŞIK HIZIYLA GİDEN PARÇACIK
FOYA,PARILTISINI ARTIRMAK İÇİN ELMAS TAŞLARININ ALTLARINA KONAN İNCE METAL YAPRAK
FOYA,İNCE METAL YAPRAK
FOÇA,İZMİR İLÇESİ
FOÇA,İZMİR'İN BİR İLÇESİ
FOŞA,BİR FINDIK ÇEŞİDİ
FOŞA,BİR TÜR FINDIK
FR,FRANSA’NIN PLAKASI
FR,FRANSİYUM SİMGESİ
FRAK,RESMİ TÖREN GİYSİSİ
FRAK,"RESMİ TÖRENLERDE GİYİLEN UZUN ETEKLİ, ETEĞİNİN ARKASI BELİNE KADAR YIRTMAÇLI, SİYAH, RESMİ ERKEK CEKETİ"
FRANSA,AVRUPADA BİR ÜLKE
FRANSA,AVRUPA’DA BİR ÜLKE
FRAPAN,"GÖZ ALICI, GÖZE ÇARPICI"
FRAPAN,"GÖZ ALICI, GÖZE ÇARPICI, ALIMLI"
FRAPE,BUZLU HAZIRLANAN İÇECEK
FRAPE,DONDURULMUŞ YADA BUZLU OLARAK HAZIRLANAN İÇECEK
FREN,ARACI DURDURAN SİSTEM
FREN,"BİR MAKİNENİN, HERHANGİ BİR TAŞITIN HIZINI KESMEYE YA DA ONU DURDURMAYA YARAYAN MEKANİZMA"
FREN,HIZ KESMEYE YARAYAN
FREZE,BİR TORNACI ALETİ
FREZE,BİR TORNACI ARACI
FRİKİK,SERBEST VURUŞ
FRİSA,KURUTULMUŞ RİNGA BALIĞI
FUAR,BÜYÜK TİCARİ SERGİ
FUAR,TİCARİ MAL SERGİSİ
FUAYE,TİYATRODA DİNLENME YERİ
FUELOİL,BİR YAKIT TÜRÜ
FULE,ADIM ARALIĞI
FULYA,BİR SÜS BİTKİSİ
FULYA,"NERGİSGİLLERDEN, SOĞAN KÖKLÜ BİR BİTKİ"
FUNDA,.......ARAR' (ŞARKICI)
FUNDA,SÜPÜRGE OTU
FURKANANDIÇ,RESİMDEKİ OYUNCU
FUT,"AYAK, KADEM"
FUTA,'KİK' DE DENİLEN KAYIK
FUTA,KİK DE DENİLEN KAYIK
FUTA,İPEKLİ PEŞTEMAL
FUTBOL,AYAK TOPU
FUŞYA,"CANLI, PARLAK VE KOYU PEMBE RENK"
FUŞYA,KOYU PEMBE RENK
FÖN,BİR İŞİN İÇİN AYRILAN PARA
FÖN,ÇOK SICAK VE KURU BİR RÜZGAR
FÖTR,BİR TÜR ŞAPKA
FÖTR,YUMUŞAK KEÇE
FÖY,KISA BİLGİLERİ İÇEREN BELGE
FÜG,ÇOK SESLİ MÜZİKTE BİR BESTE
FÜME,DUMAN RENGİ
Fİ,ÇOK ESKİ BİR TARİHİ ANLATIR
Fİ,ÇOK ESKİ TARİHİ ANLATIR
FİBULA,KAMIŞ KEMİĞİ
FİESTA,İSPANYOL ŞENLİĞİ
FİFA,DÜNYA FUTBOL FEDERASYONU
FİGAN,"BAĞIRARAK AĞLAMA, İNLEME"
FİGÜR,DANSTA ÖZEL HAREKET
FİKRET,"DÜŞÜNME, TEFEKKÜR"
FİKSTÜR,YARIŞMA ÇİZELGESİ
FİKİR,DÜŞÜNCE
FİKİR,"DÜŞÜNCE, İDE"
FİL,BİR HAYVAN
FİL,SATRANÇTA BİR TAŞ
FİL,ÇOK İRİ BİR HAYVAN
FİLA,ULUSLAR ARASI GÜREŞ FEDERASYONU
FİLARİZ,KETEN DÖVME TOKMAĞI
FİLARİZ,KETEN DÖVMEYE YARAYAN TOKMAK
FİLATELİ,PUL BİLİMİ
FİLATELİ,PUL KOLEKSİYON CULUĞU
FİLATELİ,PUL KOLEKSİYONCULUĞU
FİLATELİ,PULCULUK
FİLE,ALIŞVERİŞTE KULLANILAN AĞ TORBA
FİLE,AĞ TORBA
FİLETO,İNCE DİLİMLENMİŞ ET
FİLO,UÇAK TOPLULUĞU
FİLTRE,SÜZEK
FİLTRE,SÜZGEÇ
FİLTRE,"SÜZGEÇ, SÜZEK"
FİLİKA,CANKURTARAN SANDALI
FİNAL,DÖNEM SONU SINAVI
FİNANS,MALİ İŞLER
FİNANSAL,MALİ
FİNANSAL,"PARA, MAL"
FİNO,BİR KÖPEK CİNSİ
FİNİKE,ANTALYA İLÇESİ
FİRARİ,KAÇAK
FİRE,AĞIRLIK YİTİMİ
FİRUZE,DEĞERLİ BİR MİNERAL
FİRUZE,"KÜPE VE YÜZÜK TAŞI GİBİ BEZEK İŞLERİNDE KULLANILAN, MAVİ RENKLİ, SAYDAM OLMAYAN HİDRATLI DOĞAL ALÜMİNYUM VE FOSFATTAN OLUŞAN DEĞERLİ BİR MİNERAL"
FİSKE,PARMAK UÇLARIYLA YAPILAN HAFİF VURUŞ
FİSKE,PARMAK UÇLARIYLA YAPILAN HAFİF VURUŞ.
FİSKE,TUTAM
FİSTO,İŞLENMİŞ SÜSLÜ ŞERİT
FİSİL,TOHUMLUK SOĞAN
FİT,ÖDEŞME
FİT,ÖDEŞME (ARGO)
FİTNAT,ZİHİN AÇIKLIĞI
FİTNE,ARA BOZUCU
FİTİL,BİR TÜR İSKAMBİL OYUNU
FİTİL,BİR İSKAMBİL OYUNU
FİTİL,LAMBALARDA PAMUKTAN YAPILAN YAĞ ÇEKİCİ MADDE
FİTİL,YOLLU BİÇİMDE DOKUNMUŞ KUMAŞ
FİYAT,"PAHA, EDER"
FİYONK,KELEBEK ŞEKLİNDE KURDELE
FİYORT,DİK YAMAÇLI DERİN KÖRFEZ
FİĞ,"BAKLAGİLLERDEN, HAYVAN YEMİ OLARAK YETİŞTİRİLEN BİR BİTKİ"
FİĞ,HAYVAN YEMİ BİTKİSİ
FİİL,"İŞ, DAVRANIŞ"
FİİL,"İŞ, OLUŞ VEYA HAREKET BİLDİREN KELİME"
FİŞ,MAKBUZ
FİŞ,PRİZDEN ELEKTRİK AKIMI ALMAYA YARAYAN ARAÇ
GA,GALYUM (SİMGE)
GA,GALYUM'UN SİMGESİ
GABARİ,"BAZI EŞYAYA VERİLMESİ GEREKEN BOYUTLARI, YAN GÖRÜŞÜ ÇİZMEYE, HAZIRLAMAYA YADA DENETLEMEYE YARAYAN ÖRNEK"
GABARİ,HAZIRLAMAYA VEYA DENETLEMEYE YARAYAN ÖRNEK
GABARİ,TAŞITLARDA NİZAMİ YÜKSEKLİK
GABİ,"AHMAK, ANLAYIŞSIZ"
GABİ,"ANLAYIŞSIZ, AHMAK, KALIN KAFALI"
GACI,ÇİNGENELER ARASINDA KADIN İÇİN KULLANILAN BİR SÖZ
GAF,PATAVATSIZLIK
GAF,"PATAVATSIZLIK, POT"
GAFFAR,ALLAHÜ TEALANIN ESMA-İ HÜSNASINDAN
GAFFAR,"KULLARIN GÜNAHLARINI AFFEDEN, BAĞIŞLAYAN (TANRI)"
GAFUR,ALLAHÜ TEALANIN ESMA-İ HÜSNASINDAN
GAFUR,"ÇOK BAĞIŞLAYICI, MERHAMET EDEN VE BAĞIŞLAYAN (TANRI)"
GAFİL,AYMAZ
GAG,GÜLÜT
GAGA,ARGODA (AĞIZ)
GAGA,KUŞ AĞZINDAKİ UZANTI
GAGA,KUŞUN AĞZINDAKİ ÇIKINTI
GAGART,ZİNCİR KANCASI
GALA,FİLMİN İLK GÖSTERİMİ
GALA,GÖSTERİŞLİ TÖREN
GALA,RESMİ BİR TÖRENDEN SONRA YAPILAN BÜYÜK VE GÖSTERİŞLİ TÖREN
GALA,ÖN GÖSTERİM
GALABE,"GALİBİYET, YENGİ"
GALAKSİ,GÖK ADA
GALAKSİ,GÖKADA
GALAT,YANLIŞ KELİME VEYA SÖZ
GALAT,"YANLIŞ KELİME, YANLIŞ SÖZ"
GALATA,İSTANBUL'DA TARİHİ KULE
GALATASARAY,BİR FUTBOL KULÜBÜMÜZ
GALETA,FIRINDA PİŞİRİLEREK KURUTULAN UNLU YİYECEK
GALETA,UZUN PEKSİMET
GALEYAN,COŞMA
GALEYAN,COŞMA YA DA KAYNAMA
GALOŞ,AYAKKABI KILIFI
GALOŞ,TABANI TAHTADAN YAPILMIŞ DERİ AYAKKABI
GALİ,ALTI DÜZ GEMİ
GALİ,ALÇAK VE ALTI DÜZ GEMİ
GALİZ,KABA VE ÇİRKİN
GALİZ,"KABA VE ÇİRKİN, İĞRENÇ"
GAM,"TASA, KAYGI"
GAM,"TASA, KAYGI, ÜZÜNTÜ"
GAMA,YUNAN ALFABESİ HARFİ
GAMA,YUNAN ALFABESİNİN ÜÇÜNCÜ HARFİ
GAMET,ERKEK VEYA DİŞİ ÜREME HÜCRESİ
GAMZE,GÜLERKEN YANAKTA OLUŞAN ÇUKUR
GAMZE,ÇENE ÇUKURU
GANA,AFRİKADA BİR ÜLKE
GANA,AFRİKA’DA BİR ÜLKE
GANADERO,GÜREŞLER İÇİN BOĞA YETİŞTİREN KİMSE
GANG,MADEN CEVHER DAMARININ İŞLETİLEMEYEN DEĞERSİZ BÖLÜMÜ
GANG,MADENDE DEĞERSİZ BÖLÜM
GANYAN,AT YARIŞLARINDA BİRİNCİLİĞİ KAZANAN
GANYAN,BİRİNCİLİĞİ KAZANAN AT
GANİ,"BOL, ÇOK"
GANİMET,BİR RASTLANTI SONUCU ELE GEÇEN KAZANÇ VEYA İMKÂN
GANİMET,DÜŞMANDAN ELE GEÇİRİLEN MAL
GAR,BÜYÜK TREN İSTASYONU
GAR,ESKİDEN BULGAR KRALLARINA VERİLEN UNVAN
GARABET,"GARİPLİK, TUHAFLIK"
GARABET,"YADIRGANACAK YÖNÜ OLMA, GARİPLİK, TUHAFLIK"
GARD,BOKSTA KORUNMA
GAREZ,KİN
GAREZ,"KİN, DÜŞMANLIK"
GARİP,"KİMSESİZ, ZAVALLI"
GARİP,"KİMSESİZ, ZAVALLI."
GASP,BİR MALI SAHİBİNİN İZNİ VE HABERİ OLMADAN ZORLA ALMA
GASP,BİR MALI İZİNSİZ ZORLA ALMA
GASP,ZORLA ALMA
GAYDA,ZURNALI VE TULUMLU BİR ÇALGI
GAYDA,İSKOÇ MİLLÎ ÇALGISI
GAYE,AMAÇ
GAYE,"AMAÇ, EREK"
GAYE,"AMAÇ, HEDEF"
GAYE,"AMAÇ,EREK"
GAYRİMENKUL,"TAŞINMAZ MÜLK, ARAZİ VEYA BİNA"
GAZ,BİR TÜR YAKIT
GAZA,DİN ADINA YAPILAN SAVAŞ
GAZA,İSLAM DİNİNİ KORUMAK VEYA YAYMAK AMACIYLA KAFİRLERLE YAPILAN SAVAŞ
GAZEL,BİR NAZIM BİÇİMİ
GAZEL,KURUYUP DÖKÜLEN YAPRAK
GAİLE,"SIKINTI, DERT"
GAİLE,"SIKINTI, DERT, KEDER"
GAİLE,"SIKINTI, DERT, ÜZÜNTÜ"
GAİLE,"İSTENMEYEN DURUM, BAŞ BELASI"
GAİP,GÖRÜNMEZ ALEM
GD,GADOLİNYUMUN SİMGESİ
GE,GERMANYUM (SİMGE)
GE,GERMANYUM SİMGESİ
GE,GERMANYUM'UN SİMGESİ
GEBE,HAMİLE
GEBZE,KOCAELİ İLÇESİ
GEBZE,KOCAELİ'NİN BİR İLÇESİ
GEDA,DİLENCİ
GELEMEE,KOYUN YATAĞI
GELENİ,TARLA FARESİ
GELGEL,BAŞA TAKILAN ELMAS
GELGİT,DENİZLERDEKİ KABARMA VE ÇEKİLME HAREKETİ
GELGİT,METCEZİR
GELİBOLU,ÇANAKKALE İLÇESİ
GELİBOLU,ÇANAKKALE' NİN BİR İLÇESİ
GELİBOLU,ÇANAKKALE'NİN BİR İLÇESİ
GELİNFENERİ,KUŞ KİRAZI
GELİR,İRAT
GEM,AT AĞZINA TAKILAN DEMİR
GEM,ATI YÖNETMEK İÇİN AĞZINA TAKILAN DEMİR ARAÇ
GEMİ,BİR DENİZ TAŞITI
GEMİ,"DENİZ TAŞITI, SEFİNE"
GEMİ,SEFİNE
GEMİ,SU ÜSTÜNDE YÜZEN BÜYÜK TAŞIT
GEN,BİR SÜRE SÜRÜLMEYEREK BOŞ BIRAKILMIŞ TARLA
GEN,CANLIDA KALITIMSAL ÖGE
GEN,GENİŞ
GENETİK,KALITIM BİLİMİ
GENÇ,BİNGÖL İLÇESİ
GENÇ,BİNGÖL'ÜN BİR İLÇESİ
GEREDE,BOLU İLÇESİ
GERGEDAN,SALDIRICI BİR HAYVAN
GERGEF,NAKIŞ İŞLEME ÇERÇEVESİ
GERM,SICAK (ESKİ DİL)
GERİ,ARABA ÜZERİNE GERİLEREK İÇİNE SAMAN VEYA TAHIL DOLDURULMUŞ BÜYÜK KIL ÇUVAL
GERİ,"ARKA, PEŞ, ART"
GERİ,"ART, PEŞ"
GERİLİM,"GERGİN HAVA, TANSİYON"
GERİLİM,TANSİYON
GETR,BİR TÜR TOZLUK
GETTO,YAHUDİ MAHALLESİ
GETTO,ŞEHİRDE AZINLIK MAHALLESİ
GEVAŞ,VAN İLÇESİ
GEVAŞ,VAN'IN BİR İLÇESİ
GEYVE,SAKARYA İLÇESİ
GEYVE,SAKARYA'NIN BİR İLÇESİ
GEZ,İNŞAATÇI ÇEKÜLÜ
GEZELEME,EVLİ ÇİFTİN DÜĞÜNDEN SONRA YAPTIKLARI AKRABA ZİYARETİ
GEZELEME,HALK DİLİNDE GEZİNME
GEZİ,SEYAHAT
GEZİ,"UZUN YOLCULUK, SEYAHAT"
GIDA,BESİN
GINA,"BIKMA, USANMA"
GIPTA,İMREN
GIPTA,İMRENME
GIRNATA,HALK DİLİNDE KLARNET
GIRNATA,KLARNET
GIYBET,DEDİKODU
GIYBET,DEDİKODU. BİR KİŞİNİN GIYABINDA İLERİ GERİ KONUŞMAK
GLASE,YUMUŞAK DERİ
GLASE,ÜZERİNE SAYDAM BİR CİLA TABAKASI ÇEKİLMİŞ OLAN EŞYA
GLAYÖL,KUZGUN KILICI DA DENİLEN ÇİÇEK
GLAYÖL,KUZGUN KILICI ÇİÇEĞİ
GLOBAL,KÜRESEL
GLOBAL,"TOPTAN, TOPLAM"
GLOKOM,BİR GÖZ HASTALIĞI
GLOKOM,GÖZ TANSİYONU
GLOP,LAMBA KARPUZU
GNAYS,"KUVARS, MİKA VE FELDSPATTAN OLUŞMUŞ KAYAÇ"
GNOMON,YAZICI UÇ ADI VERİLEN VE GÖLGESİ DÜZLEMSEL BİR YÜZEYE DÜŞEN BASİT BİR ÇUBUKTAN OLUŞMUŞ İLKEL GÜNEŞ SAATİ
GO,ÇİN SATRANCI
GO,ÇİN VE JAPONYA’DA OYNANAN BİR STRATEJİ OYUNU. ÇİN SATRANCI
GOBLEN,KANAVİÇE VEYA TELLERİ SAYILABİLECEK TÜRDE KUMAŞ ÜZERİNE RENKLİ İPLİKLE YAPILAN ÖZEL BİR İŞLEME
GOBLEN,KUMAŞ ÜZERİNE İŞLEME
GOKART,KÜÇÜK YARIŞ ARABASI
GOL,FUTBOLDA SAYI
GOLF,BİR AÇIK HAVA SPORU
GONCA,TAM AÇILMAMIŞ ÇİÇEK
GONK,BOKSTA BAŞLAMA İŞARET ARACI
GONK,KEÇE VEYA BEZ KAPLI BİR TOKMAKLA VURULARAK TİTREŞMESİ SAĞLANAN BİR KURSTAN OLUŞAN VURGULU ÇALGI
GORİ,GÜRCİSTAN DA BİR KENT
GORİ,GÜRCİSTANDA BİR KENT
GORİ,GÜRCİSTAN’DA BİR KENT
GR,YUNANİSTAN PLAKASI
GR,YUNANİSTAN IN PLAKASI
GR,YUNANİSTANIN PLAKASI
GR,YUNANİSTAN’IN PLAKASI
GR,YUNANİSTAN’IN İNTERNET KODU
GRADO,BİR SIVININ İÇİNDEKİ ALKOL DERECESİ
GRADO,SIVIDAKİ ALKOL DERECESİ
GRAFİK,"BİÇİM, DESEN VEYA ÇİZGİLERLE GÖSTERME"
GRAFİK,ÇİZGİLERLE GÖSTERME
GRAM,KİLOGRAMIN BİNDE BİRİ
GRAMER,DİL BİLGİSİ
GRAMER,DİLBİLGİSİ
GRANİT,"FELDİSPAT, KUVARS, MİKA VE ORTOKLAZ MİNERALLERİNDEN BİRLEŞMİŞ, TÜRLÜ RENKTE BİLLURSU, ÇOK SERT BİR KAYAÇ"
GRANİT,ÇOK SERT BİR KAYAÇ
GRAVİTASYON,YERÇEKİMİNİ İNCELEYEN BİLİM DALI
GREK,"ESKİ YUNAN, HELEN"
GRENA,NAR ÇİÇEĞİ RENGİNDE BİR SÜS TAŞI
GRENA,NARÇİÇEĞİ RENGİNDE BİR SÜS TAŞI
GRES,MAKİNE YAĞI
GROGİ,ZOR DURUMDAKİ BOKSÖR
GROSA,ON İKİ DÜZİNE
GRUP,KÜME
GRİ,KÜL RENGİ
GRİ,"KÜL RENGİ, BOZ RENK"
GRİL,IZGARA
GRİZU,KÖMÜR OCAĞI GAZI
GS,GALATASARAY (KISALTMA)
GUATR,BÜYÜMÜŞ TİROİT BEZİ
GUATR,TİROİT BEZİNİN BÜYÜMESİ
GUT,"DAMLA HASTALIĞI, NIKRİS"
GUYANA,GÜNEY AMERİKA'DA BİR ÜLKE
GÖK,YERYÜZÜ ÜZERİNE MAVİ BİR KUBBE GİBİ KAPANAN BOŞLUK
GÖKSELARSOY,RESİMDEKİ AKTÖR
GÖLE,ARDAHAN İLÇESİ
GÖLE,ARDAHAN'IN BİR İLÇESİ
GÖMÜ,DEFİNE
GÖN,"İŞLENMİŞ DERİ, KÖSELE"
GÖRELE,GİRESUN İLÇESİ
GÜDERİ,YUMUŞAK VE MAT MEŞİN
GÜL,BAHÇEDE YETİŞEN BİR ÇİÇEK?
GÜL,GÜZEL KOKULU BİR ÇİÇEK
GÜLAB,GÜL SUYU
GÜLCANARSLAN,RESİMDEKİ OYUNCU
GÜLNAR,MERSİN İLÇESİ
GÜLNAR,MERSİN'İN BİR İLÇESİ
GÜLSİMALİ,RESİMDEKİ OYUNCU
GÜLÜMSEME,TEBESSÜM
GÜLŞEN,BİR KADIN ŞARKICI
GÜLŞEN,RESİMDEKİ ŞARKICI
GÜMRAH,GÜR AKAN SU
GÜN,GÜNDÜZ
GÜN,YİRMİDÖRT SAATLİK SÜRE
GÜNEBAKAN,AY ÇİÇEĞİNE VERİLEN BİR BAŞKA AD
GÜNEY,CENUP
GÜNEY,DENİZLİ İLÇESİ
GÜR,"BOL, VERİMLİ"
GÜR,"BOL, VERİMLİ, FEYYAZ"
GÜRSU,BURSA İLÇESİ
GÜRSU,BURSA'NIN BİR İLÇESİ
GÜRZ,AĞIR TOPUZ
GÜVENKIRAÇ,RESİMDEKİ OYUNCU
GÜZİDEARSLAN,RESİMDEKİ OYUNCU
Gİ,İKİNCİ DÜNYA SAVAŞI SIRASINDA ABD’Lİ ERLERE VERİLEN AD
GİB,EKVATOR AFRİKA’SINDA VE GÜNEY AFRİKA’DA YAŞAYAN KÜÇÜK ANTİLOP
GİDON,BİSİKLET DİREKSİYONU
GİDON,KOMODORLARA ÖZGÜ ÇIMASI ÇATAL BİÇİMİNDE KESİLMİŞ SANCAK
GİMİ,"GÖVDESİ, KABUĞU SOYULDUKTAN SONRA YENİLEN VEYA TURŞUSU YAPILAN YUMRU KÖKLÜ, BEYAZ ÇİÇEKLİ VE OTSU BİR BİTKİ"
GİNE,AFRİKA’DA BİR ÜLKE
GİRAY,KIRIM HANI
GİRAY,KIRIM HANLARINA VE HAN AİLESİNDEN OLAN PRENSLERE VERİLEN UNVAN
GİRAY,KIRIM HANLARINA VE PRENSLERİNE VERİLEN SAN
GİRAY,KIRIM HANLARINA VERİLEN ÜNVAN
GİRESUN,FINDIĞI İLE ÜNLÜ İLİMİZ
GİRİFT,BİRBİRİNİN İÇİNE GİRİP KARIŞMIŞ
GİRİFT,"KARMAŞIK, ÇAPRAŞIK"
GİTAR,BİR ENSTRÜMAN
GİTAR,TELLİ BİR ÇALGI
GİTEGA,BURUNDİ'NİN BAŞKENTİ
GİZ,SIR
GİZEM,SIR
GİZEMGÜNEŞ,RESİMDEKİ OYUNCU
HA,ALAN ÖLÇÜSÜ BİRİMİ HEKTARIN KISA YAZILIŞI
HA,ALAN ÖLÇÜSÜ BİRİMİ HEKTARIN KISA YAZILIŞI.
HA,HAHNYUM'UN SİMGESİ
HA,HAHNİYUM SİMGESİ
HA,HEKTAR (KISACA)
HA,İSTEK UYANDIRMA ÜNLEMİ
HAB,UYKU
HAB,UYKU (ESKİ DİLDE)
HABBE,SU KABARCIĞI
HABBE,"TAHIL TANESİ, EVİN"
HABERLEŞMEK,BİR DURUMU KARŞILIKLI OLARAK İLETMEK
HABEŞ,DERİSİNİN RENGİ ÇOK KOYU ESMER OLAN KİMSE
HABEŞİ,ETİYOPYALI
HABİP,SEVGİLİ
HABİS,"KÖTÜ, ALÇAK, SOYSUZ"
HABİS,"KÖTÜ, SOYSUZ, ALÇAK"
HAC,İSLAM'IN BEŞ ŞARTINDAN BİRİ
HAC,İSLAMIN BEŞ TEMEL ŞARTINDAN BİRİ
HACET,"GEREKLİLİK, LÜZUM"
HACET,"HERHANGİ BİR ŞEY İÇİN GEREKLİ OLMA, İHTİYAÇ, GEREKLİLİK"
HACET,"İHTİYAÇ, GEREKLİLİK"
HACI,DİN BUYRUKLARINI YERİNE GETİRMEK İÇİN HACCA GİTMİŞ MÜSLÜMAN.
HACI,HACCA GİTMİŞ OLAN
HACİR,KISIT
HAD,"SINIR, UÇ"
HAD,İNSANIN YETKİ VE DEĞERİ
HADİSE,BİR ŞARKICI
HADİSE,OLAY
HADİSE,"VAKA, OLAY"
HADİSESİZ,OLAYSIZ BİR BİÇİMDE
HAF,HÜCUMCULARLA SAVUNUCULAR ARASINDA YER ALAN OYUNCU
HAFAKAN,"SIKINTI, ÇARPINTI, AFAKAN"
HAFAKAN,İÇ SIKINTISI
HAFİK,SİVAS İLÇESİ
HAFİYE,DEDEKTİF
HAHAM,MUSEVİ DİN ADAMI
HAK,ADALET
HAKA,MAORİLERİN SAVAŞ DANSI
HAKAN,OSM. PADİŞAH ÜNVANI
HAKAN,‘... ALTUN’ (ŞARKICI)
HAKANBİLGİN,RESİMDEKİ OYUNCU
HAKANKURTAŞ,RESİMDEKİ OYUNCU
HAKEM,MAÇI YÖNETEN
HAKEM,MAÇI YÖNETEN KİMSE
HAKEZA,"BUNUN GİBİ, BÖYLE"
HAKİ,YEŞİLE ÇALAN TOPRAK RENGİ
HAKİKİ,GERÇEK
HAKİM,YARGIÇ
HAKİMANE,BİLGECE
HAKİMİYET,EGEMENLİK
HAKİR,AŞAĞI GÖRÜLEN
HAKİR,"AŞAĞI GÖRÜLEN, DEĞERSİZ"
HAL,META
HAL,VAZİYET
HAL,ÜSTÜ KAPALI PAZAR YERİ
HALA,BABANIN KIZ KARDEŞİ
HALAS,KURTULUŞ
HALAT,KENEVİRDEN KALIN İP
HALAT,ÇOK KALIN İP
HALE,"AY AĞILI, AYLA, AYEVİ"
HALE,"AYLA, AĞIL"
HALEF,ARDIL
HALEL,"BOZMA, BOZUKLUK"
HALI,ELEKTRİKLİ SÜPÜRGENİN TEMİZLEDİĞİ YER?
HALK,AHALİ
HALK,CUMHUR
HALK,"CUMHUR, AHALİ"
HALK,YURTTAŞLARIN BÜTÜNÜ
HALKA,ÇEMBER BİÇİMİNDE OLAN
HALKA,ÇEŞİTLİ METALLERDEN VEYA TAHTADAN YAPILMIŞ ÇEMBER
HALUK,'..BİLGİNER' (AKTÖR)
HALUK,....BİLGİNER' (AKTÖR)
HALUK,‘... LEVENT’ (ŞARKICI)
HALUKBİLGİNER,RESİMDEKİ AKTÖR
HALUKBİLGİNER,RESİMDEKİ OYUNCU
HALUKBİLGİNER,RESİMDEKİ SANATÇI
HALİME,PEYGAMBER EFENDİMİZİN SÜT ANNESİNİN ADI
HALİSANE,İÇTENLİKLE
HALİTERGENÇ,RESİMDEKİ OYUNCU
HAM,OLGUNLAŞ MAMIŞ
HAM,OLGUNLAŞMAMIŞ
HAM,OLMAMIŞ MEYVE
HAMAKAT,AHMAKLIK
HAMAM,"ISIDAM, YUNAK"
HAMAM,"YIKANILACAK YER, ISIDAM, YUNAK."
HAMAM,YUNAK
HAMAMÖZÜ,AMASYA İLÇESİ
HAMASİ,ABARTILI ANLATIM
HAMD,ALLAH’A ŞÜKRETME
HAMLE,ATILIM
HAMLE,"BİR İŞE BAŞLAMA; HAMLE YAPMA, ATILIM"
HAMSTER,DENEY FARESİ
HAMSİ,KARADENİZ BALIĞI
HAMSİ,"İNCE, UZUN BALIK"
HAMULE,YÜK
HAMİ,KORUYUCU
HAMİLE,GEBE
HAN,ESKİŞEHİR İLÇESİ
HAN,YOLCU KONAK YERİ
HANAK,ARDAHAN İLÇESİ
HANAY,"AVLU, İKİ VE DAHA ÇOK KATLI EV, SOFA"
HANAY,"SOFA, HOL"
HANAY,ÇOK KATLI EV
HANDEATAİZİ,RESİMDEKİ OYUNCU
HANDEERÇEL,RESİMDEKİ OYUNCU
HANE,EV HALKI
HANE,"EV, KONUT"
HANGAR,BÜYÜK ARAÇ KORUNAĞI
HANOİ,VİETNAMIN BAŞKENTİ
HANOİ,VİETNAM’IN BAŞKENTİ
HANÇERE,GIRTLAK
HANÖNÜ,KASTAMONU İLÇESİ
HANİ,DİYARBAKIR İLÇESİ
HANİ,DİYARBAKIR'IN BİR İLÇESİ
HAP,YUTULARAK ALINAN İLAÇ
HAPİS,BİR YERE KAPATIP SALIVERMEME
HAPİS,CEZAEVİ CEZASI
HAR,ESKİ DİLDE EŞEK
HAR,"KIZGIN, YAKICI"
HAR,"SICAK, KIZGIN, YAKICI"
HARA,AT ÜRETİLEN ÇİFTLİK
HARA,"ATLARIN YETİŞTİRİLDİĞİ VE BAKIMLARININ YAPILDIĞI, HAYVANLARIN RAHATÇA HAREKET ETMELERİNİ SAĞLAYAN ALANLARIN BULUNDUĞU TESİS"
HARAKİRİ,JAPONLARA ÖZGÜ İNTİHAR
HARAM,'HELAL' KARŞITI
HARAM,DİNEN YASAK OLAN
HARAM,HELAL KARŞITI
HARAM,HELAL' KARŞITI
HARAMİ,HAYDUT
HARAMİ,"HAYDUT, HIRSIZ"
HARAMİ,"HAYDUT, YOL KESEN"
HARAP,VİRAN
HARAP,"YIKKIN, VİRAN"
HARAR,BÜYÜK ÇUVAL
HARARE,ZİMBABVE'NİN BAŞKENTİ
HARARE,ZİMBABWEN İN BAŞKENTİ
HARARE,ZİMBABWENİN BAŞKENTİ
HARARE,ZİMBABWE’N İN BAŞKENTİ
HARARE,ZİMBABWE’NİN BAŞKENTİ
HARARET,"ISI, SICAKLIK"
HARAŞO,BİR TÜR YÜN ÖRGÜSÜ
HARBİ,SİLAH TEMİZLEME ÇUBUĞU
HARE,MENEVİŞ
HAREKET,"AKSİYON, DEVİNİM"
HAREKET,DEVİNİM
HAREM,KONAKTA KADINLAR BÖLÜMÜ
HAREM,SARAY VE KONAKLARDA KADINLARA AYRILAN BÖLÜM
HARMAN,TAHILI BAŞAKTAN AYIRMA
HARRAN,ŞANLIURFA İLÇESİ
HARS,KÜLTÜR
HARS,"KÜLTÜR, EKİN"
HARİS,AÇGÖZLÜ
HARİTA,YERYÜZÜ PLANI
HARİTA,YERYÜZÜ TASLAĞI
HAS,"KATIŞIKSIZ, SAF"
HAS,OSMANLI TOPRAK DÜZENİNDE YILLIK GELİRİ YÜZ BİN AKÇEYİ AŞAN DİRLİK
HAS,"ÖZGÜ, MAHSUS, ÖZE"
HASA,BİR ÇEŞİT PAMUKLU KUMAŞ
HASA,KORE'DE BİR ASKERİ RÜTBE
HASA,PATİSKA
HASA,PATİSKA.
HASANCANBAZ,"ÜNLÜ BİR ANİMATÖR, RESSAM"
HASAR,BİR OLAY SONUCU OLUŞAN ZARAR
HASAR,ZARAR
HASAR,"ZARAR, ZİYAN"
HASEKİ,PADİŞAH GÖZDESİ
HASENAT,"YARARLI, İYİ, GÜZEL İŞLER"
HASENAT,"YARARLI, İYİ, GÜZEL ŞEYLER"
HASENAT,İYİLİKLER
HASENE,ULAŞILMAK İSTENEN NİMET VE İMKANLARI İFADE EDEN
HASENE,"İYİ HAL VE HAREKETLERLE HOŞA GİDEN, ULAŞILMAK İSTENEN NİMET VE İMKANLARI İFADE EDEN BİR TERİM"
HASEP,"KİŞİSEL ÖZELLİK, NİTELİK"
HASLET,GÜZEL HUY
HASSA,HATAY İLÇESİ
HASSA,HATAY'IN BİR İLÇESİ
HASSAS,DUYARLI
HASTA,"SAĞLIĞI BOZULMUŞ, RAHATSIZ OLAN KİŞİ"
HAT,VÜCUT BİÇİMİ
HAT,ÇİZGİ
HATA,"YANILGI, YANLIŞLIK"
HATA,YANLIŞ
HATAY,BİR İLİMİZ
HATIRA,ANI
HATMİ,AĞAÇ KÜPESİ
HATMİ,AĞAÇKÜPESİ
HATMİ,"BİR SÜS BİTKİSİ, AĞAÇ KÜPESİ"
HATMİ,"EBEGÜMECİGİLLERDEN, BAZI CİSİMLERİNİN KÖK VE ÇİÇEKLERİ HEKİMLİKTE KULLANILAN, ÇOK YILLIK OTSU BİR SÜS BİTKİSİ, AĞAÇKÜPESİ."
HATTA,"BİLE, HEM DE"
HATTAT,GÜZEL EL YAZISI YAZAN SANATÇI
HATİCEŞENDİL,RESİMDEKİ OYUNCU
HATİME,"SON, SONUÇ"
HAV,HALI TÜYÜ
HAV,KADİFE YÜZEYİNDEKİ TÜY
HAV,"KADİFENİN İNCE TÜYÜ, KUMAŞ TÜYÜ"
HAVA,ÇEVREDEKİ BOŞLUK
HAVA,ÇEVREYİ KUŞATAN BOŞLUK
HAVANA,KÜBA BAŞKENTİ
HAVARİ,HZ İSANIN YARDIMCISI
HAVARİ,HZ İSA’NIN YARDIMCISI
HAVAİ,AÇIK MAVİ RENK
HAYA,UTANÇ
HAYAL,"GERÇEKTE VAR OLMAYAN, DÜŞÜNCEDE CANLANDIRILAN ŞEY"
HAYATİ,YAŞAMSAL
HAYFA,İSRAİL'DE LİMAN KENTİ
HAZ,"HOŞA GİDEN DUYGULANIM, HOŞLANMA, ZEVK"
HAZ,"HOŞLANMA, ZEVK"
HAZA,"EKSİKSİZ, KUSURSUZ"
HAZA,TAM ANLAMIYLA
HAZALKAYA,RESİMDEKİ OYUNCU
HAZAR,BARIŞ
HAZARERGÜÇLÜ,RESİMDEKİ OYUNCU
HAZRO,DİYARBAKIR İLÇESİ
HAZRO,DİYARBAKIR'IN BİR İLÇESİ
HAZİN,HÜZÜNLÜ
HAZİNE,BÜYÜK SERVET
HAZİNE,DEĞERLİ GÖMÜ
HAZİNE,DEĞERLİ ŞEYLERİN SAKLANDIĞI
HAZİNE,DEĞERLİ ŞEYLERİN SAKLANDIĞI YER
HAZİRE,ÇİTLE ÇEVRİLİ GİRİLMESİ YASAK YER
HAİL,ESKİ DİLDE ENGEL
HAİLE,ÇOK ACIKLI OLAY
HAİN,HIYANET EDEN
HAİN,İHANET EDEN
HAİZ,BİR ŞEYİ OLAN
HAŞA,"ASLA, KATİYYEN"
HAŞERE,BÖCEK
HAŞLAK,"KIZGIN, KAYNAR"
HAŞLAK,"KIZGIN, KAYNAR, ÇOK SICAK"
HE,HELYUM (SİMGE)
HE,HELYUM (SİMGESİ)
HE,HELYUM SİMGESİ
HE,HELYUM'UN SİMGESİ
HE,HELYUMUN SİMGESİ
HE,HELYUMUN SİMGESİ
HE,HELYUM’UN SİMGESİ
HEBA,BOŞA GİTME
HEBA,BİR İŞE YARAMADAN YOK OLMA
HEBA,"HİÇBİR İŞE YARAMADAN YOK OLMA, BOŞA GİTME"
HEDEF,NİŞAN ALINACAK YER
HEDİYE,ARMAĞAN
HEKTAR,BİR YÜZEY ÖLÇÜ BİRİMİ
HEKTAR,YÜZEY ÖLÇÜ BİRİMİ
HEKİM,DOKTOR
HEKİM,"DOKTOR, TABİP"
HEKİM,"TOPİK, DOKTOR"
HELAK,BİTKİN DURUMA DÜŞME
HELAK,"ÖLME, YOK ETME, YOK OLMA"
HELAK,"ÖLME, YOK OLMA"
HELAL,HARAM KARŞITI
HELAL,‘HARAM’ KARŞITI
HELECAN,YÜREK ÇARPINTISI
HELEN,"ESKİ YUNAN, GREK"
HELEN,"ESKİ YUNANLI, GREK"
HELEZON,"KIVRIMLI, YILANKAVİ BİÇİM"
HELEZON,"YILANKAVİ BİÇİM, HELİS"
HEM,"ESKİ DİLDE ÜZÜNTÜ, KAYGI."
HEM,"ZATEN, ÖZELLİKLE"
HEMPA,OMUZDAŞ
HEN,GÜNEYDOĞU ASYA’DA ÖZELLİKLE LAOS’TA KULLANILAN AĞIZLI ORG
HENÜZ,"AZ ÖNCE, DAHA ŞİMDİ"
HEP,"HER ZAMAN, DAİMA"
HEP,"SÜREKLİ OLARAK, DAİMA"
HERK,NADASA BIRAKILAN TARLA
HERK,"SÜRÜLDÜKTEN SONRA BİR YIL DİNLENDİRİLEN, NADASA BIRAKILAN TARLA"
HERK,SÜRÜLDÜKTEN SONRA NADASA BIRAKILAN TARLA
HEY,SESLENME ÜNLEMİ
HEY,SESLENMEK VEYA İLGİ VE DİKKAT ÇEKMEK İÇİN SÖYLENEN BİR SÖZ
HF,HAFNİYUM SİMGESİ
HF,HAFNİYUMUN SİMGESİ
HF,HAFNİYUMUN SİMGESİ
HF,HAFNİYUM’UN SİMGESİ
HG,CIVA'NIN SİMGESİ
HINZIR,İÇTEN PAZARLIKLI
HIRT,ARGODA KABA
HIRT,"ARGO’DA SERSEM, BUDALA, AHMAK"
HIZ,SÜR'AT
HIZ,SÜRAT
HIZAR,BÜYÜK TAHTA BIÇKISI
HIZAR,BİR TÜR BÜYÜK BIÇKI
HIZAR,"TAHTA VE KERESTE BİÇMEYE YARAYAN, ELEKTRİK VE SU GÜCÜYLE ÇALIŞAN BÜYÜK BIÇKI"
HIZLI,UZAK MESAFEYE HIZLI TREN?
HK,HONG KONG’UN PLAKASI
HM,HEKTOMETRE (KISACA)
HO,HOLMİYUM SİMGESİ
HO,HOLMİYUM'UN SİMGESİ
HO,HOLMİYUMUN SİMGESİ
HOKKA,MÜREKKEP KABI
HOL,SOFA
HOPA,ARTVİN İLÇESİ
HOR,"DEĞERSİZ, AŞAĞI"
HOR,"DEĞERSİZ, ÖNEMİ OLMAYAN, AŞAĞI"
HORASANİ,HOCA KAVUĞU
HORASANİ,ÜST BÖLÜMÜ SARIKTAN TAŞACAK BİÇİMDE YAPILMIŞ HOCA KAVUĞU
HORASANİ,ÜST BÖLÜMÜ SARIKTAN TAŞAN HOCA KAVUĞU
HORON,BİR HALK OYUNU
HOROZ,TAVUĞUN ERKEĞİ
HOYRAT,GÜNEYDOĞU ANADOLU İLE IRAK TÜRK BÖLGESİNDE EZGİYLE SÖYLENEN MANİ
HOYRAT,"KABA, KIRICI VE HIRPALAYICI"
HOZAT,TUNCELİ İLÇESİ
HOZAT,TUNCELİ'NİN BİR İLÇESİ
HP,BEYGİR GÜCÜ
HR,HIRVATİSTAN PLAKASI
HU,DERVİŞ SELAMI
HUD,BİR PEYGAMBER
HUDA,CENAB-I HAK
HUMAR,UYKU SERSEMLİĞİ
HUMAR,İÇKİ VEYA UYKU SERSEMLİĞİ
HUMUS,BİR NOHUT YEMEĞİ
HUN,ESKİ BİR TÜRK KAVMİ
HUN,KAN (ESKİ DİL)
HUNİ,KONİ BİÇİMLİ SIVI AKTARICI
HUNİ,SIVI AKTARAN KONİK ARAÇ
HURAFE,DİNE SONRADAN GİRMİŞ BOŞ İNANÇ
HURUFAT,MATBAACILIKTA HARF
HURUFİLİK,KURAN'IN HARFLERİNDEN ANLAM ÇIKARAN MEZHEP
HURUFİLİK,KURAN’IN HARFLERİNDEN BİRTAKIM ANLAM VE YARGILAR ÇIKARAN BİR MEZHEP
HUSUSİ,ÖZEL
HUTBE,CUMA VE BAYRAM NAMAZLARINDA MİMBERDE OKUNAN DUA VE VERİLEN ÖĞÜT
HUY,MİZAÇ
HUY,"MİZAÇ, TABİAT"
HUZUR,"GÖNÜL RAHATLIĞI, ERİNÇ"
HUŞU,ALÇAK GÖNÜLLÜLÜK
HUŞU,"TANRIYA BOYUN EĞME, GÖNLÜ SAYGI VE KORKUYLA DOLU OLMA"
HÖDÜK,"KORKAK, ÜRKEK KİMSE"
HÜMA,TALİH KUŞU
HÜNKAR,PADİŞAH
HÜSEYİNAVNİ,(... ... DANYAL) RESİMDEKİ OYUNCU
HİBE,BAĞIŞ
HİBE,"BAĞIŞ, BAĞIŞLAMA"
HİBEŞ,ANTALYA’YA ÖZGÜ TAHİNLE YAPILAN BİR YİYECEK
HİCRAN,AYRILIK ACISI
HİCRAN,AYRILIĞIN NEDEN OLDUĞU ACI
HİDİV,ESKİ MISIR VALİLERİNE VERİLEN AD
HİDİV,OSMANLI'DA MISIR VALİSİ
HİKAYE,BİR OLAYIN SÖZLÜ VEYA YAZILI OLARAK ANLATILMASI
HİKAYE,ÖYKÜ
HİKMET,"FELSEFE, BİLGELİK"
HİKMET,GİZLİ SEBEP
HİLAF,"AYKIRI, KARŞIT, TERS"
HİLALİ,HİLAL BİÇİMİNDE OLAN
HİLE,"BİR KİMSEYİ ALDATMAK, YANILTMAK İÇİN YAPILAN OYUN"
HİLE,ENTRİKA
HİLE,"OYUN, DOLAP"
HİLE,"OYUN, DOLAP, DESİSE"
HİLKAT,"YARADILIŞ, HUY, TABİAT"
HİMALAYALAR,ASYA’DA BİR DAĞ SIRASI
HİMMET,"YARDIM, KAYIRMA"
HİMMET,"ÇALIŞMA, ÇABA"
HİN,KURNAZ
HİN,"KURNAZ, CİN FİKİRLİ"
HİN,"KURNAZ, CİN FİKİRLİ KİMSE"
HİNT,HİNDİSTAN HALKI
HİS,DUYGU
HİSAR,KÜÇÜK KALE
HİSAR,"KÜÇÜK KALE, GERMEN"
HİSSE,PAY
HİT,LİSTE BAŞI
HİT,LİSTEBAŞI OLMUŞ ŞARKI
HİT,MÜZİKTE LİSTE BAŞI
HİTAM,"SON, BİTİM"
HİTİT,ETİ
HİV,AİDS VİRÜSÜ
HİZA,BİR ÇİZGİDE BULUNMA
HİZA,DOĞRU BİR ÇİZGİ ÜZERİNDE BULUNMA
HİZA,DOĞRU BİR ÇİZGİ ÜZERİNDE BULUNMA DURUMU
HİZA,DOĞRU ÇİZGİDE BULUNMA
HİÇ,"BOŞ, DEĞERSİZ"
HİÇ,NEYZEN TEVFİK’İN BİR ŞİİR KİTABI
IH,DEVE ÇÖKTÜRME KOMUTU
IH,DEVEYİ ÇÖKTÜRME KOMUTU
IH,DEVEYİ ÇÖKTÜRMEK İÇİN ÇIKARILAN SES
IHLAMUR,GÜZEL KOKULU ÇİÇEKLERİ ÇAY YAPIP İÇİLEN AĞAÇ
IHLAMUR,YARARLI BİR İÇECEK
IHLAMUR,ÇİÇEKLERİ ÇAY YAPIP İÇİLEN AĞAÇ
IKINMAK,SOLUĞUNU TUTARAK KENDİNİ ZORLAMAK
IKLAMAK,YÜK ALTINDA GÜÇLÜKLE SOLUMAK
IKLIĞ,ESKİ BİR TÜRK ÇALGISI
IKRAM,"ARMAĞAN ETME, SUNMA."
ILGAR,DİZGİNLERİ KOYUVERİLMİŞ ATIN DÖRTNALA KOŞMASI
ILGAR,DİZGİNLERİ KOYUVERİLMİŞ BİR ATIN DÖRT NALA KOŞMASI. SÜVARİ AKINI
ILGAR,SERBEST KOŞAN AT
ILGAZ,ÇANKIRI İLÇESİ
ILGAZ,ÇANKIRI İLİNE BAĞLI İLÇELERDEN BİRİ
ILGIN,AKDENİZ BÖLGESİ'NDE YETİŞEN BİR AĞAÇ
ILGIN,AKDENİZ BÖLGESİ'NDE YETİŞEN BİR AĞAÇ VEYA AĞAÇÇIK CİNSİ
ILICA,KAPLICA
ILICA,SUYU SICAK OLARAK YERDEN ÇIKAN HAMAM
ILICAK,ILIKÇA
ILIK,DÜĞME DELİĞİ
ILIK,SICAKLA SOĞUK ARASI
ILIK,SOĞUK SICAK ARASI
ILIMAN,MUTEDİL
ILIMAN,SICAKLIĞI ÇOK YÜKSEK VEYA ÇOK DÜŞÜK OLMAYAN YER
ILO,ULUSLARARASI ÇALIŞMA ÖRGÜTÜ
IN,İNDİYUMUN SİMGESİ
IR,İRİDYUM SİMGESİ
IR,"ŞARKI, TÜRKÜ"
IRA,KARAKTER
IRA,"KARAKTER, SECİYE"
IRA,"SECİYE, KARAKTER"
IRAK,ORTADOĞU’ DA BİR ÜLKE
IRAK,TÜRK MÜZİĞİNDE BİR MAKAM
IRAK,UZAK
IRALAMA,IRALAMAK İŞİ
IRALAMA,KARAKTERİZE ETME
IRAMA,UZAKLAŞMA
IRAMAK,UZAKLAŞMAK
IRAMAK,UZAKLAŞMAK (HALK AĞZI)
IRGALAMAK,YERİNDEN OYNATIP SALLAMAK
IRGAT,TARIM İŞÇİSİ
IRGAT,"TARIM İŞÇİSİ, GÜNDELİKÇİ"
IRK,KALITIMSAL OLARAK ORTAK FİZİKSEL VE FİZYOLOJİK ÖZELLİKLERE SAHİP İNSANLAR TOPLULUĞU
IRK,SOY
IRMAK,BÜYÜK AKARSU
IRMAK,NEHİR
IRZ,BİR KİMSENİN BAŞKALARI TARFAINDAN DOKUNULMAMASI GEREKEN İFFETİ
IRZ,"BİR KİMSENİN, BAŞKALARI TARAFINDAN DOKUNULMAMASI VE SAYGI GÖSTERİLMESİ GEREKEN İFFETİ"
IRZ,"NAMUS, İFFET"
IS,"SAHİP, İYE"
ISI,"FİZİKSEL BİR OLAYA DAYALI, BELİRLİ BİR ÖLÇÜ ÜZERİNE KURULMUŞ OLAN SICAKLIK VE SOĞUKLUK DERECESİ"
ISI,HARARET
ISI,"HARARET, SICAKLIK"
ISI,"SICAKLIK, HARARET"
ISIN,KALORİ
ISIN,ŞUA
ISKA,HEDEFİ TUTTURAMAMA
ISKA,HEDEFİ VURAMAMA
ISKAT,BİR HAK VEYA MÜKELLEFİYETİ DÜŞÜRME ANLAMINDA FIKIH TERİMİ
ISKAT,ÖLEN İÇİN VERİLEN SADAKA
ISKAT,ÖLENLERİN KILINMAMIŞ NAMAZLARI VE TUTULMAMIŞ ORUÇLARI İÇİN VERİLEN SADAKA
ISKAT,"ÖLÜNÜN RUHUNUN AZAP ÇEKMEMESİ İÇİN DAĞITILAN, ÖLENLERİN KILINMAMIŞ NAMAZLARI VE TUTULMAMIŞ ORUÇLARI İÇİN VERİLEN SADAKA"
ISKOTA,YELKEN YÖNETME İPİ
ISLAK,"SUYA BATIRILMIŞ, ÜZERİNE SU DÖKÜLMÜŞ OLAN, YAŞ"
ISPARTA,BİR İLİMİZ
ISRAR,ÜSTELEME
ISRAR,"ÜSTELEME, AYAK DİREME"
ISRARCI,"İNAT EDEN, SÜREKLİ TALEPTE BULUNAN"
ISTAR,"HALI, KİLİM DOKUNAN TEZGAH"
ISTAR,"HALI, KİLİM TEZGAHI"
ISTILAH,TERİM
ITIR,GÜZEL KOKU
ITRİ,"GÜZEL KOKULU, ITIRLI"
ITRİ,HOŞ KOKULU
ITRİ,"ITIRLI, KOKULU"
IZDIRAP,"ACI, SIKINTI, KEDER"
IZGARA,GRİL
IZGARA,"METAL ÇUBUKLARIN, AĞAÇ DALLARININ ARALIKLI SIRALANMASIYLA YAPILAN PARMAKLIK"
IZRAR,"ESKİ DİLDE ZARAR VERME, ZARARA SOKMA"
IZRAR,ZARAR VERME
IĞIL,BELLİ OLMAYACAK KADAR YAVAŞ AKAN SU
IĞIL,YAVAŞ AKAN SU
IŞIK,AYDINLATMAYA YARAYAN ARAÇ
IŞIK,AYDINLATMAYI SAĞLAYAN ENERJİ TÜRÜ
IŞILAK,HALK DİLİNDE PARILTI
IŞIN,"IŞIK DEMETİ, ŞUA"
IŞIN,ŞUA
IŞINIM,RADYASYON
IŞINKARACA,RESİMDEKİ ŞARKICI
IŞKI,DERİ KESME BIÇAĞI
JA,JAMAİKA’ NIN PLAKASI
JA,JAMAİKA’NIN PLAKA İŞARETİ
JA,JAMAİKA’NIN PLAKASI
JAGUAR,BENEKLİ BİR HAYVAN
JAGUAR,VAHŞİ BİR HAYVAN
JAKET,BEYAZ PORSELEN KAPLAMA
JAKO,"BATI AFRİKA ORMANLARINDA, GİNE İLE LİBERYA ARASINDA YAŞAYAN, TÜRLERİ İÇİNDE EN İYİ KONUŞAN GRİ PAPAĞAN"
JAKO,GRİ PAPAĞAN
JAKOBEN,DEVLETİN MERKEZİYETÇİLİĞİNİ SAVUNAN KİMSE
JAKOBEN,TEPEDEN İNMECİ
JAKUZİ,"MASAJ AKTİVİTELİ HAVUZLU BANYO, SAĞLIK HAVUZU"
JAKUZİ,SAĞLIK HAVUZU
JALE,ÇİY
JALE,"ÇİY, KIRAĞI"
JANR,TARZ
JANR,"ÇIĞIR, TARZ"
JANT,TAŞITLARDA LASTİKLERİN TAKILDIĞI TEKERLERİN ÇEMBER BİÇİMİNDEKİ BÖLÜMÜ
JANT,TAŞITLARDA LASTİKLERİN TAKILDIĞI TEKERLEĞİN ÇEMBER BİÇİMİNDEKİ BÖLÜMÜ
JANT,TEKERLEK ÇEMBERİ
JAPONE,ELBİSEDE BİR TÜR KOL KESİMİ
JAPONE,KOLSUZ KADIN GİYSİSİ
JAPONE,"KOLSUZ, BOL VE GENİŞ KADIN GİYSİSİ"
JARGON,"BOZUK DİL, ARGO"
JARSE,ESNEK DOKUNMUŞ İPEKLİ VEYA YÜNLÜ BİR KUMAŞ TÜRÜ
JARSE,ESNEK DOKUNMUŞ İPEKLİ YADA YÜNLÜ BİR KUMAŞ
JEL,BİR KREM TÜRÜ
JEL,JÖLE YAPISINDA KREM
JEL,JÖLE YAPISINDA KREM TÜRÜ
JEL,LÖLE YAPISINDA KREM TÜRÜ
JEL,TEDAVİ AMACIYLA KULLANILAN JÖLE YAPISINDA BİR KREM TÜRÜ
JELOZ,AGARAGAR
JELOZ,BİR TÜR JELATİN
JENERİK,FİLMİN BAŞLANGIÇ YAZILARI
JENERİK,TANITMA ADI
JEOLOJİ,YER BİLİMİ
JET,TEPKİLİ UÇAK
JET,ÇOK HIZLI UÇAK TÜRÜ
JETLAG,UZUN UÇUŞ UYUMSUZLUĞU
JETSKİ,SU KIZAĞI
JOJOBA,MEKSİKA’DA YETİŞEN VE TOHUMLARINDAN ELDE EDİLEN YAĞI KOZMETİK SANAYİNDE KULLANILAN BİR BİTKİ
JOKEY,YARIŞ ATI BİNİCİSİ
JOKEY,"YARIŞ ATLARINA BİNEN, YETENEKLERİ BU AMACA GÖRE GELİŞTİRİLMİŞ KİMSE"
JOTA,"KUZEY İSPANYA’DA, ÖZELLİKLE ARAGON’DA YAPILAN GELENEKSEL KUR DANSI"
JUL,FİZİKTE BİR İŞ
JUL,FİZİKTE BİR İŞ BİRİMİ
JÖN,ERKEK BAŞROL OYUNCUSU
JÖN,ÖNEMLİ ROLLERDE OYNAYAN GENÇ ERKEK OYUNCU
JÜPON,İÇ ETEK
JÜRİ,SEÇİCİ KURUL
JÜT,ÇUVAL YAPIMINDA KULLANILAN BİTKİ
JİBON,"HİNDİSTAN YARIMADASINDA YAŞAYAN KUYRUKSUZ, ÇOK UZUN KOLLU MAYMUNLARIN ORTAK ADI"
JİG,BİR ORTAÇAĞ ÇALGISI
JİK,YAĞMUR DAMLASI
JİLE,DAHA ÇOK KADINLARIN BLUZ ÜZERİNE GİYDİKLERİ YELEK
JİLE,KOLSUZ ELBİSE
JİLET,TIRAŞ BIÇAĞI
JİPS,ALÇI TAŞI
KA,ESKİ BİR HACİM ÖLÇÜSÜ
KA,KİLOAMPER (KISACA)
KA,KİLOAMPER KISALTMASI
KAAN,'.... URGANCIOĞLU’ (AKTÖR)
KAAN,"HÜKÜMDAR, HAKAN"
KAAN,URGANCIOĞLU (AKTÖR)
KAB,"ESKİ DİLDE UZAKLIK, ARA"
KABA,GÖRGÜSÜZ
KABA,TANELERİ İRİ
KABA,"ZEVKSİZ, SAKİL"
KABA,"ÖZENSİZ, GELİŞİGÜZEL"
KABAHAT,"SUÇ, KUSUR"
KABAHAT,"UYGUNSUZ HAREKET, ÇİRKİN, YAKIŞIKSIZ DAVRANIŞ"
KABAK,BİR SEBZE TÜRÜ
KABAK,"HAM, TATSIZ KAVUN"
KABALA,DOĞAÜSTÜ VARLIKLARLA İLİŞKİ KURMA SANATI
KABALA,"GÖTÜRÜ, TOPTAN"
KABAN,KISA PALTO
KABAN,"ÇEŞİTLİ KUMAŞLARDAN YAPILMIŞ, KALÇAYA KADAR İNEN ÜST GİYSİSİ"
KABARA,AYAKKABAILARIN ALTINA ÇAKILAN
KABARA,AYAKKABI TABAN ÇİVİSİ
KABARA,DAYANIKLILIK İÇİN AYAKKABAILARIN ALTINA ÇAKILAN YASSI VE İRİ BAŞLI DEMİR
KABARA,YASSI VE İRİ BAŞLI DEMİR ÇİVİ
KABARE,BİR TÜR EĞLENCE YERİ
KABARE,EĞLENCE YERİ
KABE,"İLK MABED, MÜSLÜMANLARIN KIBLESİ"
KABE,"İSLAM İNANIŞINA GÖRE YERYÜZÜNDE YAPILAN İLK MABED, MÜSLÜMANLARIN KIBLESİ"
KABOTAJ,BİR ÜLKENİN İSKELE VEYA LİMANLARI ARASINDA GEMİ İŞLETME İŞİ
KABOTAJ,BİR ÜLKENİN İSKELELERİ ARASINDA GEMİ İŞLETEBİLME HAKKI
KABUL,BİR ŞEYE İSTEYEREK VEYA İSTEMEYEREK RAZI OLMA
KABUL,RAZI OLMA
KABUS,KARABASAN
KABUS,KORKULU DÜŞ
KABZA,"SİLAH, KILIÇ VB. ŞEYLERDE TUTULACAK YER"
KABZA,SİLAHTA TUTULACAK YER
KABZA,"TUTAK, SAP"
KABİL,AFGANİSTAN'IN BAŞKENTİ
KABİL,OLANAKLI
KABİLİYET,YETENEK
KABİN,"KÜÇÜK, ÖZEL BÖLME"
KABİR,"MEZAR, GÖMÜT"
KAD,"ESKİ DİLDE BOY, ENDAM"
KADA,HALK DİLİNDE KARDEŞ
KADEM,AYAK
KADEMELİ,AŞAMALI
KADI,ESKİDEN MAHKEME BAŞKANI
KADRAN,SAATTE GÖSTERGE
KADRO,BİR KURULUŞTA GÖREVLİ PERSONEL TOPLULUĞU
KADRO,EKİP
KADÜK,"DEĞERİNİ, ÖNEMİNİ YİTİRMİŞ"
KADİM,"ESKİ, EZELİ"
KADİR,‘... DOĞULU’ (AKTÖR)
KADİRDOĞULU,RESİMDEKİ OYUNCU
KADİRÇERMİK,RESİMDEKİ OYUNCU
KADİRİNANIR,RESİMDEKİ AKTÖR
KADİRİNANIR,RESİMDEKİ OYUNCU
KADİRİNANIR,ÜNLÜ BİR AKTÖR
KAF,MASAL DAĞI
KAFAKOL,GÜREŞTE BİR OYUN
KAFES,KUŞ BARINAĞI
KAFES,VAHŞİ HAYVANLAR İÇİN DEMİR ÇUBUKLARLA YAPILMIŞ TAŞINABİLİR BÖLME
KAFEİN,KAHVE VE ÇAYDA BULUNAN BİR MADDE
KAFEİN,ÇAYDA ETKİN MADDE
KAFİ,YETERLİ
KAFİLE,BİRLİKTE YOLCULUK EDEN TOPLULUK
KAFİLE,YOLCU TOPLULUĞU
KAFİLE,YOLCULUK EDEN TOPLULUK
KAGİR,TAŞ VE TUĞLADAN YAPI
KAGİR,TAŞ YA DA TUĞLADAN YAPILAN (YAPI)
KAH,"BAZI ZAMAN, GAH"
KAH,"BAZI ZAMAN,GAH"
KAHTA,ADIYAMAN İLÇESİ
KAHTA,ADIYAMAN'IN BİR İLÇESİ
KAHİRE,MISIR BAŞKENTİ
KAHİRE,MISIR'IN BAŞKENTİ
KAJU,BREZİLYA FISTIĞI
KAK,ELMA KURUSU
KAK,"ELMA, ARMUT KURUSU"
KAK,KAYA VE AĞAÇ KOVUKLARINDA SU BİRİKİNTİSİ
KAK,MEYVE KURUSU
KAKA,ÇOCUK DİLİNDE KÖTÜ
KAKALAK,BİR TÜR HAMAM BÖCEĞİ
KAKALAK,BİR TÜR HAMAMBÖCEĞİ
KAKALAK,HAMAM BÖCEĞİ
KAKALAK,HAMAMBÖC EĞİ
KAKALAK,HAMAMBÖCEĞİ
KAKAO,"AMERİKA’NIN SICAK BÖLGELERİNDE YETİŞEN BİR AĞAÇ, HİNT BADEMİ"
KAKAO,HİNT BADEMİ
KAKAÇ,MANDA PASTIRMASI
KAKIM,AS
KAKIM,"ERMİN, AS"
KAKTÜS,ATLAS ÇİÇEĞİ
KAKULE,HOŞ KOKULU BAHARAT
KAKULE,SICAK İKLİMLERDE YETİŞEN BİR BİTKİ. İLAÇ OLARAK KULLANILAN BİR BAHARAT
KAKULE,ZENCEFİL GİLLERDEN BİR BİTKİ
KAKULE,ZENCEFİLGİLLERDEN BİR BİTKİ
KAKÜL,ALNIN ÜZERİNE DÜŞEN KISA KESİLMİŞ SAÇ
KAKÜL,PERÇEM
KAKİ,TRABZON HURMASI DA DENİLEN TROPİKAL BİR MEYVE
KAL,BİR ALAŞIMDAKİ MADENLERİN ERİME DERECESİ FARKINDAN YARARLANARAK BUNLARI BİRBİRİNDEN AYIRMA İŞLEMİ.
KAL,"LAF, SÖZ"
KAL,"SÖZ, LAF"
KALAFAT,GEMİNİN KAPLAMA TAHTALARI ARASINI ÜSTÜPÜ İLE DOLDURUP ZİFTLEYEREK SU GEÇİRMEZ DURUMA GETİRME İŞİ.
KALAFAT,"ONARMA, TAMİR ETME"
KALAFAT,TEKNE ZİFTLEME
KALAMAR,BİR MÜREKKEP BALIĞI
KALAMAR,BİR ÇEŞİT MÜREKKEP BALIĞI
KALAMATA,İRİ VE ETLİ BİR TÜR ZEYTİN
KALAMATA,İRİ ZEYTİN
KALAN,"ARTAN, MÜTEBAKİ"
KALAS,KALIN BİÇİLMİŞ UZUN TAHTA
KALAY,"ARGO’DA SÖVME, SÖVGÜ"
KALAY,GÜMÜŞ RENGİNDE BİR METAL
KALAY,YUMUŞAK BİR ELEMENT
KALBEN,ÜNLÜ BİR ŞARKICI
KALBİ,‘KENTLERİN ...’ (YAŞAR SEYMAN KİTABI)
KALE,ANTALYA İLÇESİ
KALE,MALATYA İLÇESİ
KALE,SATRANÇTA BİR TAŞ
KALEGİBİ,"ÇOK BÜYÜK, SAĞLAM"
KALEM,(MECAZEN) YAZAR
KALEM,YAZAR
KALEM,YAZI YAZMA ARACI
KALFA,USTA YARDIMCISI
KALLAVİ,SADRAZAM KAVUĞU
KALLAVİ,"ÇOK İRİ, KOCAMAN"
KALORİ,BESİNLERDE ENERJİ MİKTARI
KALORİ,ISIN
KALORİ,"ISIN, BESİN DEĞERİ"
KALP,YÜREK
KALİNOS,LEVREĞE BENZER BİR BALIK
KALİTE,NİTELİK
KAM,DİLEK
KAM,DİLEK (ESKİ DİL)
KAM,"ZEVK, MUTLULUK, TAT"
KAM,ŞAMAN
KAMA,BİR TÜR BIÇAK
KAMA,OYUNDA KAZANILAN HER PARTİ
KAMA,İKİ YANI KESKİN BIÇAK
KAMAN,KIRŞEHİR İLÇESİ
KAMARA,GEMİ ODASI
KAMARA,GEMİLERDE ODA
KAMAROT,GEMİ GÖREVLİSİ
KAMAROT,GEMİLERDE GÖREVLİ
KAMAROT,GEMİLERDE KAMARA GÖREVLİSİ
KAMBER,SADIK KÖLE
KAMER,AY
KAMER,AY VE HİLAL
KAMER,GÖKTEKİ AY
KAMERA,ALICI
KAMERA,FOTOĞRAF MAKİNESİ
KAMERA,GÖRÜNTÜ KAYDETME ALETİ
KAMERA,GÖRÜNTÜ KAYIT ARACI
KAMERUN,AFRİKA'DA BİR ÜLKE
KAMU,AMME
KAMU,"HALK, AMME"
KAMUS,BÜYÜK SÖZLÜK
KAMİKAZE,JAPON İNTİHAR UÇAĞI
KAMİKAZE,"TARİHTE, JAPON İNTİHAR UÇAĞI"
KAMİL,"OLGUN, YETKİN"
KAMİLEN,"BÜSBÜTÜN, TOPTAN"
KAMİLEN,EKSİKSİZ OLARAK
KAMİNETO,KÜÇÜK İSPİRTO OCAĞI
KAN,DAMAR SIVISI
KAN,DAMARLARIN İÇİNDEKİ HAYATİ SIVI
KAN,HAYATİ SIVI
KANA,GEMİNİN ÇEKTİĞİ SUYU GÖSTERMEK İÇİN BAŞ VE KIÇ BODOSLAMALARI ÜZERİNE KONULAN İŞARETLER
KANAAT,"ELİNDEKİNDEN HOŞNUT OLMA DURUMU, YETİNME, FAZLASINI İSTEMEME"
KANAAT,YETİNME
KANAATKAR,AZLA YETİNEN
KANADA,BAŞKENTİ ‘OTTAWA’ OLAN ÜLKE
KANAL,SU YOLU
KANAL,"SU YOLU, ARK"
KANAL,İKİ KIYI ARASINDAKİ DAR VE DERİN DENİZ
KANAL,İNSAN ELİYLE AÇILMIŞ SU YOLU
KANALET,KÜÇÜK KANAL
KANAMA,NEZİF
KANARA,"KESİMEVİ, MEZBAHA"
KANARYA,EVCİL BİR KUŞ
KANAS,BİR SUİKAST TÜFEĞİ
KANAT,(BALIKLARDA) YÜZGEÇ
KANAT,KUŞLARDA UÇMA ORGANI
KANAT,KUŞLARIN UÇMA ORGANI
KANAT,KUŞUN UÇMA ORGANI
KANAT,UÇMAYI SAĞLAYAN
KANATA,AĞZI GENİŞ SU KABI
KANATA,"AĞZI GENİŞ, TEK KULPLU SU KABI"
KANDELA,IŞIK ŞİDDETİ BİRİMİ
KANDIRA,KOCAELİ İLÇESİ
KANDIRA,KOCAELİ'NİN BİR İLÇESİ
KANDİL,BİR AYDINLATMA ARACI
KANDİL,MÜSLÜMANLARCA MÜBAREK SAYILIP KUTLANAN ÖZEL GECELER.
KANEPE,BİRKAÇ KİŞİLİK GENİŞ KOLTUK
KANEPE,GENİŞ KOLTUK
KANI,"İNANÇ, DÜŞÜNCE"
KANIT,DELİL
KANKA,ARGODA YAKIN ARKADAŞ
KANO,BİR TÜR KAYIK
KANO,HAFİF TEKNE
KANO,"KÜREKLE YÜRÜTÜLEN DAR, UZUN, HAFİF TEKNE"
KANOLA,BİR YAĞ BİTKİSİ
KANOLA,ÜLKEMİZDEDE YETİŞTİRİLEN BİR YAĞ BİTKİSİ
KANOTİYE,DÜZ KENARLI ŞAPKA
KANT,ŞEKER VE LİMONLA İÇİLEN SICAK SU
KANT,"ŞEKER, LİMONLU SICAK SU"
KANT,"ŞEKERLİ, LİMONLU SICAK SU"
KANT,"ŞEKERLİ, LİMONLU SICAK İÇECEK"
KANTAR,BASKÜL
KANTAR,FAS'TA BİR NEHİR
KANTO,TULUAT TİYATROSUNDA ŞARKI
KANUN,YASA
KANUNİ,YASAL
KANUNİ,"YASAL, LEGAL"
KANİ,"KANAAT GETİRMİŞ, İNANMIŞ"
KANİ,İNANMIŞ
KANİ,"İNANMIŞ, KANMIŞ"
KANİŞ,BİR SÜS KÖPEĞİ
KANİŞ,"UZUN, KIVIRCIK TÜYLÜ BİR CİNS KÖPEK"
KAOLİN,ARI KİL
KAOS,KARGAŞA
KAOS,"KARIŞIKLIK, KARGAŞA"
KAP,KADINLARIN GİYDİĞİ KOLSUZ ÜSTLÜK
KAP,"KAPAK, CİLT"
KAPAKLI,TEKİRDAĞ'IN BİR İLÇESİ
KAPAMA,KUZU ETİ YEMEĞİ
KAPAN,TUZAK
KAPAN,"TUZAK, FAK"
KAPARİ,GEBRE OTU
KAPASİTE,BİR İŞLETMENİN ÜRETİM MİKTARI
KAPASİTE,"KAPSAMA GÜCÜ, SIĞA"
KAPASİTE,SIĞA
KAPELA,ŞAPKA
KAPI,BİR YERE GİRERKEN GEÇİLEN YER
KAPRİ,KISA PAÇALI BİR TÜR PANTOLON
KAPUT,AMERİKAN BEZİ
KAPUT,ASKER PALTOSU
KAPİK,RUBLENİN YÜZDE BİRİ
KAPİK,RUBLE’NİN YÜZDE BİRİ
KAR,BÜR YAĞIŞ TÜRÜ
KAR,BİR YAĞIŞ TÜRÜ
KAR,BİR YAĞIŞ ŞEKLİ
KAR,KIŞIN YAĞAR
KAR,ORHAN PAMUK KİTABI
KAR,TİCARETTE PARA KAZANCI
KARA,ANARŞİZMİN RENGİ
KARA,SİYAH
KARA,‘BURCU ...’ (AKTRİS)
KARACA,'IŞIN....' (ŞARKICI)
KARACA,"AHU, CEYLAN"
KARACA,"YAĞIZ, ESMER"
KARACASU,AYDIN İLÇESİ
KARAKAYA,ÜLKEMİZDE BİR BARAJ
KARAKOYUNLU,IĞDIR'IN BİR İLÇESİ
KARALAMA,MÜSVEDDE
KARALAMA,"YAZI TASLAĞI, MÜSVEDDE"
KARALAMAK,TASLAK OLARAK
KARALAMAK,TASLAK OLARAK YAZMAK
KARALAMAK,İFTİRA ATMAK
KARAMAN,BİR İLİMİZ
KARAMEL,BİR TÜR ŞEKERLEME
KARAPARA,YOLSUZ KAZANÇ
KARAPARA,YOLSUZKAZANÇ
KARAR,KESİN YARGI
KARASU,SAKARYA İLÇESİ
KARASU,SAKARYA'NIN BİR İLÇESİ
KARAT,ELMAS ÖLÇÜ BİRİMİ
KARATAY,KONYA İLÇESİ
KARATAY,KONYA'NIN BİR İLÇESİ
KARATAŞ,ADANA İLÇESİ
KARATE,BİR DÖVÜŞ SPORU
KARATE,BİR SPOR DALI
KARATE,JAPON SAVUNMA SPORU
KARAVANA,ASKER YEMEĞİ
KARAVANA,ORDUDA YEMEK DAĞITILAN METAL KAP
KARAVANA,ORDUDA YEMEK DAĞITIMINDA KULLANILAN METAL KAP
KARAİN,ANTALYA’DA TURİSTİK BİR MAĞARA
KARE,DÖRDÜL
KARE,"DÖRDÜL, MURABBA"
KARE,GEOMETRİK BİR ŞEKİL
KARESİ,BALIKESİR İLİNE BAĞLI İLÇELERDEN BİRİ
KARESİ,BALIKESİR'İN ESKİ BİR ADI
KARESİ,BALIKESİRİN ESKİ ADI
KARESİ,BALIKESİR’İN ESKİ ADI
KARGA,SİYAH BİR KUŞ
KARGI,BALIK KANCASI
KARGI,ÇORUM İLÇESİ
KARGI,ÇORUM'UN BİR İLÇESİ
KARGO,BİR YERDEN BİR YERE YÜK YA DA POSTA TAŞIYAN ŞİRKET
KARHA,ÜLSER
KARMA,"KARIŞIK, DÜZENLİ OLMAYAN"
KARMA,MUHTELİT
KARN,BOYNUZ
KARNE,ÖĞRENCİ BAŞARI BELGESİ
KARNE,ÖĞRENCİLERİN BAŞARI DURUMUNU GÖSTEREN BELGE
KARO,BETONDAN YAPILMIŞ DÖRT KÖŞE DÖŞEME TAŞI
KARO,DÖRT KÖŞE DÖŞEME TAŞI
KARO,DÖRTKÖŞE DÖŞEME TAŞI
KARO,İSKAMBİLDE 'ORYA'
KARO,İSKAMBİLDE ‘ORYA’
KAROSEN,JET YAKITI
KAROSER,OTOLARDA DIŞ YÜZ
KAROTEN,A VİTAMİN ÖN MADDESİ
KAROTEN,BİTKİLERDE DOĞAL OLARAK BULUNAN PİGMENT
KAROTEN,FOTOSENTEZ İÇİN ÖNEMLİ OLAN PİGMENT
KAROTEN,HAVUCA RENK VEREN MADDE
KARS,BİR İLİMİZ
KART,KÖRPE OLMAYAN
KART,OYUN KAĞIDI
KARTAL,BEŞİKTAŞ'IN SİMGESİ
KARTAL,YIRTICI BİR KUŞ
KARTEL,TEKELCİ SERMAYE BİRLİĞİ
KARTELA,BOYA RENK KATALOĞU
KARTEPE,KOCAELİ İLÇESİ
KARTEPE,KOCAELİ'NİN BİR İLÇESİ
KARUN,ÇOK ZENGİN KİMSE
KARİ,OKUYUCU
KARİ,OKUYUCU OKUR
KARİ,"OKUYUCU, OKUR"
KARİNA,GEMİ OMURGASI
KARİNE,"BELİRTİ, İPUCU"
KAS,ADALE
KASA,PARA DOLABI
KASA,ÇELİK PARA DOLABI
KASABA,BELDE
KASABA,NURİ BİLGE CEYLAN’IN BİR FİLMİ
KASABA,İLÇE
KASAP,ET SATAN KİMSE
KASAP,ET SATILAN DÜKKAN
KASAP,"SIĞIR, KOYUN GİBİ ETİ YENECEK HAYVANLARI KESEN YA DA DÜKKANINDA PERAKENDE OLARAK SATAN KİMSE"
KASARA,GEMİDE KISA GÜVERTE
KASARA,GEMİDEKİ KISA GÜVERTE
KASARA,"GEMİNİN BAŞ VE KIÇ TARAFINDA, ASIL GÜVERTEDEN YÜKSEK OLAN KISA GÜVERTE -"
KASE,"TAS, ÇANAK"
KASEM,ANT
KASEM,YEMİN
KASEM,"YEMİN, ANT"
KASEM,YEMİN.
KASIT,"AMAÇ, MAKSAT"
KASK,KORUYUCU BAŞLIK
KASR,"KÜÇÜK SARAY, KÖŞK"
KAST,KÖTÜ NİYET
KASTAR,PAMUK AĞARTMA İŞİ
KASTOR,KUNDUZ KÜRKÜ
KASİDE,"ARAP, FARS VE TÜRK ŞİİRİNDE EN ÇOK KULLANILAN ESKİ VE UZUN BİR FORM"
KASİDE,ÖVGÜ ŞİİRİ
KASİYER,KASA GÖREVLİSİ
KASİYER,"KASA GÖREVLİSİ, KASADAR"
KAT,APARTMAN DAİRESİ
KAT,DAİRELERİN BÜTÜNÜ
KAT,"MAKAM, MEVKİ"
KAT,"YEMEN VE ETİYOPYA’DA YETİŞEN, YAPRAKLARI UZUN SÜRE ÇİĞNENİNCE SARHOŞLUK VEREN BİR AĞAÇ"
KATA,"ASLA, HİÇBİR ZAMAN"
KATA,HAYALİ KARATE
KATA,JUDO VE KARATEDE HAREKETLERİ ÇABUKLAŞTIRMAK İÇİ N YAPILAN BİR DİZİ EGZERSİZ
KATALPA,"YAPRAKLARI ÇOK İRİ VE KALP BİÇİMİNDE, ÇİÇEKLİ BİR SÜS BİTKİSİ"
KATALİTİK,KATALİZ NİTELİĞİNDE OLAN
KATALİTİK,KATALİZLE İLGİLİ
KATALİTİK,"KATALİZLE İLGİLİ, KATALİZ NİTELİĞİNDE OLAN"
KATAMARAN,BİR TÜR TEKNE
KATAMARAN,İKİ AĞAÇ KÜTÜKTEN YAPILAN
KATAMARAN,İKİ GÖVDELİ TEKNE
KATANA,BİR CİNS İRİ AT
KATANA,İRİ BİR AT TÜRÜ
KATAR,BİR ARADA GİDEN VEYA UÇAN HAYVAN DİZİSİ
KATAR,TAŞIT DİZİSİ
KATARSİS,ARINMA
KATEDRAL,BAŞ KİLİSE
KATEGORİ,"GRUP, ULAM"
KATI,SERT
KATI,"SERT, YUMUŞAK KARŞITI"
KATLAMA,ARTTIRARAK ÇOĞALTMA
KATOT,EKSİ UÇ
KATOT,"FİZİKTE, EKSİ UÇ"
KATRE,DAMLA
KATRE,ESKİ DİLDE DAMLA
KATİ,KESİN
KATİ,"SERT, YUMUŞAK KARŞITI"
KATİBE,KADIN SEKRETER
KATİBE,KADIN YAZMAN
KATİL,CANA KIYAN KİMSE
KATİL,CANİ
KAURİT,TAHTA TUTKALI
KAV,YILANIN ATTIĞI DERİ
KAV,YILANIN DEĞİŞTİRDİĞİ DERİ
KAV,ÇABUK TUTUŞAN MADDE
KAV,ÇABUK TUTUŞAN SÜNGERİMSİ MADDE
KAV,ÇABUKTUTUŞAN SÜNGERİMSİ MADDE
KAVAK,SÖĞÜTGİLLERDEN BİR AĞAÇ
KAVAKLIDERE,MUĞLA'NIN BİR İLÇESİ
KAVALA,YUNANİSTAN'DA ŞEHİR
KAVALYE,ERKEK DANS EŞİ
KAVALYE,"KADINA, DANSTA EŞ OLAN YA DA BİR YERDE, BİR TOPLANTIDA ARKADAŞLIK EDEN ERKEK"
KAVARA,BALI ALINMIŞ PETEK
KAVELA,AĞAÇ KAMA
KAVELA,HALAT KAMA TAKOZU
KAVUK,SARIKLI ERKEK BAŞLIĞI
KAVİ,"DAYANIKLI, SAĞLAM"
KAVİL,"SÖZ, SÖZLEŞME"
KAVİS,EĞMEÇ
KAY,YAZ YAĞMURU
KAY,YAZ YAĞMURU (HALK AĞZI)
KAY,YAĞMUR
KAYA,BÜYÜK TAŞ KÜTLESİ
KAYA,BÜYÜK VE SERT TAŞ KÜTLESİ
KAYA,SERT TAŞ KÜTLESİ
KAYAK,KIŞIN YAPILAN KAYAK SPORU?
KAYAK,SKİ
KAYAPINAR,DİYARBAKIR İLÇESİ
KAYGANA,OMLET
KAYGI,TASA
KAYIP,"ZAYİ, YİTİK"
KAYISI,BİR MEYVE
KAYNANA,KAYINVALİDE
KAYNAÇ,GAYZER
KAYRA,"İYİLİK, LÜTUF, İHSAN"
KAYRAN,ORMANDAKİ ÇIPLAK ALAN
KAYYUM,CAMİ HADEMESİ
KAZ,BUDALA (MECAZ)
KAZ,BİR KÜMES HAYVANI
KAZA,"VAKTİ İÇİNDE YERİNE GETİRİLMEYEN BİR İBADETİN, DAHA SONRA İFA EDİLMESİ"
KAZA,İLÇE
KAZA,"İLÇE, KAYMAKAMLIK"
KAZAK,VÜCUDU SICAK TUTAN KALIN GİYSİ?
KAZAK,ÖRME ÜST GİYSİSİ
KAZAN,ANKARA İLÇESİ
KAZAN,ANKARA'NIN BİR İLÇESİ
KAZARA,RASTGELE
KAZARA,"YANLIŞLIKLA, BİLMEDEN"
KAZAZ,HAM İPEKTEN İBRİŞİM YAPAN
KAZEİN,SÜTTE BULUNAN PROTEİN
KAZI,"BİR YERİ KAZMA İŞİ, HAFRİYAT."
KAZI,HAFRİYAT
KAZI,HARFİYAT
KAZIM,ÖFKESİNİ YENEN
KAZMA,BİR KAZI ARACI
KAZMA,KAZILARAK YAPILMIŞ
KAÇ,BATI HİNDİSTAN’DA ESKİ BİR HİNDU DEVLETİ
KAÇA,NE KADAR BİR DEĞER KARŞILIĞINDA?
KAÇARULA,BÜYÜK TENCERE
KAÇKAR,DOĞU KARADENİZ'DE DAĞ
KAĞNI,ÖKÜZ ARABASI
KAİDE,KURAL
KAİL,AKLI YATMIŞ
KAİM,AYAKTA DURAN
KAİM,"AYAKTA DURAN, VAR OLAN"
KAİM,BİRİNİN YERİNE GEÇEN
KAİN,"BULUNAN, OLAN"
KAİNAT,EVREN
KAİNAT,"EVREN, KOMZOS"
KAŞ,ANTALYA İLÇESİ
KAŞ,EBRU
KAŞAR,BİR TÜR PEYNİR
KAŞE,BİR TÜR YÜNLÜ KUMAŞ
KAŞE,"DAMGA, MÜHÜR"
KAŞE,MÜHÜR
KAŞKOL,BOYUN ATKISI
KBB,KULAK BURUN BOĞAZ (KISACA)
KDV,KATMA DEĞER VERGİSİ’NİN KISA YAZILIŞI
KE,KENYA’NIN İNTERNET KODU
KEANU,‘... REEVES’ (AKTÖR)
KEBE,KISA KEPENEK
KEBİR,"BÜYÜK, ULU"
KEBİSE,ŞUBATIN 29 GÜN OLDUĞU SENE
KEDİ,EVCİL BİR HAYVAN
KEDİ,EVCİL BİR HAYVAN?
KEF,ET HAŞLANIRKEN SU ÜZERİNDE BİRİKEN TORTU
KEFAL,BEYAZ ETLİ BİR BALIK
KEFAL,"ÇOK PULLU, GÜMÜŞ RENKTE, BEYAZ ETLİ BİR BALIK"
KEFE,TERAZİ GÖZÜ
KEFEKİ,DİŞ DİPLERİNDE VE KAPLARDA OLUŞAN KİREÇ TABAKASI
KEFEKİ,DİŞ TAŞI
KEFEKİ,KÜFEKİ
KEFEKİ,"YAPILARDA KULLANILAN AÇIK RENKLİ, DELİKLİ, HAFİF, İŞLENMESİ KOLAY, ATEŞE DAYANIKLI BİR TAŞ TÜRÜ."
KEFEKİ,YAPILARDA KULLANILAN DAYANIKLI TAŞ
KEHLE,BİT
KEK,"APTAL, BÖN, KOLAY ALDATILABİLEN"
KEK,"ARGODA APTAL, KOLAY ALDATILABİLEN"
KEK,FIRINDA PİŞİRİLEN TATLI ÇÖREK
KEK,KOLAY ALDATILABİLEN
KEK,TATLI BİR TÜR ÇÖREK
KEK,TATLI BİR ÇÖREK
KEK,TATLI ÇÖREK
KEK,ÇÖREK TÜRÜ
KEKE,HALK DİLİNDE KEKEME
KEKE,KEKEME (HALK AĞZI)
KEKE,"KEKEME, KEKEÇ"
KEKE,"TUTUK DİLLİ, KEKEME"
KEKLİK,BİR AV KUŞU
KEKRE,EKŞİMSİ VE BURUK TATLI
KEKRE,TADI EKŞİMİŞ VE BURUK OLAN
KEKİK,"BALLIBABAGİLLERDEN, KOKULU BİR BİTKİ"
KEKİK,KOKULU BİR BİTKİ
KEL,SAÇI DÖKÜLMÜŞ
KEL,SAÇI DÖKÜLMÜŞ OLAN
KEL,SAÇI DÖKÜLMÜŞ OLAN (KİMSE)
KEL,SAÇI DÖKÜLMÜŞ OLAN KİMSE
KEL,SAÇSIZ
KELALAKA,ALAKASIZ.(MECAZİ)
KELALAKA,MECAZEN ALAKASIZ
KELAM,SÖZ
KELAM,İSLAM DİNİNİN ANA İLKELERİNİ KONU EDİNEN İLİM
KELE,"BAĞA, TOSUN"
KELE,BOĞA
KELE,"BOĞA, TOSUN"
KELEK,HAM KAVUN
KELEM,LAHANA
KELEME,BAKIMSIZ BAĞ
KELEPÇE,TUTUKLULARIN BİLEKLERİNE TAKILAN HALKA
KELES,BURSA İLÇESİ
KELKİT,GÜMÜŞHANE İLÇESİ
KELLE,EKİNLERDE BAŞAK
KELLİK,KEL OLMA DURUMU
KELP,KÖPEK
KELT,ESKİ BİR AVRUPA KAVMİ
KELİK,ESKİ AYAKKABI
KEM,"EKSİK, NOKSAN"
KEM,"EKSİK,NOKSAN"
KEM,KÖTÜ GÖZ
KEM,"KÖTÜ, FENA (GÖZ, SÖZ VB.)"
KEM,"NOKSAN, EKSİK"
KEMAH,ERZİNCAN İLÇESİ
KEMAH,ERZİNCAN'IN BİR İLÇESİ
KEMAL,EN YÜKSEK DEĞER
KEMAL,"OLGUNLUK, ERGİNLİK"
KEMALİYE,ERZİNCAN İLÇESİ
KEMAN,TELLİ BİR ÇALGI
KEMAN,"VİYOLA VE VİYOLONSELİN DE BULUNDUĞU VİOLİN AİLESİNİN EN YÜKSEK TONDAN ÇALAN, EN KÜÇÜK ÜYESİ"
KEMAN,YAYLI BİR ÇALGI
KEMANE,KEMAN VE KEMENÇE YAYI
KEMANE,KEMAN YAYI
KEMANİ,ALATURKA MÜZİKTE KEMAN
KEMANİ,ALATURKA MÜZİKTE KEMAN ÇALAN
KEMANİ,KEMAN ÇALAN
KEMANİ,KEMAN ÇALAN KİMSE
KEME,BÜYÜK SIÇAN
KEME,YER MANTARI
KEMENT,HAYVAN YAKALAMA İPİ
KEMER,ANTALYA İLÇESİ
KEMER,BURDUR İLÇESİ
KEMHA,ESKİDEN KULLANILAN BİR TÜR İPEK KUMAŞ
KEMRE,BAŞTA OLAN KEPEK
KEMRE,"GÜBRE, TEZEK"
KENAN,ADANMIŞ ÜLKE YADA İSRAİL ÜLKESİNİN ESKİ ADI
KENAN,‘... DOĞULU’ (ŞARKICI)
KENANÇOBAN,RESİMDEKİ OYUNCU
KENAR,BİR ŞEYİ ÇEVRELEYEN ÇİZGİ
KENAR,KIYI
KENE,BULAŞICI HASTALIKLARA NEDEN OLAN BÖCEK
KENE,SAKIRGA
KENEOTU,HİNT YAĞI AĞACI
KENET,BİRLEŞTİRME PARÇASI
KENT,"POKERDE, SIRAYLA BİRBİRİNİ İZLEYEN DEĞİŞİK RENKTEN BEŞ KARTA VERİLEN AD"
KENT,ŞEHİR
KENYA,AFRİKA’DA BİR ÜLKE
KEP,ASKER ŞAPKASI
KEP,HEMŞİRE BAŞLIĞI
KEP,SİPERSİZ ŞAPKA
KEPENK,DÜKKAN KORUMALIĞI
KEPEZ,ANTALYA İLÇESİ
KEPEZ,"DAĞLARIN OYUK, KUYTU YERLERİ"
KEPEZ,GELİN BAŞLIĞI
KEPSUT,BALIKESİR İLÇESİ
KER,KULAĞI DUYMAYAN
KER,"KUVVET, KUDRET"
KER,SAĞIR (ESKİ DİL)
KERATA,AYAKKABI ÇEKECEĞİ
KERATİN,PROTEİNLİ MADDE
KERATİN,"TIRNAK, BOYNUZ, KIL GİBİ ÜST DERİ ÜRÜNÜ OLAN YAPILARI OLUŞTURAN PROTEİNLİ MADDE"
KERE,KEZ
KERE,"KEZ, DEFA"
KERE,"KEZ, YOL, DEFA, SEFER"
KEREM,"SOYLULUK, ASALET"
KEREM,‘... ALIŞIK’ (AKTÖR)
KEREMBURSİN,RESİMDEKİ OYUNCU
KERES,BÜYÜK VE DERİN KARAVANA
KERKE,ABADAN YAPILAN HIRKA
KERKİ,HALK DİLİNDE KESER.
KERTE,"DERECE, RADDE"
KERTE,İŞARET İÇİN YAPILMIŞ ÇENTİK
KERTE,İŞARET İÇİN YAPILMIŞ ÇENTİK VEYA İZ
KERTE,İŞARET İÇİN YAPILMIŞ ÇENTİK YA DA İZ
KERTİ,BAYAT EKMEK
KERTİ,"BAYAT EKMEK, YEMEK"
KERTİK,"GEDİK, ÇENTİK"
KERTİK,"KERTİLMİŞ YER, GEDİK, ÇENTİK"
KERİM,"ELİ AÇIK, CÖMERT"
KERİM,KEREMİ VE MAĞFİRETİ BOL OLAN
KERİME,KIZ EVLAT
KES,AYAK BİLEKLERİNİ DE İÇİNE ALAN KAPALI JİMNASTİK AYAKKABISI
KES,BOĞAZLI JİMNASTİK AYAKKABISI
KES,GENELLİKLE YAKMAK İÇİN KULLANILAN İRİ SAMAN
KES,İRİ SAMAN
KESAT,ALIŞVERİŞTE DURGUNLUK
KESE,BANYO TEMİZLİK ARACI
KESE,"KISA, KESTİRME (YOL)"
KESE,"KISA, KESTİRME YOL"
KESE,KÜÇÜK PARA TORBASI
KESE,KÜÇÜK TORBA
KESE,ÖRGÜDEN KÜÇÜK TORBA
KESENE,GÖTÜRÜ VEYA TOPTAN SATIŞ
KESENE,"SÖZLEŞME, YAZILI ANLAŞMA"
KESENE,"TOPTAN, GÖTÜRÜ İŞ, YAZILI ANLAŞMA"
KESENEK,"FABRİKA, ÇİFLİK VB. GELİR KAYNAKLARININ GELİRİNİ SATIN ALMA İŞİ, İLTİZAM"
KESENEK,İLTİZAM
KESKİ,"AĞAÇ, TAŞ, METAL YONTMAYA YARAR ÇELİK ARAÇ"
KESKİ,YONTMA ARACI
KESKİN,KIRIKKALE İLÇESİ
KESKİN,ÇOK KESİCİ
KESTEL,BURSA İLÇESİ
KESTEL,BURSA'NIN BİR İLÇESİ
KESTERE,KİTLE
KESTERE,KİTRE
KESTİRİM,TAHMİN
KESİ,KESİLMİŞ YER
KESİM,SEKTÖR
KESİM,"SINIRLANMIŞ, AYRILMIŞ ŞEY"
KESİMEVİ,MEZBAHA
KET,ENGEL
KETE,BİR TÜR ÇÖREK
KETE,KÜLDE PİŞEN ÇÖREK
KETE,KÜLDE PİŞİRİLEN ÇÖREK
KETE,MAYALI VEYA MAYASIZ HAMURDAN YAPILAN ÇÖREK
KETE,MAYASIZ ÇÖREK
KETEN,DOKUMA BİTKİSİ
KETEN,LİFLERİ DOKUMACILIKTA KULLANILAN BİR BİTKİ
KETUM,AĞZI SIKI
KETUM,"SIR SAKLAYAN, AĞZI SIKI"
KEVSER,CENNET IRMAĞI
KEYİF,VÜCUT ESENLİĞİ
KEYİF,"VÜCUT ESENLİĞİ, SAĞLIK"
KEZ,"KERE, DEFA"
KEZZAP,HALK DİLİNDE NİTRİK ASİT
KEZZAP,NİTRİK ASİDİN HALK ARASINDAKİ ADI
KEÇ,YELKENLİ BİR TEKNE
KEÇE,KEÇİ KILINDAN KABA KUMAŞ
KEÇE,KEÇİ KILINDAN YAPILMIŞ KUMAŞ
KEÇİ,GEVİŞ GETİREN BİR HAYVAN
KEÇİ,GEVİŞ GETİRENLERDEN BİR HAYVAN
KEÇİ,YARARLI BİR HAYVAN
KEŞ,ARGODA AYYAŞ
KEŞ,BİR TÜR PEYNİR
KEŞAN,EDİRNE İLÇESİ
KEŞKEK,BUĞDAY YEMEĞİ
KEŞİF,YOĞUN
KG,KİLOGRAM (KISACI)
KG,KİLOGRAM (KISALTMA)
KIL,KEÇİ TÜYÜ
KILAVUZ,REHBER
KILIF,"BİR ŞEYİ KORUMAK İÇİN KENDİ BİÇİMİNE GÖRE, ÇOĞUNLUKLA YUMUŞAK BİR NESNEDEN YAPILMIŞ ÖZEL KAP"
KIMIL,EKİN ZARARLISI
KIN,GİZLİ DÜŞMANLIK
KIN,KESİCİ ARAÇ KABI
KIN,KILIÇ KABI
KINA,SAÇ VE EL BOYAMA TOZU
KINAKINA,KABUĞUNDAN KİNİN ÇIKARILAN BİR AĞAÇ
KINAKINA,KİNİN ÇIKARILAN AĞAÇ
KINAMA,AYIPLAMA
KINAMAK,AYIPLAMAK
KINNAP,KENEVİRDEN YAPILMIŞ SİCİM
KIPTİ,ÇİNGENE
KIR,BEYAZLAŞMIŞ SAÇ
KIRAN,AFET
KIRAN,"ÖLET, AFET"
KIRAT,DEĞERLİ TAŞ ÖLÇÜ BİRİMİ
KIRAT,"ELMAS, ZÜMRÜT VB. DEĞERLİ TAŞLARIN TARTISINDA KULLANILAN BİR AĞIRLIK ÖLÇÜ BİRİMİ"
KIRAT,"ELMAS, ZÜMRÜT VB. DEĞERLİ TAŞLARIN TARTISINDA KULLANILAN, 0,20043 GRAMLIK AĞIRLIK ÖLÇÜ BİRİMİ"
KIRAÇA,İSTAVRİT BALIĞININ KÜÇÜĞÜ
KIRBA,DERİDEN SU KABI
KIRO,ARGODA GÖRGÜSÜZ KİMSE
KISA,UZUN OLMAYAN
KISKI,"KAMA, TAKOZ"
KISMİ,"TİKEL, CUZİ"
KISRAK,DİŞİ AT
KIT,BOL KARŞITI
KIT,MACUN
KIT,YETERSİZ
KITA,EDEBİYATTA DÖRTLÜK
KITA,EN BÜYÜK KARA PARÇASI
KITA,EN BÜYÜK KARA PARÇASI?
KITAAT,KITALAR
KIVANÇ,"SEVİNÇ, ÖVÜNÇ"
KIVANÇ,"ÖVÜNÇ, İFTİHAR"
KIYA,CİNAYET
KIYAS,MUKAYESE
KIYILAMAK,BALIĞIN KIYIYA YAKLAŞMASI
KIYILAMAK,KIYI BOYUNCA GİTMEK
KIŞ,BİR MEVSİM
KIŞ,BİR MEVSİM ADI
KIŞ,ŞİTA
KKK,KARA KUVVETLERİ KOMUTANLIĞI (KISACA)
KKTC,YAVRU VATAN
KLAKET,FİLM SAHNE PLAN TAHTASI
KLAKSON,KORNA
KLAKÖR,TİYATROLARDA OYUNU ALKIŞLAMAK İÇİN PARAYLA TUTULAN KİMSE
KLAN,"BOY, KABİLE"
KLAN,SOSYOLOJİDE BOY
KLAN,TOPLUM BİLİMDE ‘BOY’
KLAPA,YAKANIN DEVRİK BÖLÜMÜ
KLAPA,YAKANIN GÖĞSE DOĞRU İNEN DEVRİK BÖLÜMÜ
KLAS,SINIF
KLAS,SINIF (SOSYOLOJİ)
KLAS,ÜSTÜN NİTELİKLİ
KLASMAN,"BÖLÜMLEME, SINIFLAMA"
KLASİK,"ALIŞILMIŞ, KÖKLEŞMİŞ"
KLASİK,DEĞERİNİ YİTİRMEYEN
KLASİK,GELENEKSEL
KLASİK,SANATTA KURALCI
KLAVSEN,KLAVYELİ VE TELLİ BİR ÇALGI
KLE,GÜREŞTE BİR OYUN
KLM,HOLLANDA KRALİYET HAVA YOLLARI (KISALTMA)
KLON,KOPYA
KLOR,CL ELEMENTİ
KLOR,SİMGESİ CL OLAN ELEMENT
KLİK,HİZİP
KLİMA,İKLİMLEME ARACI
KLİMA,İKLİMLEME AYGITI
KLİNKER,BİR ÇİMENTO ÜRÜNÜ
KLİP,GÖRÜNTÜ EŞLİĞİNDE MÜZİK
KLİPS,YAYLI KÜPE
KLİŞE,BASMAKALIP
KLİŞE,BASMAKALIP SÖZ
KM,KİLOMETRE
KM,KİLOMETRE (KISACA)
KM,KİLOMETRE (KISALTMA)
KNA,KÖK NEDEN ANALİZİ
KNA,KÖK NEDEN ANALİZİ (KISACA)
KNESSET,İSRAİL PARLAMENTOSUNA VERİLEN AD
KNİDOS,BİR ANTİK KENT
KNİDOS,DATÇA’DAKİ ESKİ ÇAĞ KENTİ
KO,DÖRT JAPON ÇİÇEK SÜSLEME OKULUNDAN BİRİ
KOALA,KESELİ AYI
KOALA,KESELİ AYI. AMERİKA ETÇİL MEMELİSİ
KOB,AFRİKA’DA YAŞAYAN BİR ANTİLOP
KOBALT,GÜMÜŞÎ RENKTE BİR ELEMENT
KOBALT,GÜMÜŞİ RENKTE BİR ELEMENT
KOBRA,ÇOK ZEHİRLİ BİR YILAN
KOCA,BİR KADININ EŞİ
KOCA,"YAŞLI, PİR,"
KOCA,"YAŞLI, PİR, İHTİYAR"
KOCAELİ,BİR İLİMİZ
KOCASİNAN,KAYSERİ'NİN BİR İLÇESİ
KOD,BİLGİLERİ GÖSTEREN SİMGELER DİZESİ
KOD,ŞİFRE
KODEKS,İLAÇLARIN FORMÜL KİTABI
KOF,"GÜÇSÜZ, DERMANSIZ"
KOF,KURUYARAK YA DA ÇÜRÜYEREK İÇİ BOŞALMIŞ OLAN
KOFA,HASIROTU
KOFANA,LÜFER BALIĞININ İRİSİ
KOFANA,LÜFERİN İRİSİ
KOK,BİR TÜR KÖMÜR
KOKART,ASKER ŞAPKALARINA TAKILAN VE RENGİ ULUSLARA GÖRE DEĞİŞEN İŞARET
KOKART,BİR TOPLUĞA ÖZGÜ İŞARET
KOKOROZ,ARGO’DA ÇİRKİN KİMSEYE VERİLEN AD
KOKOROZ,MISIR
KOLA,BİR İÇECEK
KOLA,SOĞUK BİR İÇECEK
KOLAN,"DOKUMA, DERİ, KENEVİR VB. MADDELERDEN YAPILAN YASSI VE ENLİCE BAĞ"
KOLAY,ZOR KARŞITI
KOLERA,SALGIN BİR HASTALIK
KOLERA,ÖLDÜRÜCÜ BİR HASTALIK
KOLONİ,SÖMÜRGE
KOLPO,DALAVERE
KOLZA,BİR SANAYİ BİTKİSİ
KOLİ,POSTA PAKETİ
KOM,"AĞIL, DAVAR AĞILI"
KOM,DAVAR AĞILI
KOM,YAYLA EVİ
KOMA,BİLİNÇ KAYBI DURUMU
KOMANDO,SEÇKİN PİYADE
KOMET,KUYRUKLU YILDIZ
KOMET,KUYRUKLUYILDIZ
KOMPETAN,UZMAN
KOMPLO,DÜZEN
KOMİ,GARSON YARDIMCISI
KOMİ,LOKANTALARDA GARSON YARDIMCISI
KOMİK,GÜLÜNÇ
KOMİSER,POLİS AMİRİ
KOMİTA,SİLAH KULLANAN GİZLİ TOPLULUK
KONAK,İZMİR İLÇESİ
KONTAK,ARAÇ ANAHTARI
KONTRBAS,BÜYÜK KEMAN
KONU,"BAP, MEVZU, SÜJE"
KONU,MEVZU BAHİS
KONU,"MEVZU, BAHİS"
KONUM,POZİSYON
KONVOY,AYNI YÖNE GİDEN TAŞITLAR
KONYA,BİR İLİMİZ
KONYA,SELÇUKLU BAŞKENTİ
KOPİL,ARGODA ARSIZ SOKAK ÇOCUĞU
KOPİL,ARSIZ SOKAK ÇOCUĞU
KOR,ATEŞ
KOR,İYİCE YANMIŞ KÖMÜR
KORAMİRAL,BİR DENİZ SUBAYI
KORDA,TAHTA KURUSU
KORDON,KIYI ŞERİDİ
KORE,ASYA'DA ÜLKE
KORGUN,ÇANKIRI'NIN BİR İLÇESİ
KORNA,KLAKSON
KORNO,ÜFLEMELİ BAKIR ÇALGI
KORO,MÜZİK ESERİNİ SESLENDİREN TOPLULUK
KORO,MÜZİK TOPLULUĞU
KORO,TEK YA DA ÇOK SESLİ OLARAK YAZILMIŞ BİR MÜZİK ESERİNİ SESLENDİRMEK İÇİN BİR ARAYA GELEN TOPLULUK.
KORSE,ESNEK İÇ GİYSİSİ
KORSE,İNCE GÖSTEREN İÇ GİYSİSİ
KORSİKA,AKDENİZDE BİR ADA
KORSİKA,AKDENİZ’DE BİR ADA
KORT,TENİS ALANI
KORT,TENİS OYNANAN ALAN
KORU,BAKIMLI KÜÇÜK ORMAN
KORU,KÜÇÜK VE BAKIMLI ORMAN
KORİDA,BOĞA GÜREŞİ
KORİDOR,DAR GEÇİT
KOS,İSTANKÖY ADASININ ESKİ ADI
KOSA,BİR TÜR ORAK
KOSA,BİR TÜR UZUN SAPLI ORAK
KOSA,UZUN SAPLI ORAK
KOSMOZ,EVREN
KOSOVA,AVRUPADA BİR ÜLKE
KOSOVA,AVRUPA’DA BİR ÜLKE
KOT,BLUCİN
KOT,GİYSİ YAPILAN KUMAŞ
KOT,GİYSİ YAPILAN PAMUKLU KUMAŞ
KOT,PAMUKLU KUMAŞ
KOTA,İTHAL MAL LİSTESİ
KOTRA,İNCE GÖVDELİ YELKENLİ
KOV,DEDİKODU
KOVA,BİR BURÇ
KOVA,BİR BURÇ ADI
KOVA,CLUEBİR BURÇ
KOVAN,ARI BARINAĞI
KOY,"DENİZİN, GÖLÜN KÜÇÜK GİRİNTİLER BİÇİMİNDE KARAYA DOĞRU SOKULDUĞU BÖLÜMÜ"
KOY,KÜÇÜK KÖRFEZ
KOZ,CEVİZ
KOZA,İPEK BÖCEĞİ KORUNAĞI
KOÇ,BİR BURÇ
KOÇ,BİR BURÇ ADI
KOÇ,DAMIZLIK ERKEK KOYUN
KOŞAT,TEKE OLMAMIŞ KEÇİ
KOŞU,KOŞMA
KR,KRİPTON (SİMGESİ)
KR,KRİPTON SİMGESİ
KR,KRİPTON'UN SİMGESİ
KRAFT,DAYANIKLI AMBALAJ KAĞIDI
KRAK,BİR İŞLETMENİN ANİ BATIŞI
KRAKELE,SICAK PARÇANIN ANSIZIN SUYUN İÇİNE DALDIRILMASIYLA ELDE EDİLEN ÇATLAK CAM TÜRÜ
KRAKER,BİR TÜR GEVREK VE TUZLU BİSKÜVİ
KRAKER,BİR TÜR TUZLU BİSKÜVİ
KRAKOR,BOKSTA YAKIN DÖVÜŞ
KRAKOR,KAMBOÇYA'NIN PURSAT İLİNDE BULUNAN İLÇE
KRAL,HÜKÜMDAR
KRAL,"HÜKÜMDAR, 'ARGODA ÜSTÜN, MÜKEMMEL'"
KRAL,"HÜKÜMDAR, 'ARGODA ÜSTÜN,MÜKEMMEL'"
KRAL,ÇOK BAŞARILI VE ZENGİN
KRAL,ÇOK BAŞARILI VE ZENGİN İŞ ADAMI
KRAL,"ÜSTÜN, ÇOK İYİ (MECAZ)"
KRALİÇE,KRALIN EŞİ
KRALİÇE,KRALIN KARISI
KRAMP,KASINÇ
KRAMPON,FUTBOL AYAKKABI KABARASI
KRANK,BİR MOTORDA BİLYELERİN ALMAŞIK DEVİNİMİNİ DAİRESEL DEVİNİME ÇEVİREN DİNGİL
KRANK,MOTORDA DİNGİL
KRATER,YANARDAĞ AĞZI
KRAÇA,İSTAVRİT BALIĞININ KÜÇÜĞÜ
KREDİ,BORÇ ÖDEMEDE GÜVENİLİR OLMA DURUMU
KREDİ,"GÜVEN, SAYGINLIK"
KREDİ,"GÜVEN, İTİBAR, SAYGINLIK"
KREDİ,ÖDÜNÇ ALINAN PARA
KREM,AÇIK SAMAN RENGİ
KREMA,BİR TÜR YUMURTALI SÜT TATLISI
KREMA,BİR TÜR YUMURTALI SÜT TATLISI.
KREMA,YUMURTALI SÜT TATLISI
KREP,BİR TÜR İNCE KUMAŞ
KREŞ,ÇOCUK YUVASI
KROKİ,NESNENİN BAŞLICA ÖZELLİKLERİNİ YANSITAN TASLAK
KROKİ,NESNENİN ÖZELLİKLERİNİ YANSITAN
KROKİ,TASLAK
KROM,'CR' SİMGELİ ELEMENT
KROM,BİR ELEMENT
KROM,CR' SİMGELİ ELEMENT
KROM,HAVADA OKSİTLENMEYEN BİR ELEMENT
KROM,OKSİTLENMEYEN BİR ELEMENT
KRON,DANİMARKA PARA BİRİMİ
KRON,DANİMARKANI N PARA BİRİMİ
KRON,DANİMARKA’NI N PARA BİRİMİ
KRONA,İZLANDA PARA BİRİMİ
KRONİK,"MÜZMİN, SÜREĞEN"
KROS,KIR KOŞUSU
KROŞE,BOKSTA BİR YUMRUK
KRUVAZE,ÇİFT DÜĞMELİ CEKET
KRİKO,AĞIR BİR YÜKÜN YERDEN YÜKSELTİLMESİNİ SAĞLAYAN ALET
KRİKO,KALDIRICI
KRİKO,OTO KALDIRICI
KRİPTO,SAKLI YAZI
KRİTER,ÖLÇÜT
KRİTER,"ÖLÇÜT,KISTAS"
KRİTİK,CİDDİ
KRİZ,BUHRAN
KRİZ,"BUNALIM, AKSE, BUHRAN"
KRİZ,RUHSAL BUNALIM
KRŞ,KURUŞ (KISACA)
KS,KIRGIZİSTAN PLAKASI
KS,KIRGIZİSTANIN PLAKASI
KS,KIRGIZİSTAN’IN PLAKASI
KS,KİLOSİKL
KS,KİLOSİKL (KISACA)
KSA,ARABİSTAN PLAKASI
KSENON,ASAL BİR GAZ
KSENON,"HAVADA ON MİLYONDA BİR ORANINDA BULUNAN, RENKSİZ, KOKUSUZ BİR ASAL GAZ"
KT,KİLOTON (KISACA)
KU,HAWAİ İNANIŞINDA SAVAŞ TANRISI
KU,KURÇATOVYUM (SİMGESİ)
KU,KURÇATOVYUM ELEMENTİNİN SİMGESİ
KU,KURÇATOVYUM SİMGESİ
KUALALUMPUR,MALEZYA BAŞKENTİ
KUBA,İSLAM'IN İLK MESCİDİ
KUBAT,"KABA, BİÇİMSİZ"
KUBLE,ÖPME
KUBİLAYAKA,RESİMDEKİ OYUNCU
KUFE,IRAK'TA BİR ŞEHİR
KUFİ,ARAPÇA YAZI BİÇİMİ
KUKA,BİR ÇOCUK OYUNU
KUKA,DANTEL VEYA NAKIŞ İPLİĞİ YUMAĞI
KUKA,DANTEL İPLİĞİ YUMAĞI
KUKA,NAKIŞ İPLİĞİ YUMAĞI
KUKLA,'AHMET ÜMİT' KİTABI
KUKLA,AHMET ÜMİT KİTABI
KUL,ALLAHA GÖRE İNSAN
KUL,ALLAH’A GÖRE İNSAN
KUL,TANRIYA GÖRE İNSAN
KUL,‘ALPER ...’ (AKTÖR)
KULA,MANİSA İLÇESİ
KULU,KONYA İLÇESİ
KULVAR,ATLETİZMDE YARIŞÇI ŞERİDİ
KULİS,GİZLİ HAZIRLIK KONUŞMASI
KUM,BÖBREK TAŞI
KUMA,ATIF YILMAZ VE TARIK DURSUN K. ORTAK FİLMİ
KUMA,AYNI ERKEKLE EVLİ KADINLAR
KUMLA,GENİŞ KUMSAL
KUMLA,"KUMLUK YER, GENİŞ KUMSAL"
KUMPİR,BİR TÜR PATATES DOLMASI
KUMRU,ORDU İLÇESİ
KUMRU,ORDU'NUN BİR İLÇESİ
KUMRU,İZMİR SANDVİÇİ
KUMUL,KUM TEPESİ
KUMUL,ÇÖLDEKİ KUM TEPELERİ
KUMUL,ÇÖLLERDE RÜZGARIN YIĞDIĞI KUM TEPESİ
KUNA,HIRVATİSTAN PARA BİRİMİ
KUNA,HIRVATİSTANIN PARA BİRİMİ
KUNA,HIRVATİSTAN’IN PARA BİRİMİ
KUNDUZ,POSTU DEĞERLİ BİR HAYVAN
KUNDUZ,"SU KIYILARINDA SETLER KURAN, KÜRKÜ DEĞERLİ BİR HAYVAN"
KUNT,"AĞIR, KALIN, DAYANIKLI VE SAĞLAM"
KUNT,DAYANIKLI VE SAĞLAM
KUP,GİYSİ KESİMİ
KUP,"GİYSİ KESİMİ, KESİMLE VERİLEN BİÇİM"
KUPA,BÜYÜK BARDAK
KUPA,İSKAMBİL KAĞITLARINDA BİR GRUP
KUPA,"İSKAMBİL KAĞITLARININ DÖRT GRUBUNDAN BENEKLERİ KIRMIZI, KALP BİÇİMİNDE OLANI"
KUR,DÖVİZİN ULUSAL DEĞERİ
KURA,AD ÇEKME
KURA,"AD ÇEKME, ÇEKİLİŞİ"
KURA,ÇEKİLİŞLE SONUCU BELİRLEME
KURADA,"ESKİMİŞ, BOZULMUŞ (EŞYA)"
KURADA,"GELİŞMEMİŞ, CILIZ"
KURADA,"İŞE YARAMAZ, YIPRANMIŞ, BOZULMUŞ, ESKİMİŞ EŞYA"
KURAL,KAİDE
KURON,DİŞTE METAL KAPLAMA
KURS,BELLİ BİR SÜRESİ OLAN EĞİTİM ETKİNLİĞİ
KURS,"YUVARLAK VE YASSI BİÇİMLİ NESNE, AĞIRSAK"
KURS,ÖZEL DERS
KURU,"SUYU, NEMİ OLMAYAN"
KUT,BAHT
KUT,MUTLULUK
KUT,"TALİH, ŞANS, UĞUR."
KUTLAMA,TEBRİK
KUTSİ,RESİMDEKİ ŞARKICI
KUZU,KOYUN YAVRUSU
KUZİN,KIZ YEĞEN
KUZİN,"TEYZE, DAYI, HALA VEYA AMCANIN KIZ ÇOCUĞU, KIZ YEĞEN, BÖLE"
KUŞE,"PARLAK, KAYMAK KAĞIT"
KUŞE,"PARLAK, PÜRÜZSÜZ KAĞIT"
KYAT,MYANMAR PARA BİRİMİ
KZ,KAZAKİSTANI N PLAKASI
KZ,KAZAKİSTANIN PLAKASI
KZ,KAZAKİSTAN’I N PLAKASI
KZ,KAZAKİSTAN’IN PLAKASI
KÖK,"DİP, TEMEL, ESAS"
KÖK,DİŞİN ALT BÖLÜMÜ
KÖK,"SAZI KURMAYA YARAYAN BURGU, KULAK"
KÖKNAR,BİR ORMAN AĞACI
KÖLE,ESİR
KÖPEKBALIĞI,DENİZALTINDA YAŞAYAN BÜYÜK YIRTICI?
KÖR,"GÖRMEZ, AMA"
KÖRE,ASYA'DA ÜLKE
KÖRE,KARINCA YUVASI
KÖS,BÜYÜK MEHTER DAVULU
KÖS,ESKİDEN SAVAŞLARDA İŞARET VERMEK İÇİN KULLANILAN BÜYÜK DAVUL
KÖS,İSTANKÖY ADASININ ESKİ ADI
KÖSE,GÜMÜŞHANE İLÇESİ
KÖSELE,İŞLENMİŞ KALIN DERİ
KÖTÜ,İYİ KARŞITI
KÖY,KIRSAL YERLEŞİM BİRİMİ
KÖY,KÜÇÜK YERLEŞİM
KÖY,İNSANLARIN YAŞADIĞI YERLEŞİM YERİ?
KÖZ,KÜÇÜK KOR PARÇASI
KÖŞK,AYDIN İLÇESİ
KÖŞK,BAHÇELİ SÜSLÜ EV
KÜBA,BİR ADA ÜLKESİ
KÜF,PAS
KÜFE,BÜYÜK SEPET
KÜL,"BÜTÜN, TÜM"
KÜL,YANAN ŞEYLERDEN ARTAKALAN TOZ MADDE
KÜLLİ,BÜTÜNE VE GENELE İLİŞKİN
KÜME,"LİG, GRUP"
KÜME,TAKIMLAR GRUBU
KÜMÜLÜS,KÜME BULUT
KÜNCÜ,SUSAM (TANELERİ)
KÜNEFE,PEYNİRLİ TEL KADAYIF
KÜNK,KALIN SU BORUSU
KÜNK,ÇİMENTODAN SU BORUSU
KÜR,DÖVİZİN ULUSAL DEĞERİ
KÜR,ÖZEL TEDAVİ YÖNETİMİ
KÜR,İYİ BAKIM VE İLAÇ TEDAVİSİ
KÜRAR,BİTKİSEL BİR ZEHİR
KÜRE,KASTAMONU İLÇESİ
KÜRK,İŞLENMİŞ HAYVAN POSTU
KÜRSÜ,ANA BİLİM DALI
KÜS,DARGIN
KÜSKÜ,BASİT KALDIRAÇ
KÜSPE,PANCAR POSASI
KÜT,KESKİN OLMAYAN
KÜT,KISA VE KALINCA
Kİ,"BELKİ, ÇÜNKÜ, HÂLBUKİ"
Kİ,BİR BAĞLAÇ
Kİ,İLGİ EKİ
KİBAR,"DAVRANIŞ, DÜŞÜNCE, DUYGU BAKIMINDAN İNCE, NAZİK OLAN (KİMSE)"
KİBAR,"DAVRANIŞ, DÜŞÜNCE, DUYGU BAKIMINDAN İNCE, NAZİK OLAN KİMSE"
KİBAR,"SOYLU, KÖKLÜ (KİMSE, AİLE)"
KİBAR,"SOYLU, KÖKLÜ (KİMSE,AİLE)"
KİBAR,"SOYLU,KÖKLÜ (KİMSE AİLE)"
KİEL,ALMANYA’DA BİR KENT
KİEV,UKRAYNA'NIN BAŞKENTİ
KİEV,UKRAYNANIN BAŞKENTİ
KİEV,UKRAYNA’NIN BAŞKENTİ
KİGALİ,RUANDANIN BAŞKENTİ
KİGALİ,RUANDA’NIN BAŞKENTİ
KİK,BİR YARIŞ KAYIĞI
KİK,FUTA
KİKİRİK,"UZUN BOYLU, ZAYIF, İNCE KİMSE"
KİKİRİK,YERFISTIĞI
KİKİRİK,"ZAYIF, İNCE, UZUN BOYLU"
KİKİRİK,"ZAYIF, İNCE, UZUN BOYLU KİMSE"
KİL,BİR TÜR TOPRAK
KİL,YAĞLI TOPRAK
KİL,YUMUŞAK VE YAĞLI TOPRAK
KİLE,ESKİ BİR TAHIL AĞIRLIK ÖLÇÜSÜ
KİLE,"GENELLİKLE TAHIL ÖLÇMEDE KULLANILAN, BELİRLİ HACİMDEKİ KAP, ÖLÇEK."
KİLE,TAHIL ÖLÇEĞİ
KİLER,AMBAR
KİLER,ERZAK ODASI
KİLER,ERZAK SAKLANAN ODA
KİLOMETRE,BİN METRE
KİLS,KİREÇ TAŞI
KİLS,"KİREÇ, SÖNMEMİŞ KİREÇ"
KİLİM,"DÖŞEME, DİVAN GİBİ YERLERE SERİLEN DOKUMA"
KİLİM,"DÖŞEME, DİVAN GİBİ YERLERE SERİLEN, GENELLİKLE DESENLİ, HAVSIZ, KALIN, KIL YA DA YÜN DOKUMA."
KİLİM,PAÇAVRADAN DOKUMA
KİLİM,"YERE SERİLEN, KIL YA DA YÜN DOKUMA"
KİLİS,BİR İLİMİZ
KİLİSE,HIRİSTİYANLARIN İBADET ETTİKLERİ YER
KİLİSE,HRİSTİYAN İBADET YERİ
KİM,BİR BAĞLAÇ
KİM,HANGİ KİŞİ
KİM,HANGİ KİŞİ?
KİMONO,GENİŞ KOLLU SABAHLIK
KİMONO,JAPONLARIN ULUSAL GİYSİSİ
KİMONO,JAPONYA'NIN GELENEKSEL GİYSİSİ
KİMSE,"ŞAHIS, NEFER"
KİMYA,KİMYASAL TEPKİMELERİ İNCELEYEN BİLİM DALI
KİMYA,"MADDELERİN TEMEL YAPILARINI, BİRLEŞMELERİNİ, DÖNÜŞÜMLERİNİ, ÇÖZÜMLEME, BİRLEŞİM VE ÜRETİM YÖNTEMLERİNİ İNCELEYEN BİLİM"
KİMYON,GÜZEL KOKULU BİR BAHARAT
KİMYONİ,KAHVERENGİYE ÇALAN YEŞİL
KİMİ,BAZISI
KİMİ,BİR KISIM (İNSAN)
KİMİ,"BİR TAKIMI, BAZISI"
KİMİ,"BİRTAKIM, BAZI"
KİMİ,"BİRTAKIMI, BAZISI"
KİMİ,HANGİ KİŞİ
KİN,GARAZ
KİN,"GARAZ, GAREZ"
KİN,GİZLİ DÜŞMANLIK
KİN,KESİCİ ARAÇ KABI
KİNAYE,DOKUNAKLI SÖZ
KİNAYE,"SİTEMLİ, DOKUNAKLI SÖZ"
KİNDAR,"KİN TUTAN, KİNCİ"
KİNETİK,HAREKETLE İLGİLİ
KİNETİK,KİMYASAL TEPKİMELERİN HIZLARINI İNCELEYEN BİLİM DALI
KİNİN,SITMA TEDAVİSİNDE KULLANILIR
KİNİN,SITMA İLACI
KİNİN,SITMANIN BİR İLACI
KİNİN,"SULFATA, SITMA İLACI"
KİNŞASA,KONGO DEMOKRATİK CUMHURİYETİ'NİN BAŞKENTİ
KİNŞASA,KONGO DEMOKRATİK CUMHURİYETİNİN BAŞKENTİ
KİNŞASA,KONGONUN BAŞKENTİ
KİNŞASA,KONGO’NUN BAŞKENTİ
KİP,"SAĞLAM, DAYANIKLI"
KİP,"UYGUN, TIPATIP GELEN."
KİPPA,YAHUDİ TAKKESİ
KİR,BİR YERDE BİRİKEN PİSLİK
KİR,"LEKE, ŞAİBE"
KİR,PASAK
KİRA,İCAR
KİRALAMAK,KİRA İLE TUTMAK
KİRALAMAK,KİRAYA VERMEK
KİRAZ,BİR MEYVE
KİRAZ,İZMİR İLÇESİ
KİREMİT,ÇATI ÖRTÜSÜ
KİRMEN,ELDE YÜN EĞİRME ARACI
KİRMEN,ELDE YÜN EĞİRMEYE YARAYAN ARAÇ
KİRPİ,SIRTI DİKENLİ BİR HAYVAN
KİRVE,SÜNNET BABASI
KİRVE,"SÜNNET OLAN ÇOCUĞUN BÜTÜN MASRAFLARINI ÜSTLENDİKTEN SONRA SÜNNET SIRASINDA ÇOCUĞU KUCAĞINA ALARAK ELİNİ, KOLUNU TUTAN VE BÜTÜN HAYATI BOYUNCA ÇOCUK ÜZERİNDE BABASINA YAKIN HAK TAŞIYAN KİMSE"
KİRİŞ,ANATOMİDE TENDON
KİRİŞ,ÇALGI TELİ
KİST,"KÜÇÜK PATOLOJİK TORBA, KİTLE"
KİSVE,KILIK
KİSVE,KILIK KIYAFET
KİT,KISIK SESLİ KÜÇÜK KEMAN
KİT,MACUN
KİT,TEST SİSTEMLERİ
KİTABE,OYMA YAZIT
KİTABE,YAZIT
KİTAP,HERHANGİ BİR KONUDA YAZILMIŞ ESER
KİTARA,GİTAR
KİTRE,BİR TÜR ZAMK
KİTRE,GEVENDEN ÇIKARILAN BİR ZAMK TÜRÜ
KİTİN,BAZI MANTAR VE LİKENLERDE DE RASTLANAN MADDE
KİTİN,DAYANIKLI VE ESNEK ORGANİK MADDE
KİTİN,EKLEM BACAKLILARIN DIŞ DOKUSUNU OLUŞTURAN ORGANİK MADDE
KİTİN,SELÜLOZUN BİR TÜREVİ
KİVİ,BİR MEYVE
KİVİ,YENİ ZELANDA’DA YAŞAYAN BİR KUŞ
KİZİR,KÖY MUHTARI YARDIMCISI
KİÇ,YOZ BEĞENİ
KİĞI,BİNGÖL İLÇESİ
KİĞI,BİNGÖL'ÜN BİR İLÇESİ
KİŞİLİK,ŞAHSİYET
KİŞİNEV,MOLDOVA'NIN BAŞKENTİ
LA,BİR NOTA
LA,LANTA'NIN SİMGESİ
LA,LANTAN (SİMGE)
LA,LANTAN (SİMGESİ)
LA,LANTAN SİMGESİ
LAAKAL,EN AZINDAN
LAAKAL,"EN AZINDAN, HİÇ OLMAZSA"
LAAKAL,"ESKİ DİLDE EN AZINDAN, ASGARİ"
LABA,"ANTALYA YÖRESİNE ÖZGÜ, KABURGA KEMİĞİ VE PİRİNÇLE YAPILAN BİR YEMEK"
LABADA,EFELEK
LABADA,EFELEK DE DENİLEN ÇOK YILLIK OTSU BİR BİTKİ.
LABADA,EFELEK OTU
LABORATUVAR,BİLİMSEL DENEY YAPILAN YER?
LADEN,"AKDENİZ ÜLKELERİNDE YETİŞEN, TÜYLÜ VE GENELLİKLE YAPIŞKAN YAPRAKLI, REÇİNESİ HEKİMLİKTE KULLANILAN BİR BİTKİ"
LADEN,REÇİNESİ HEKİMLİKTE KULLANILAN BİR AĞAÇÇIK
LADES,'SERAP BALIM' BİR KİTABI
LADES,SERAP BALIM KİTABI
LADES,ŞARAP BALIM KİTABI
LADOGA,AVRUPANIN EN BÜYÜK GÖLÜ
LADOGA,AVRUPA’NIN EN BÜYÜK GÖLÜ
LADİK,SAMSUN İLÇESİ
LADİN,BİR ORMAN AĞACI
LADİN,ÇAMGİLLERDEN 50-60 METRE YÜKSEKLİĞİNDE DÜZ GÖVDELİ AĞAÇ TÜRÜ
LADİN,"ÇAMGİLLERDEN, DÜZ GÖVDELİ AĞAÇ TÜRÜ"
LADİNİ,DİN DIŞI
LAEDRİ,ANONİM
LAEDRİ,YAZARI BİLİNMEYEN
LAF,(MECAZEN) DEDİKODU
LAF,SÖZ
LAF,"SÖZ, LAKIRTI"
LAFAZAN,GEVEZE
LAFAZAN,"ÇOK KONUŞAN, GEVEZE"
LAFZİ,"SÖZÜN SÖYLENİŞİNE, YAPISINA AİT, SÖZLE İLGİLİ"
LAGAR,"ZAYIF, ÇELİMSİZ"
LAGAR,"ZAYIF, ÇELİMSİZ, ETSİZ"
LAGOS,KAYA HANİSİ
LAGOS,LEZZETLİ BİR BALIK
LAGÜN,DENİZ KULAĞI
LAGÜN,DENİZ KULAĞI (COĞRAFYA)
LAHANA,BİR BİTKİ TÜRÜ
LAHANA,KELEM
LAHANA,TURPGİLLERDEN GENİŞ VE KALINCA YAPRAKLI SEBZE
LAHOS,BİR EGE BALIĞI
LAHOS,"HANİGİLLERDEN, AKDENİZ VE EGE’DE YAŞAYAN LEZZETLİ BİR BALIK"
LAHUTİ,İLAHİ
LAHİKA,EK
LAHİT,OYMA MERMER MEZAR
LAHİT,SÜSLÜ MEZAR
LAHİT,SÜSLÜ TAŞ MEZAR
LAHİT,TAŞ YA DA MERMERDEN OYMA MEZAR
LAK,AĞAÇ CİLASI
LAK,BOYACILIKTA KULLANILAN MADDE
LAK,BİR TÜR ZAMK
LAK,TAHTA CİLASI
LAK,TAHTA CİLASÄ±
LAKA,BİR CİNS REÇİNE
LAKA,YOL ÜZERİNDE OLUŞAN ÇUKUR
LAKA,YOLDA OLUŞAN ÇUKUR
LAKAP,BİR KİMSEYE TAKILMIŞ AD
LAKAP,TAKILMIŞ AD
LAKAP,TAKMA AD
LAKAP,TAKMAAD
LAKE,LAK İLE CİLALANMIŞ
LAKERDA,BALIK SALAMURASI
LAKLAK,GEVEZELİK
LAKLAK,LEYLEĞİN GAGASIYLA ÇIKARDIĞI SES
LAKLAKA,GEREKSİZ BOŞ SÖZ
LAKLAKA,"GEREKSİZ, BOŞ SÖZ"
LAKTOZ,SÜT ŞEKERİ
LAKİN,"AMA, FAKAT"
LAKİN,"FAKAT, AMA"
LAL,DEĞERLİ BİR TAŞ
LAL,DİLSİZ
LAL,DİLİ TUTULMUŞ
LAL,"DİLİ TUTULMUŞ, DİLSİZ"
LAL,PARLAK KIRMIZI RENKTE DEĞERLİ BİR TAŞ
LAL,"SAMİT’DE DENİLEN VE SÖZSÜZ OYNANAN KÖY SEYİRLİK OYUNLARININ GENEL ADI, DİLSİZ"
LALA,"TARİHTE, ŞAHZADE EĞİTMENİ"
LALA,ŞEHZADE EĞİTMENİ
LALANGA,BİR HAMUR TATLISI
LALANGA,"YAĞDA KIZARTILARAK, ÜZERİNE ŞEKER YADA ŞERBET DÖKÜLEN BİR HAMUR TATLISI"
LALAPAŞA,EDİRNE İLÇESİ
LALE,BİR SÜS BİTKİSİ
LALE,BİR ÇİÇEK
LALE,MEYVE KOPARMAK İÇİN UCUNA ÜÇLÜ YADA DÖRTLÜ BİR ÇATAL GEÇİRİLMİŞ SIRIK
LALE,‘... BAŞAR’ (AKTRİS)
LALELİK,LALE VAZOSU
LALEZAR,LALE BAHÇESİ
LAM,BİR MİKROSKOP CAMI
LAM,"DAR, ÇOK İNCE METAL PARÇA"
LAM,MİKROSKOP CAMI
LAMA,AMERİKAN DEVESİ
LAMA,"AMERİKAN DEVESİ, GEVİŞ GETİREN HAYVAN"
LAMA,BİR HAYVAN
LAMBA,GECE KULLANILAN IŞIK KAYNAĞI?
LAMBA,IŞIK VEREN BİR ARAÇ
LAMBA,PETROL GİBİ YANICI BİR MADDE YAKARAK YA DA ELEKTRİK AKIMIYLA İÇİNDEKİ TELLER AKKOR DURUMUNA GEÇEREK IŞIK VEREN ALET
LAMBADA,G. AMERİKA’DAN YAYILMIŞ DANS
LAMBADA,G.AMERİKA’DA YAYILMIŞ DANS
LAMBRİ,İÇ DUVAR KAPLAMASI
LAME,METAL GÖRÜNÜMLÜ DERİ
LAME,METAL PARLAKLIĞI VERİLMİŞ DERİ
LAMEKAN,MEKANSIZ
LAMEKAN,YERSİZ YURTSUZ
LAMEL,BİR MİKROSKOP CAMI
LAMEL,MİKROSKOP CAMI
LAMELİF,DOLAMBAÇLI
LAMELİF,"EĞRİ BÜĞRÜ, ÇARPIK"
LAMİ,PARILDAYAN
LAMİNARYA,"BÜTÜN DENİZLERDE YETİŞEN, EMİCİ KÖKLERLE KAYALARA TUTUNAN, UZUN ŞERİTLER DURUMUNDA BİR DENİZ YOSUNU"
LAMİNARYA,BİR TÜR DENİZ YOSUNU
LAMİNAT,BİR TÜR YAPAY PARKE
LAMİSE,"DOKUNUM, DUYARGA"
LAMİSE,DUYARGA
LAMİSE,"DUYARGA, DOKUNMA DUYUSU"
LAN,BİLGİSAYAR AĞLARI (KISACA)
LAN,ESKİ DİLDE LANET ETME
LAN,ESKİ DİLDE LANET SÖZÜ
LAN,YEREL BİLGİSAYAR AĞLARI
LAN,YEREL BİLGİSAYAR AĞLARI (KISACA)
LANARKİT,HİDRATLI DOĞAL KURŞUN SÜLFAT
LANET,BEDDUA
LANET,BİR İLENME SÖZÜ
LANET,"TERS, BERBAT, ÇOK KÖTÜ"
LANET,"ÇOK KÖTÜ, BERBAT"
LANOLİN,"ECZACILIKTA, PARFÜMERİDE KULLANILAN VE ÇİÇEKLERDEN ÇIKARILAN SARIMTIRAK YAĞ"
LANOLİN,PARFÜMERİDE KULLANILAN BİR YAĞ
LANOLİN,"YAPAĞIDAN ELDE EDİLEN, ECZACILIKTA VE PARFÜMERİDE KULLANILAN BİR YAĞ"
LANOLİN,YAPAĞIDAN ÇIKARILAN YAĞ
LANSE,ÖN TANITIM
LANSE,"İLERİ ATILMIŞ, ORTAYA ÇIKARILMIŞ"
LANTAN,ATOM NUMARASI 57
LANTAN,ATOM NUMARASI 57 OLAN ELEMENT
LANTAN,‘LA’ SİMGESİYLE GÖSTERİLEN ELEMENT
LAP,EGE BÖLGESİNDE TAZE SARI İNCİRE VERİLEN AD
LAP,YUMUŞAK VE AĞIR BİR ŞEY DÜŞTÜĞÜNDE ÇIKAN SES
LAPA,NİŞASTA BULAMACI
LAPA,NİŞASTALI BULAMAÇ
LAPA,NİŞASTANIN BULAMAÇ KIVAMI
LAPACI,"YORGUN, BİTMİŞ TÜKENMİŞ"
LAPACI,"YORGUN, TÜKENMİŞ"
LAPAZ,BOLİVYA BAŞKENTİ
LAPAZ,BOLİVYANIN BAŞKENTİ
LAPAZ,BOLİVYA’NIN BAŞKENTİ
LAPSEKİ,ÇANAKKALE İLÇESİ
LAR,BİR ÇOĞUL EKİ
LAR,BİR ÇOĞUL TAKISI
LAR,LİBYA’NIN PLAKA İŞARETİ
LARA,‘... FABİAN’ (ŞARKICI)
LARENDE,KARAMAN’ IN ESKİ ADI
LARP,ANSIZIN VE GÜÇLÜ
LARP,ANSIZIN VE GÜÇLÜ BİR BİÇİMDE
LARİ,GÜRCÜ PARA BİRİMİ
LARİ,GÜRCİSTANIN PARA BİRİMİ
LARİ,GÜRCİSTAN’IN PARA BİRİMİ
LASKİNE,BİR İSKAMBİL OYUNU
LASKİNE,İSKAMBİL KAĞITLARIYLA OYNANAN BİR OYUN
LASO,BİR TÜR KEMENT
LASO,KEMENT
LASO,KEMENT.
LAT,LETONYA PARA BİRİMİ
LAT,LETONYA’NIN PARA BİRİMİ.
LATA,DAR VE KALINCA TAHTA
LATA,KALIN VE DAR TAHTA
LATEKS,BAZI BİTKİLERİN GENELLİKLE SÜT GÖRÜNÜMÜNDE OLAN ÖZSUYU (KAUÇUK ÖZSUYU)
LATEKS,BİTKİ ÖZ SUYU
LATERİT,BİR TÜR TOPRAK
LATERİT,VERİMLİ TOPRAK
LATTE,BİR TÜR KAHVE
LATİF,"YUMUŞAK, HOŞ"
LATİF,"YUMUŞAK, HOŞ, İNCE BİR GÜZELLİĞİ OLAN"
LATİF,İŞLERİN BÜTÜN İNCELİKLERİNİ BİLEN
LATİFE,İNSANDAKİ İLAHİ CEVHERE İŞARET EDEN TASAVVUF TERİMİ.
LATİFE,ŞAKA
LATİFE,‘... TEKİN’ (YAZAR)
LATİN,İTALYADA YAŞAMIŞ ANTİK HALK
LATİN,İTALYA’DA YAŞAMIŞ ANTİK HALK
LAUBALİ,AŞIRI SAMİMİ
LAUBALİ,"SAYGISIZ, ÇEKİNMESİ OLMAYAN"
LAV,PÜSKÜRTÜ
LAV,YANARDAĞ PÜSKÜRTÜSÜ
LAVTA,DOĞACAK ÇOCUĞU ANA RAHMİNDEN ÇEKMEYE YARAYAN AYGIT
LAVTA,UTTAN KÜÇÜK BİR ÇALGI
LAY,"ÇAMUR, CIVIK"
LAZA,BAL TEKNESİ
LAZA,KÜÇÜK BAL TEKNESİ
LAZER,YOĞUN IŞIK KAYNAĞI
LAZER,"ÇOK GÜÇLÜ PIRILTILAR OLUŞTURAN, DEĞİŞİK ALANLARDA KULLANILAN IŞIK KAYNAĞI"
LAZIM,GEREKLİ BİLGİ
LAZUT,MISIR
LAZUT,MISIR (HALK DİLİ)
LAÇKA,"DÜZENİ BOZULMUŞ, GEVŞEMİŞ"
LAÇKA,GEVŞEK
LAÇKA,"GEVŞEMİŞ, DÜZENİ BOZULMUŞ"
LAÇO,ARGODA GENÇ VE YAKIŞIKLI ERKEĞE VERİLEN AD
LAÇİN,"ATMACA, DOĞAN"
LAÇİN,ÇORUM İLÇESİ
LAİK,DEVLET İŞLERİNİ DİNDEN AYRI TUTAN
LAİK,DİN VE DEVLET İŞLERİNİ AYIRAN
LAİK,"DİN İŞLERİNİ DEVLET İŞLERİNE KARIŞTIRMAYAN, DEVLET İŞLERİNİ DİNDEN AYRI TUTAN"
LAİK,LAİSİZM
LAİK,LAİSİZM YANLISI
LAİN,LANET EDEN
LAİN,LANETLENMİŞ MELUN
LAİN,"LANETLENMİŞ, MELUN"
LAİN,"MELUN, KOVULMUŞ, LANETLENMİŞ, İSTENMEYEN"
LAŞE,"GEMİ ENKAZI, BATIK"
LAŞE,LEŞ
LB,LİBERYA PLAKASI
LB,LİBERYA’NIN PLAKA İŞARETİ
LE,VİETNAM KRALLIK HANEDANI
LEA,YAKUP PEYGAMBERİN KARISI
LEB,"""..... DEMEDEN LEBLEBEYİ ANLAMAK."""
LEB,DUDAK (ESKİ DİL)
LEB,ESKİ DİLDE DUDAK
LEBALEP,AĞZINA KADAR DOLU
LEBEKE,ŞERİT PARÇASI
LEBİDERYA,DENİZ KENARI
LED,MİNİK AMPUL
LEF,MAYAKOVSKİ’NİN BAŞINI ÇEKTİĞİ ESKİ SOVYET EDEBİYAT GRUBU
LEF,"İÇİNE SOKMA, İLİŞTİRME"
LEFKOŞA,KIBRIS'IN BAŞKENTİ
LEFKOŞA,KIBRISIN BAŞKENTİ
LEFKOŞA,KIBRIS’IN BAŞKENTİ
LEGATO,BİR PARÇANIN NOTALARINI ARA VERMEDEN BİRBİRİNE BAĞLAMAK
LEGATO,BİR PARÇANIN NOTALARINI ARA VERMEDEN BİRBİRİNE BAĞLAYARAK (SÖYLEMEK YA DA ÇALMAK)
LEGATO,"BİR PARÇANIN NOTALARININ, ARA VERMEDEN BİRBİRİNE BAĞLANARAK SÖYLENECEĞİNİ VEYA ÇALINACAĞINI BELİRTEN MÜZİK TERİMİ"
LEGATO,NOTALARI ARA VERMEDEN SÖYLEMEK
LEGORN,BİR TAVUK IRKI
LEGORN,"YUMURTA VERİMİ ÇOK, GENELLİKLE BEYAZ TÜYLÜ BİR TAVUK IRKI"
LEH,ALEYH KARŞITI
LEH,POLONYALI
LEHÇE,"BİR DİLİN TARİHSEL, BÖLGESEL, SİYASAL SEBEPLERDEN DOLAYI SES, YAPI VE SÖZ DİZİMİ ÖZELLİKLERİYLE AYRILAN KOLU, DİYALEKT"
LEHÇE,KONUŞMA TARZI
LEHİM,"ERİME NOKTALARI DÜŞÜK METALLERİ TUTTURMA İŞLEMLERİNDE KULLANILAN, KALAY VE KURŞUN ALAŞIMLARININ GENEL ADI"
LEHİM,KALAY KURŞUN ALAŞIMI
LEHİM,KALAY VE KURŞUN ALAŞIMLARININ GENEL ADI
LEHİM,"METALLERİ BİRLEŞTİRMEDE KULLANILAN, KALAY VE KURŞUN ALAŞIMLARININ GENEL ADI"
LEJYON,BÜYÜK ASKERİ BİRLİK
LEK,ARNAVUT PARA BİRİMİ
LEK,ARNAVUTLUK PARA BİRİMİ
LEKE,BİR YÜZEYDE TÜRLÜ SEBEPLER DOLAYISIYLA OLUŞAN FARKLI RENK
LEKE,KİR İZİ
LEKE,KİRLİLİĞİ GÖSTEREN İZ
LEKE,ŞAİBE
LEKECİ,KURU TEMİZLEYİCİ
LEKEN,KAR AYAKLIĞI
LEKESİZ,LEKESİ OLMAYAN
LEKESİZ,"LEKESİ OLMAYAN, TEMİZ"
LEKESİZ,"LEKESİ OLMAYAN, TERTEMİZ"
LEKTÖR,OKUTMAN
LEMA,ESKİ DİLDE PARLAMAK
LEMA,PARILTI
LEMA,"PARILTI, PARLAYIŞ"
LEMİS,EL İLE DOKUNARAK DUYMA
LENA,RUSYADA BİR IRMAK
LENA,RUSYA’DA BİR IRMAK
LENA,RUSYA’DA BİR NEHİR
LENF,AKKAN
LENF,BEYAZ KAN HÜCRELERİ İÇEREN SIVI
LENS,GÖZE TAKILAN MERCEK
LENS,MERCEK
LEONA,SİERRA LEONE PARA BİRİMİ
LEOPAR,PARS
LEOPAR,POSTU BENEKLİ BİR YIRTICI HAYVAN
LEPRA,CÜZZAM
LERZAN,"TİTREK, TİTREYEN"
LESEPASE,SINIRDAN GEÇİŞ BELGESİ
LETAFET,"GÜZELLİK, HOŞLUK"
LEVA,BULGAR PARA BİRİMİ
LEVA,BULGAR PARASI
LEVENT,OSMANLI DONANMASI ASKERİ
LEVENT,OSMANLI'DA DENİZ ASKERİ
LEVHA,SAFİHA
LEVHA,ÜZERİNE YAZI YAZILMIŞ VEYA İŞARET KONULMUŞ METAL VEYA AHŞAP PLAKA
LEVREK,BEYAZ ETLİ BİR BALIK
LEVREK,BİR BALIK
LEVREK,BİR TÜR BALIK
LEVYE,BİR MEKANİZMANIN KUMANDA KOLU
LEY,ROMANYA PARA BİRİMİ
LEY,ROMANYA NIN PARA BİRİMİ
LEY,ROMANYANIN PARA BİRİMİ
LEY,ROMANYA’ NIN PARA BİRİMİ
LEY,ROMANYA’NIN PARA BİRİMİ
LEYAL,ESKİ DİLDE GECELER
LEYL,ESKİ DİLDE GECE
LEYLAFERAY,RESİMDEKİ OYUNCU
LEYLAK,"EFLATUN, BEYAZ, KOKULU ÇİÇEKLER AÇAN BİR AĞAÇ"
LEYLAK,GÜZEL KOKULU BİR ÇİÇEK
LEYLAK,HOŞ KOKULU ÇİÇEK AÇAN SÜS BİTKİSİ
LEYLİ,YATILI
LEZAR,KERTENKELE DERİSİ
LEZYON,DOKU BOZUKLUĞU
LEZİZ,"LEZZETLİ, TADI GÜZEL"
LEŞ,HAYVAN ÖLÜSÜ
LEŞ,KOKMUŞ HAYVAN ÖLÜSÜ
LEŞ,ÇOK KÖTÜ KOKAN
LIG,"AKARSUYUN GETİRDİĞİ İNCE ÇAMUR, TORTU, BİRİKİNTİ"
LIG,ALÜVYON
LIĞ,ALÜVYON
LM,LÜMEN (KISACA)
LO,İSTANBUL BOĞAZINA ADINI VEREN TANRIÇA
LOB,TENİSTE TOPUN ÇİZDİĞİ YOL. TOPU RAKİBİN ARKASINA DÜŞÜRMEYİ AMAÇLAYAN VURUŞ
LOBİ,"DALAN, ÇIKAR TOPLULUĞU"
LOBİ,OTELLERDE GİRİŞE YAKIN GENİŞ YER
LOBİ,ÇIKAR TOPLULUĞU
LODA,"KÜME, YIĞIN"
LODA,TOPRAKLA ÖRTÜLÜ SAMAN YIĞINI
LODER,YOL YAPIM MAKİNESİ
LODOS,"GÜNEY RÜZGARI, KABA YEL"
LODOS,"GÜNEY, GÜNEY RÜZGARI, KABA YEL"
LODOS,GÜNEYDEN VEYA GÜNEYBATIDAN ESEN VE BAZEN DE YAĞIŞ GETİREN YEREL RÜZGÂR
LODOS,"KABA YEL, BOZ YEL, AK YEL"
LOGO,BİR KURULUŞU SİMGELEYEN ŞEKİL
LOGO,"HARFLER, KISALTMALAR KÜMESİ"
LOK,GEMİLERİ AŞIRMAK İÇİN KULLANILAN ARA HAVUZ
LOK,GEMİLERİ FARKLI İKİ SU DÜZEYİNİN BİRİNDEN ÖTEKİNE GEÇİRMEK İÇİN YAPILAN ARA HAVUZ
LOK,KÜÇÜK TARLA
LOKAL,DERNEK EVİ
LOKAL,"YEREL, MAHALLİ"
LOKMA,BİR TÜR HAMUR TATLISI
LOKUM,BİR TÜR ŞEKERLEME
LOKUM,TÜRKLERE ÖZGÜ BİR ŞEKERLEME
LOMBAR,GEMİ BORDASINDAKİ DELİK
LOMBAR,"GEMİ BORDOLARINA, KÜPEŞTELERİNE AÇILAN DÖRTGEN BİÇİMLİ DELİK"
LONCA,ESNAF KURULUŞU
LONDRA,BİRLEŞİK KRALLIK'IN BAŞKENTİ
LONDRA,İNGİLTERENİN BAŞKENTİ
LONDRA,İNGİLTERE’NİN BAŞKENTİ
LONG,‘JUSTİN ...’ (AKTÖR)
LOP,YUMUŞAK VE YUVARLAK
LOP,"YUMUŞAK, YUVARLAK"
LOP,"YUMUŞAK, YUVARLAK VE İRİCE"
LOR,BİR TÜR TAZE VE TUZSUZ BEYAZPEYNİR
LOR,TUZSUZ BEYAZ PEYNİR
LORTA,AYAKKABI KALIBININ ÇAPI
LORİ,BİR ÇEŞİT PAPAĞAN
LORİ,KUYRUKSUZ BİR MAYMUN
LORİ,KUYRUKSUZ BİR TÜR MAYMUN
LORİ,PAPAĞAN TÜRÜ
LOSTRA,AYAKKABI BOYAMA
LOT,BORSADA HİSSE
LOTA,TATLI SULARDA YAŞAYAN BİR TÜR GELİNCİK BALIĞI
LOTARYA,AD YA DA NUMARA ÇEKİLEREK OYNANAN ŞANS OYUNLARININ GENEL ADI
LOTARYA,ŞANS OYUNLARI
LOTUS,BİR SU ÇİÇEĞİ
LOTUS,NİLÜFER CİNSİNDEN BİR ÇOK BİTKİYE VERİLEN GENEL AD
LOTUS,NİLÜFER CİNSİNDEN BİRÇOK BİTKİYE VERİLEN GENEL AD
LOĞ,TAŞ SİLİNDİR
LOŞ,AZ IŞIK ALAN YER
LOŞ,YARI KARANLIK
LOŞ,"YETERİNCE AYDINLIK OLMAYAN, AZ IŞIK ALAN"
LPG,SIVILAŞTIRILMIŞ PETROL GAZI
LR,LORENTİYUM (SİMGE)
LR,LORENTİYUM'UN SİMGESİ
LS,LESOTO’NUN PLAKASI
LT,LİTRE (KISACA)
LT,LİTVANYA PLAKASI
LT,LİTVANYA’NIN PLAKASI
LTD,LİMİTED (KISACA)
LTD,LİMİTED (KISALTMA)
LU,LÜTESYUM (SİMGE)
LU,LÜTESYUM'UN SİMGESİ
LUANDA,ANGOLA'NIN BAŞKENTİ
LUANDA,ANGOLANIN BAŞKENTİ
LUANDA,ANGOLA’NIN BAŞKENTİ
LULİ,FENİKE KRALI (MÖ 705'TE HÜKÜM SÜRMÜŞTÜR)
LULİ,ÇİNGENE KIZI
LUMBAGO,BEL BÖLGESİNDEKİ AĞRI
LUN,KARAŞAR PRENSİNİN UNVANI
LUP,"BÜYÜTEÇ, PERTAVSIZ"
LUSAKA,ZAMBİYA'NIN BAŞKENTİ
LUSAKA,ZAMBİYANIN BAŞKENTİ
LUSAKA,ZAMBİYA’NIN BAŞKENTİ
LUT,ORTA DOĞU’DA BİR GÖL
LUT,ORTADOĞU’ DA BİR GÖL
LUTR,SU SAMURU
LUTR,SU SAMURU VE KÜRKÜ
LV,LETONYA PLAKASI
LV,LEVAZIM (KISALTMA)
LYON,FRANSA'DA BİR KENT
LYON,FRANSADA BİR KENT
LYON,FRANSA’DA BİR KENT
LÖK,BÜYÜK ERKEK BOZ DEVE
LÖK,"KİREÇ, ZEYTİNYAĞI, PAMUK VE YUMURTA AKININ KARIŞTIRILMASI YOLUYLA, KIRIK ÇANAK ÇÖMLEKLERİ, KÜNKLERİ BİRLEŞTİRMEKTE KULLANILAN MACUN"
LÖK,YEDİ YAŞINDAN BÜYÜK ERKEK BOZ DEVE
LÖSEMİ,KAN KANSERİ
LÜFER,BİR BALIK ADI
LÜGAT,SÖZLÜK
LÜK,BOYACILIKTA KULLANILAN HİNT ZAMKI
LÜK,ESKİDEN BOYACILIKTA KULLANILAN HİNT ZAMKI
LÜK,HİNT ZAMKI
LÜLE,MUSLUKSUZ SU BORUSU
LÜLE,SU AKAN MUSLUKSUZ BORU.
LÜMEN,IŞIK AKISI BİRİMİ
LÜMEN,"IŞIK ŞİDDETİ 1 MUM OLAN, EŞİT DAĞILIMLI BİR NOKTA KAYNAĞININ 1 STERADYAN İÇİNE YAYIMLADIĞI IŞIK AKIŞI"
LÜTFÜ,‘... OFLAZ’ (YAZAR)
Lİ,LİTYUM (SİMGE)
Lİ,LİTYUM (SİMGESİ)
Lİ,LİTYUM SİMGESİ
Lİ,LİTYUM'UN SİMGESİ
Lİ,ÇİNLİLERİN BİR UZUNLUK ÖLÇÜSÜ
Lİ,‘JET ...’ (AKTÖR)
LİAN,KARŞILIKLI LANET OKUMA
LİAN,KARŞILIKLI LANETLEŞME
LİAN,LANET OKUMA
LİBAS,ESKİ DİLDE GİYSİ
LİBAS,GİYSİ
LİBERAL,HOŞGÖRÜLÜ (MECAZ)
LİBERAL,SERBEST EKONOMİDEN YANA OLAN
LİBERO,(FUTBOLDA BİR MEVKİ) SON ADAM
LİBERO,FUTBOLDA BİR MEVKİ
LİBERO,SON ADAM
LİBOR,ULUSLAR ARASI KREDİ FAİZ ORTALAMASI
LİBRE,BİR AĞIRLIK ÖLÇÜ BİRİMİ
LİBRE,YARIM KİLOGRAMLIK BİR AĞIRLIK ÖLÇÜ BİRİMİ
LİBYA,AFRİKA'DA BİR ÜLKE
LİCE,DİYARBAKIR İLÇESİ
LİDAKİ,ÇİPURA BALIĞININ KÜÇÜĞÜ
LİDAKİ,"ÇİPURA BALIĞININ, BOYU 10 SANTİMETREYE KADAR OLAN GENÇLERİNE VERİLEN AD"
LİDER,"ÖNDER, ŞEF"
LİDER,"ŞEF, ÖNDER"
LİET,"ALMANCADA, ŞARKI"
LİF,TEL
LİF,TEL (BİYOLOJİ)
LİF,ÇOK İNCE VE UZUN PARÇA
LİG,(SPORDA) KÜME
LİG,"SPORDA, KÜME"
LİG,"TAKIMLAR GRUBU, KÜME"
LİKA,HOKKAYA KONAN HAM İPEK
LİKAT,BAŞAK TOPLAMA
LİKEN,BİR DERİ HASTALIĞI
LİKEN,KAŞINDIRICI BİR DERİ HASTALIĞI
LİKRA,ÇOK ESNEK BİR KUMAŞ CİNSİ
LİKİT,SIVI
LİKİT,"SIVI, AKIŞKAN"
LİKİT,"SIVI, MAY"
LİKİT,"SIVI, MAYİ"
LİLA,AÇIK EFLATUN
LİLA,AÇIK EFLATUN RENGİ
LİLA,AÇIK MOR
LİLA,EFLATUN
LİLA,"LEYLAK RENGİ, AÇIK MOR"
LİM,KÜÇÜK BİR TÜR LİMON
LİM,KÜÇÜK LİMON
LİM,MİSKET LİMONU
LİMA,PERU BAŞKENTİ
LİMAN,GEMİ BARINAĞI
LİMBO,IRMAK YÜK TEKNESİ
LİME,PARÇA
LİME,"PARÇA, DİLİM"
LİMELİME,PARÇA PARÇA
LİMONATA,LİMON SUYUNDAN YAPILAN İÇECEK
LİMONATA,LİMON ŞERBETİ
LİMONATA,LİMONLU ŞERBET
LİMONATA,"SU, ŞEKER VE LİMON SUYUNDAN YAPILAN ŞERBET"
LİMONİ,YEŞİLE ÇALAN AÇIK SARI
LİMONİ,YEŞİLE ÇALAN AÇIK SARI RENK
LİMUZİN,LÜKS VE UZUN OTOMOBİL
LİMİT,MATEMATİĞİN BİR KONUSU
LİMİTET,BİR TÜR TİCARİ ORTAKLIK
LİMİTET,BİR ŞİRKET TÜRÜ
LİNET,SÜRGÜN
LİNET,"SÜRGÜN, ÖTÜRÜK"
LİNET,ÜNLÜ BİR ŞARKICI
LİNK,ATIN ESKİN YÜRÜYÜŞÜ
LİNK,ATIN EŞKİN YÜRÜYÜŞÜ
LİNK,BAĞLANTI
LİNK,BİR WEB TERİMİ
LİNOTİP,BİR TÜR DİZGİ MAKİNESİ
LİNZ,AVUSTURYA DA BİR KENT
LİNZ,AVUSTURYADA BİR KENT
LİNZ,AVUSTURYA’DA BİR KENT
LİPARİ,YAĞLANMAYA BAŞLAYAN USKUMRU
LİPARİT,"GRANİTLE AYNI KİMYASAL YAPIDA, İÇİNDE MİKROLİTLER OLAN KAYAÇ"
LİPARİT,RİYOLİT
LİPOM,YAĞ URU
LİPİT,HER TÜR ORGANİK YAĞ
LİR,KAYNAĞI MİTOLOJİK ÇAĞLARA DAYANAN KİRİŞLİ BİR ÇALGI
LİR,KİRİŞLİ BİR ÇALGI
LİR,MİTOLOJİK ÇALGI
LİRA,ESKİDEN KULLANILAN YEDİ GRAM AĞIRLIĞINDA ALTIN SİKKE
LİRA,PARA BİRİMİMİZ
LİRA,TÜRK PARA BİRİMİ
LİRİK,"COŞKUN, ESİNLE DOLU"
LİRİK,"COŞKUN, İLHAMLA DOLU"
LİSAN,DİL
LİSAN,"DİL, ZEBAN"
LİSAN,KONUŞULAN DİL
LİSANS,YÜKSEKOKUL ÖĞRENİMİ
LİSANİYAT,DİL BİLİMİ
LİSANİYAT,"FİLOLOJİ, DİL BİLİMİ"
LİSE,ORTA ÖĞRETİMDE BİR AŞAMA
LİSE,YÜKSEKÖĞRETİMDEN ÖNCEKİ ÜÇ VEYA DÖRT YILLIK ORTAÖĞRETİM
LİSE,İDADİ
LİSTE,ALT ALTA YAZILMIŞ ŞEYLERİN BÜTÜNÜ
LİSTE,DİZELGE
LİSTE,"ÇİZELGE, CETVEL"
LİTOSFER,TAŞ KÜRE
LİTOSFER,TAŞ YUVARI
LİTRE,BİR SIVI ÖLÇÜ BİRİMİ
LİTRE,BİR SIVI ÖLÇÜM BİRİMİ
LİTRE,SIVI ÖLÇÜ BİRİMİ
LİTYUM,PARLAK BİR ELEMENT
LİVA,"BAYRAK, SANCAK"
LİVA,ESKİ DİLDE SANCAK
LİVA,SANCAK
LİVANE,ARTVİN'İN ESKİ ADI
LİVAR,DİRİ BALIK HAVUZU
LİVAR,DİRİ BALIK SAKLANAN HAVUZ
LİVAR,İÇİNDE DİRİ BALIK SAKLANAN
LİVAR,İÇİNDE DİRİ BALIK SAKLANAN DENİZDEN AYRILMIŞ HAVUZ
LİVAR,İÇİNDE DİRİ BALIK SAKLANAN HAVUZ TÜRÜ
LİYAKAT,LAYIK OLMA
LİYAKAT,"LAYIK OLMA, YARAŞIRLIK"
LİYAKAT,YARAŞIRLIK
LİÇİ,ÇİN KİRAZI
LİÇİ,ÇİN KİRAZI DA DENİLEN MEYVE
LİÇİ,ÇİN KİRAZI DENİLEN VE NEMLİ TOPRAKLARDA YETİŞEN BİR MEYVE
MA,ANADOLU HALKLARININ EN ESKİ ANA TANRIÇASI.
MA,ANADOLU’NUN EN ESKİ ANA TANRIÇASI
MA,ANADOLU’NUN EN ESKİ ANA TANRIÇASI HARARET
MA,CLUE
MA,ESKİ DİLDE 'SU'
MA,ESKİ DİLDE SU
MA,FAS'IN PLAKASI
MA,FASIN PLAKA İŞARETİ
MA,FAS’IN PLAKA İŞARETİ
MA,SU (ESKİ DİL)
MA,"SU, AB"
MAADA,BAŞKA
MAAR,PATLAK ÇUKUR
MAAR,VOLKANİK PATLAMA ÇUKURU
MAARİF,BİLGİ VE KÜLTÜR
MAARİF,EĞİTİM SİSTEMİ
MAARİF,EĞİTİM VE ÖĞRETİM SİSTEMİ
MAARİF,ÖĞRETİM VE EĞİTİM SİSTEMİ
MAAŞ,AYLIK
MABAT,"BİTMEMİŞ YAZI, ROMAN VB. NDE ARKA, DEVAM, SONRA"
MABAT,"BİTMEMİŞ YAZI, ROMAN VB.NDE ARKA, DEVAM"
MABEYİN,ESKİ KONAKLARDA HAREM İLE SELAMLIK ARASINDAKİ DAİRE
MABEYİN,PADİŞAH SARAYI
MABEYİN,İKİ ŞEYİN ARASI
MABLAK,"AŞURE KAZANINI KARIŞTIRMAK İÇİN KULLANILAN UZUN SAPLI, YAYVAN UÇLU KEPÇE"
MABLAK,UZUN SAPLI TAHTA KEPÇE
MABUDE,TANRIÇA
MACAR,BİR TÜR SALAM
MACAR,MACARİSTAN HALKINDAN OLAN KİMSE
MACERA,"SERGÜZEŞT, AVANTÜR"
MACERA,SERÜVEN
MADAM,EVLİ FRANSIZ KADIN
MADAM,FRANSA'DA EVLİ KADIN
MADARA,"KÖTÜ, SEVİMSİZ"
MADDİ,MADDE İLE İLGİLİ
MADEN,ELAZIĞ İLÇESİ
MADENİ,MADENLE İLGİLİ
MADRA,EGE BÖLGESİNDE DAĞ
MADRA,EGE'DE DAĞ
MADRABAZ,"HAYVAN, BALIK, SEBZE, MEYVE GİBİ YİYECEKLERİ, YERİNDEN GETİREREK TOPTAN SATAN KİMSE"
MADRABAZ,HİLE YAPAN KİMSE
MADRABAZ,"MECAZEN, HİLE YAPAN"
MADRABAZ,"MECAZEN, HİLE YAPAN KİMSE"
MADRAN,EGE'DE DAĞ
MADRİD,İSPANYA'NIN BAŞKENTİ
MADRİD,İSPANYANIN BAŞKENTİ
MADRİD,İSPANYA’NIN BAŞKENTİ
MADİK,"ARGODA DOLAP, HİLE"
MADİK,"DOLAP, HİLE"
MAESTRO,ORKESTRA ŞEFİ
MAFSAL,EKLEM
MAFİŞ,YOK KALMADI ANLAMLARINDA KULLANILAN BİR SÖZ
MAGMA,LAV
MAGRES,FİDAN BAHÇESİ
MAGRİ,"YILANBALIĞIGİLLERDEN, AVRUPA KIYILARINDA YAŞAYAN, ETİ LEZZETLİ BÜYÜK BİR BALIK"
MAH,GÖKTEKİ AY
MAH,GÖKTEKİ AY (ESKİ DİL)
MAHAL,YER
MAHAL,YÖRE
MAHLAS,OZANLARIN KULLANDIĞI TAKMA AD
MAHLAS,TAKMA AD
MAHLEP,KOKULU KİRAZ
MAHLUL,ERİYİK
MAHNA,BAHANE
MAHNA,HALK DİLİNDE BAHANE
MAHRA,ÜZÜM TAŞIMAYA YARAYAN TAHTA KAP
MAHİ,BALIK
MAHİ,"YOK EDEN, MAHVEDEN"
MAHİR,"USTA, BECERİKLİ"
MAKAK,GÜNEYDOĞU ASYA’DA YAŞAYAN KUYRUKLU BİR MAYMUN
MAKAK,KUYRUKLU ASYA MAYMUNU
MAKALE,GAZETE VEYA DERGİ YAZISI
MAKALE,YORUM YAZISI
MAKAM,"GÖREV YERİ, YÜKSEK MEVKİ"
MAKAM,"MEVKİ, KAT"
MAKARA,BOBİN
MAKARA,İP SARILAN BOBİN
MAKARANA,EL KOL HAREKETLERİ İLE BİRLİKTE YAPILAN BİR TÜR HIZLI DANS
MAKARANA,EL KOL HAREKETLERİYLE YAPILAN HIZLI DANS
MAKARANA,HIZLI DANS TÜRÜ
MAKARNA,BİR HAMUR YİYECEĞİ
MAKAS,BİRBİRİNİ KESEN DEMİRYOLU KAVŞAĞI
MAKAS,KÂĞIT VB.Nİ KESME ARACI
MAKAS,SU TOPUNDA İKİ AYAĞIN TEKER TEKER YARIM DAİRE BİÇİMİNDE ÇEVRİLMESİYLE YAPILAN BİR HAREKET
MAKET,MİMARLIKTA ESERLERİN TASLAK DURUMUNDAKİ KÜÇÜK ÖRNEĞİ
MAKET,YAPI TASLAĞI
MAKRO,"BÜYÜK, GENİŞ"
MAKSAT,AMAÇ
MAKTU,"GÖTÜRÜ, BELLİ MİKTARDA"
MAKULE,"TAKIM, ÇEŞİT"
MAKULE,"ULAM, KATEGORİ"
MAKULE,"ULAM, ÇEŞİT"
MAKUS,"UĞURSUZ, KÖTÜ"
MAKİ,AKDENİZ BİTKİ ÖRTÜSÜ
MAKİ,"AKDENİZ DOLAYLARINDA YAYGIN OLAN, BODUR AĞAÇ VE ÇALILARDAN OLUŞAN BİTKİ ÖRTÜSÜ"
MAKİ,BİR TÜR PRİMAT
MAKİNE,"ARABA, OTOMOBİL"
MAKİNE,"HALK DİLİNDE ARABA, OTOMOBİL"
MAKİNE,HALK DİLİNDE OTOMOBİL
MAKİNE,TAŞITIN HAREKET MEKANİZMASI
MAKİNECİ,MAKİNE SATAN KİMSE
MAKİNECİ,MAKİNE SATAN YA DA ONARAN KİMSE
MAL,BÜYÜKBAŞ HAYVAN
MAL,EMTİA
MAL,META
MAL,TİCARİ EŞYA
MALA,SIVACI ARACI
MALA,SIVACI EL ARACI
MALAGA,MİSKET ÜZÜMÜ
MALAK,MANDA YAVRUSU
MALAKİT,BAKIR TAŞI
MALAMA,SAMANLA KARIŞIK TAHIL
MALAMAT,REZİL
MALATYA,BİR İLİMİZ
MALAY,MALEZYA’NIN RESMİ DİLİ
MALAZ,SULAK YER
MALAZ,"SÜRÜLMEMİŞ, OT BÜRÜMÜŞ TOPRAK"
MALE,MALDİVLER BAŞKENTİ
MALE,MALDİVLER’İN BAŞKENTİ
MALKARA,TEKİRDAĞ İLÇESİ
MALKOÇ,OSMANLIDA AKINCILAR KOMUTANI
MALKOÇ,OSMANLI’DA AKINCILAR KOMUTANI
MALTA,AKDENİZ'DE ADA ÜLKESİ
MALTEPE,İSTANBUL İLÇESİ
MALUMAT,BİLGİ
MALZEME,BİR İŞTE VEYA ÜRETİMDE KULLANILAN HER TÜRLÜ MADDE
MALZEME,GEREÇ
MALİ,AFRİKA'DA BİR ÜLKE
MALİ,AFRİKA’DA BİR ÜLKE
MALİ,EMTİA
MALİ,PARASAL
MALİKANE,BÜYÜK VE GÖSTERİŞLİ EV
MAMA,BEBEK YİYECEĞİ
MAMAK,ANKARA İLÇESİ
MAMAK,ANKARA'NIN BİR İLÇESİ
MAMALİGA,MISIR UNU YEMEĞİ
MAMALİGA,MISIR UNUYLA YAPILAN BİR YEMEK
MAN,KUYRUKSUZ KEDİ CİNSİ
MANA,ANLAM
MANA,"ANLAM, MEAL"
MANALI,ANLAMLI
MANALI,"ANLAMLI, MANİDAR"
MANAMA,BAHREYNİN BAŞKENTİ
MANAMA,BAHREYN’İN BAŞKENTİ
MANAS,KIRGIZLARIN DESTANI
MANAS,KIRGIZLARIN ÜNLÜ DESTANI
MANAT,AZERBAYCAN PARA BİRİMİ
MANAT,AZERBAYCANIN PARA BİRİMİ
MANAT,AZERBAYCAN’IN PARA BİRİMİ
MANAV,MEYVE SEBZE SATAN
MANAV,MEYVE VE SEBZE SATAN YER
MANAV,"MEYVE, SEBZE SATAN KİMSE"
MANDA,SU SIĞIRI
MANDA,"SU SIĞIRI, CAMIZ"
MANEN,MANEVİ YÖNDEN
MANEVİYAT,"MADDİ OLMAYAN, MANEVİ ŞEYLER"
MANEVİYAT,YÜREK GÜCÜ
MANGA,ON KİŞİLİK ASKER BİRLİĞİ
MANGO,HİNT KİRAZI
MANGO,SICAK İKLİMLERDE YETİŞEN MEYVE?
MANKAFA,"ANLAYIŞSIZ, APTAL"
MANO,KUMAR OYNATAN KİŞİNİN KAZANÇTAN ALDIĞI PAY
MANO,"KUMAR OYNATANIN OYNAYANLARDAN, KAZANÇTAN ALDIĞI PARA, PAY"
MANTI,YÖRESEL BİR YEMEK
MANYAS,BALIKESİR'İN BİR İLÇESİ
MANYETOSFER,DÜNYA'NIN MANYETİK ALANI
MANZARA,GÖRÜNÜŞ
MANİ,ENGEL
MANİ,SAHURDA DAVULCULARIN OKUDUĞU KISA ŞİİR
MANİDAR,ANLAMLI
MANİDAR,"ANLAMLI, MANALI"
MANİKÜR,EL TIRNAK BAKIMI
MANİKÜR,ELİN YA DA EL TIRNAKLARININ BAKIMI
MANİPLE,TELGRAF GÖNDERME ARACI
MANİSA,BİR İLİMİZ
MANİSA,BİR İLİMİZ (45 PLAKA)
MANİSA,PLAKASI 45 OLAN İLİMİZ
MANİTA,ARGODA SEVGİLİ
MANİTA,ARGODA HİLEYLE HIRSIZLIK
MANİTA,ARGO’DA HİLEYLE HIRSIZLIK
MANİVELA,KALDIRAÇ
MANŞET,GAZETE BİRİNCİ SAYFA BAŞLIĞI
MAPA,UCU HALKALI CIVATA
MAPUTO,MOZAMBİKİN BAŞKENTİ
MAPUTO,MOZAMBİK’İN BAŞKENTİ
MAR,ESKİ BİR ÇALGI
MAR,ESKİ DİLDE YILAN
MAR,YILAN (ESKİ DİL)
MARABA,ORTAKÇI
MARABA,"ÇİFTÇİ, ORTAKÇI"
MARADONA,ARJANTİNLİ EFSANE
MARAKEŞ,FAS’TA BİR KENT
MARAL,DİŞİ GEYİK
MARANTA,ARAROT KAMIŞ
MARANTA,ARAROT KAMIŞI
MARAZ,ESKİ DİLDE HASTALIK
MARAZ,HASTALIK
MARAZA,HALK DİLİNDE HASTALIK
MARAZA,HASTALIK (HALK AĞZI)
MARK,ALMAN ESKİ PARA BİRİMİ
MARK,SIKILMIŞ ÜZÜMÜN CİBRESİNDEN YAPILAN SERT BİR FRANSIZ İÇKİSİ
MARKA,"BİLET, PARA YERİNE KULLANILAN METAL YA DA BAŞKA ŞEYDEN PARÇA"
MARKA,TANINMIŞ ÜRÜN
MARKA,"TANINMIŞ ÜRÜN, SAYGIN KİŞİ VB."
MARKA,ÖZEL İŞARET
MARKİ,BATI'DA BİR SOYLULUK UNVANI
MARMARİS,MUĞLA İLÇESİ
MARN,PEKMEZ TOPRAĞI
MARN,PEKMEZ TOPRAĞI DA DENİLEN VE ÜZÜM ŞIRASININ TORTULARINI ÇÖKELTMEKTE KULLANILAN KİLLE KARIŞIK KİREÇLİ TOPRAK
MAROKEN,BİR TÜR KEÇİ DERİSİ
MAROKEN,FAS’TA İŞLENEN YUMUŞAK BİR TÜR KEÇİ DERİSİ
MAROKEN,İŞLENMİŞ KEÇİ DERİSİ
MARPUÇ,NARGİLE AĞIZLIĞI
MARS,KIZIL GEZEGEN
MARS,MERİH
MARS,"MERİH, KIZIL GEZEGEN"
MARSIK,NİTELİKSİZ ODUN KÖMÜRÜ
MART,YILIN 3. AYI
MART,YILIN ON İKİ AYINDAN BİRİ
MART,YILIN ÜÇÜNCÜ AYI
MARTİN,BİR TÜR TÜFEK
MARİFET,"HÜNER, BECERİ"
MARİFET,"USTALIK, HÜNER"
MARİNA,YAT LİMANI
MARİZ,"HASTALIKLI, HASTA OLAN"
MAS,"EMME, SOĞURMA"
MAS,SOĞURMA
MAS,"SOĞURMA, EMME"
MASA,"AYAKLARI OLAN, TABLADAN OLUŞAN MOBİLYA"
MASA,COĞRAFYADA ‘DÜZLEK YAPI’
MASA,DÜZLEK YAPI (COĞRAFYA)
MASA,ŞAİR 'ÖMER GÜMELİ' KİTABI
MASA,ŞAİR ÖMER GÜMELİ KİTABI
MASARA,"KÜÇÜK DAR YER, HÜCRE"
MASARİKA,BAĞIRSAKLARI TUTAN KARIN İÇ ZARI
MASARİKA,BAĞIRSAKLARI TUTAN KARIN İÇZARI
MASARİKA,BAĞIRSAKLARI TUTAN KARIN İÇİ ZARI
MASARİKA,KARIN İÇİ ZARI
MASERU,LESOTHONUN BAŞKENTİ
MASERU,LESOTHO’NUN BAŞKENTİ
MASK,YÜZ KALIBI
MASKARA,KAŞ BOYASI
MASKARA,"KİRPİK BOYASI, RİMEL"
MASKE,TAKMA YÜZ
MASKE,YAPMA YÜZ
MASLAK,BÜYÜK YALAK
MASLAK,SÜREKLİ SU AKAN BORU
MASRAF,GİDER
MASRAF,"HARCANAN PARA, GİDER"
MASTAR,DÜZ SIVACI TAHTASI
MASURA,ÇEŞME ZIVANASI
MASÖR,ERKEK MASAJCI
MAT,(RENK İÇİN) DONUK
MAT,DONUK RENKLİ
MAT,"PARLAK OLMAYAN, DONUK"
MAT,SATRANÇTA YENİLGİ
MATARA,ASKERİN SU KABI
MATARA,BOYNA YA DA BELE ASILAN SU KABI
MATARA,SU KABI
MATE,KAHVE KREMASI
MATEM,YAS
MATEMATİK,RİYAZİYE
MATRAK,"EĞLENCELİ, GÜLÜNÇ, HOŞ"
MATRİS,BASKI KALIBI
MATUH,"BUNAMIŞ, BUNAK"
MATİNE,GÜNDÜZ GÖSTERİMİ
MATİNE,"HERHANGİ BİR ESERİN TANITILMASI, OKUNMASI, YORUMLANMASI VEYA BİR SANATÇIYI ANMA AMACIYLA DÜZENLENEN TOPLANTI"
MATİNE,SİNEMADA GÜNDÜZ GÖSTERİMİ
MATİZ,(ARGODA) ÇOK MEST
MATİZ,DENİZCİLİKTE İKİ HALATI EK YERİ KALINLAŞMAYACAK BİÇİMDE BİRBİRİNE EKLEME İŞİ
MATİZ,ÇOK SARHOŞ
MAUN,AKAJU
MAUN,"BİR ORMAN AĞACI, AKAJU"
MAURİTİUS,BAŞKENTİ ‘PORT LOUİS’ OLAN ÜLKE
MAVAL,"ARGODA YALAN, UYDURMA SÖZ"
MAVAL,"YALAN, UYDURMA SÖZ (ARGO)"
MAVERA,GÖRÜLEN ALEMİN ÖTESİ
MAVNA,GÜVERTESİZ BÜYÜK TEKNE
MAVZER,BİR TÜR TÜFEK
MAVİ,BİR RENK
MAY,KONYA’DA BİR BARAJ
MAYA,BİR HALK TÜRKÜSÜ
MAYA,DİŞİ DEVE
MAYA,"ENZİM, FERMENT"
MAYA,"FERMENT, ENZİM"
MAYIS,TAZE SIĞIR GÜBRESİ
MAYIS,YILIN BEŞİNCİ AYI
MAYO,DENİZDE GİYİLEN
MAYO,DENİZDE GİYİLİR
MAYO,DENİZE GİRERKEN GİYİLEN GİYSİ
MAYİ,SIVI
MAYİ,"SIVI, AKAR"
MAYİ,"SIVI,AKAR"
MAZI,BİR SÜS BİTKİSİ
MAZI,DİPTEN DALLANAN BİR BİTKİ
MAZI,DİPTEN DALLANAN BİR SÜS BİTKİSİ
MAZI,GEÇMİŞ ZAMAN
MAZUR,MAZERETİ OLAN
MAZİ,GEÇMİŞ
MAZİ,GEÇMİŞ ZAMAN
MAÇ,FUTBOL OYUNU
MAÇ,KARŞILAŞMA
MAÇ,MÜSABAKA
MAÇ,SPORDA KARŞILAŞMA
MAÇA,MADENCİLİKTE DOLGU KALIBI
MAÇA,İSKAMBİL KAĞIDI
MAÇA,İSKAMBİLDE BİR GRUP
MAÇKA,TRABZON İLÇESİ
MAÇKA,TRABZON'UN BİR İLÇESİ
MAÇO,KABA ERKEK
MAÇO,"SERT KARAKTERLİ, KABA ERKEK"
MAÇUNA,İSLİMLE ÇALIŞAN AĞIRLIK KALDIRMA MAKASI
MAĞ,BAŞIYLA KANAT VE KUYRUK UÇLARI AYNI RENKTE OLAN GÜVERCİN
MAĞARA,İN
MAİ,CLUE
MAİ,MAVİ
MAİ,MAVİ (ESKİ DİL)
MAİDE,KUR'ANDA 5. SÛRE
MAİDE,KUR'AN’DA 5. SÛRE
MAİL,EĞİLİMİ OLAN
MAİLE,AKLAN
MAİLE,SULARINI BİR DENİZE VEYA GÖLE GÖNDEREN BÖLGE
MAİN,EŞKENAR DÖRTGEN
MAİNE,ABD'DE BİR EYALET
MAİYET,ALT KADEMEDEKİLER
MAŞ,BİR CİNS BÖRÜLCE
MAŞA,ATEŞ TUTMA ARACI
MAŞA,ATEŞTEKİ VEYA SICAK NESNELERİ TUTMAYA YARAYAN ALET
MAŞRAPA,KULPLU BARDAK
MB,MEGABAYT (KISALTMA)
MD,MENDELEVYUM'UN SİMGESİ
MD,MENDELEVYUMUN SİMGESİ
MDF,ORTA YOĞUNLUKTA LİF LEVHA
ME,"KOYUN, KUZU SESİ"
ME,KUZU SESİ
ME,METABOLİK ENERJİ (KISACA)
MEAL,ANLAM
MEAL,"ANLAM, KAVRAM"
MEAL,"ANLAM, MANA"
MEAL,TÜRKÇE’DE KUR’AN ÇEVİRİLERİ İÇİN KULLANILAN BİR TERİM
MECAZ,GERÇEK ANLAMINDAN BAŞKA ANLAMDA KULLANILAN SÖZ
MECAZ,METAFOR
MECMUA,DERGİ
MEDAR,"DAYANAK, YARDIMCI"
MEDAR,DÖNENCE
MEDENİYET,UYGARLIK
MEDET,"YARDIM, İMDAT"
MEDRESE,İSLAMİ BİLİM OKULU
MEHDİ,HİDAYETE ERMİŞ OLAN
MEHMETUSTA,RESİMDEKİ OYUNCU
MEHMETÖZGÜR,RESİMDEKİ OYUNCU
MEHR,NİKAH PARASI
MEKAN,BULUNULAN YER
MEKAN,"EV, YURT"
MEKANİK,MİHANİKİ
MEKE,BİR TÜR YABAN ÖRDEĞİ
MEKE,KONYA’NIN KARAPINAR İLÇESİNDE BİR GÖL
MEKE,ÖRDEĞE BENZER BİR SU KUŞU
MEKKE,KABE’NİN BULUNDUĞU VE HAC İLE UMRE İBADETİNİN İFA EDİLDİĞİ KUTSAL ŞEHİR
MEKRUH,DİNEN SAKINCALI
MEKTEP,OKUL
MEKİK,BİR OYA YAPMA ARACI
MEL,"‘... GİBSON’ (AKTÖR, YÖNETMEN)"
MELAL,"CAN SIKINTISI, USANÇ."
MELAS,ŞEKER POSASI
MELEK,NURDAN VARLIK
MELEK,‘... MOSSO’ (ŞARKICI)
MELEKE,YETİ
MELEME,"AĞIRKANLI, RAHATINA DÜŞKÜN"
MELEME,"KOYUN, KEÇİ SESİ"
MELEZ,"KIRMA, AZMA, METİS"
MELEZ,"KIRMA, METİS"
MELODİ,EZGİ
MELON,YUVARLAK VE BOMBELİ BİR TÜR ŞAPKA
MELON,YUVARLAK VE BOMBELİ ŞAPKA
MELTEM,BİR MEVSİM RÜZGARI
MELUN,LANETLİ
MELİKA,""".... FOROUTAN"" (OYUNCU)"
MELİKA,KADIN HÜKÜMDAR
MELİKE,KADIN HÜKÜMDAR
MELİKE,KRAL KARISI
MELİKGAZİ,KAYSERİ İLÇESİ
MELİKGAZİ,KAYSERİ'NİN BİR İLÇESİ
MELİSA,OĞUL OTU
MELİSA,"OĞULOTU, KOVANOTU"
MELİSA,‘... ŞENOLSUN’ (AKTRİS)
MELİSADOĞU,RESİMDEKİ OYUNCU
MELİSASÖZEN,RESİMDEKİ OYUNCU
MELİSBİRKAN,RESİMDEKİ OYUNCU
MELİSSEZEN,RESİMDEKİ OYUNCU
MEMALİK,MEMLEKETLER
MEMALİK,ÜLKELER
MEMAT,ÖLÜM
MEMNU,YASAK
MEMURİN,MEMURLAR
MEN,YASAKLAMA
MEN,"YASAKLAMA, ENGELLEME"
MENAFİ,FAYDALAR
MENAFİ,"FAYDALAR, YARARLAR"
MENAFİ,YARARLAR
MENEMEN,BİR YUMURTA YEMEĞİ
MENEMEN,İZMİR İLÇESİ
MENEMEN,İZMİR'İN BİR İLÇESİ
MENENT,"BENZER, EŞ"
MENEVİŞ,HARE
MENEVİŞ,"HARE, DALGIR"
MENFEZ,"GİRECEK VEYA GEÇECEK YER, DELİK"
MENFUR,NEFRET EDİLEN
MENFİ,"OLUMSUZ, NEGATİF"
MENTOL,NANE KOKUSU
MENÜ,SOFRAYA ÇIKARILACAK YEMEKLERİN HEPSİ
MENİSK,BİR TÜR MERCEK
MER,ADAM (ESKİ DİL)
MERA,OTLAK
MERA,OTLAK (COĞRAFYA)
MERAK,"DÜŞKÜNLÜK, HEVES"
MERAK,ÖĞRENME İSTEĞİ
MERAM,KONYA İLÇESİ
MERASİM,TÖREN
MERCAN,ETİ BEĞENİLEN BİR BALIK
MERCAN,TROPİK VE ILIK DENİZLERDE YAŞAYAN KIRMIZI KALKER İSKELETLİ HAYVAN
MEREK,SAMANLIK
MERMİ,KURŞUN
MERSİYE,"AĞIT, İÇLİ ŞİİR"
MERT,YİĞİT
MERVE,MEKKEDE BİR TEPE
MERVE,MEKKE’DE BİR TEPE
MERVE,‘... ÖZBEY’ (ŞARKICI)
MERVEPOLAT,RESİMDEKİ OYUNCU
MERVEÇAĞIRAN,RESİMDEKİ OYUNCU
MERVEÜÇER,RESİMDEKİ OYUNCU
MERYEMUZERLİ,RESİMDEKİ OYUNCU
MERİ,DİŞİ KEKLİK
MERİ,GEÇERLİ
MERİH,BİR GEZEGEN
MERİH,MARS
MERİNOS,BEYAZ VE BOL TÜYLÜ YAPAĞISI OLAN KOYUN
MERİNOS,BİR KOYUN CİNSİ
MERİNOS,BİR TÜR KOYUN
MERİÇARAL,RESİMDEKİ OYUNCU
MES,"ESKİ DİLDE DEĞME, DOKUNMA"
MES,"YASAKLAMA, ENGELLEME"
MESAHA,YÜZÖLÇÜ
MESAHA,YÜZÖLÇÜMÜ
MESAİ,"ÇALIŞMA, EMEK"
MESEL,ÖRNEK ALINACAK SÖZ
MESELA,"SÖZ GELİŞİ, ÖRNEĞİ"
MESELA,ÖRNEĞİN
MESELE,SORUN
MESH,ABDEST ALIRKEN ELLERİ BAŞA SÜRMEK
MESH,BİR ŞEYİ ELLE SIVAZLAMA
MESNEVİ,DİVAN EDEBİYATI NAZIM BİÇİMİ
MESSİ,DÜNYACA ÜNLÜ FUTBOLCU
MEST,"ESRİK, KENDİNDEN GEÇMİŞ"
MEST,KENDİNDEN GEÇME
MESUL,SORUMLU
MESUT,MUTLU
MESUTAKUSTA,RESİMDEKİ OYUNCU
MESİRE,GEZİNTİ YERİ
MET,DENİZİN KABARMASI
MET,KABARMA
MET,KABARMA (COĞRAFYA)
MET,ÇELİK ÇOMAK OYUNU
META,MAL
META,"MAL, TİCARET MALI"
META,TİCARET MAL
META,TİCARET MALI
METAL,MADEN
METALİK,"MADENSEL, MADENİ"
METALİK,MADENİ
METALİK,METAL GİBİ PARLAK OLAN (RENK)
METAN,BATAKLIK GAZI
METAZORİ,ZORLA
METE,... HOROZOĞLU (AKTÖR)
METE,‘... HOROZOĞLU’ (AKTÖR)
METELİK,ÇOK AZ PARA
METEOR,"ATMOSFER İÇİNDE OLUŞAN SICAKLIK DEĞİŞMELERİ, RÜZGAR, YILDIRIM, YAĞMUR, DOLU GİBİ OLAYLARA VERİLEN GENEL AD"
METEOR,GÖK TAŞI
METOT,YÖNTEM
METRO,YERALTI TRENİ
METRUKE,"BIRAKILMIŞ, GERİYE KALMIŞ"
METİNAKDÜLGER,RESİMDEKİ OYUNCU
METİS,"KIRMA, MELEZ"
MEVA,SEKİZ CENNET’TEN ÜÇÜNCÜSÜ
MEVRİD,CADDE
MEVT,ÖLÜM
MEVTA,"ÖLÜ, ÖLMÜŞ KİMSE"
MEVZUAT,HUKUKİ VE İDARİ USULLER
MEY,BİR TÜR KÜÇÜK ZURNA
MEY,BİR TÜR ZURNA
MEY,DOĞU ANADOLU’DA KULLANILAN BİR KÜÇÜK ZURNA
MEYANE,ÇORBA SOSU
MEZAT,AÇIK ARTIRMA İLE SATIŞ
MEZRA,"EKİLECEK YER, EKENEK"
MEZRU,"EKİLMİŞ, EKİLİ"
MEZUN,BİR OKULU BİTİREREK DİPLOMA ALMAK
MEZUN,OKUL BİTİREN
MEZUN,"İZİN ALMIŞ, İZİNLİ"
MEZURA,TERZİ METRESİ
MEÇ,BİR KILIÇ TÜRÜ
MEÇ,BİR TÜR DÜZ VE ENSİZ KILIÇ
MEÇ,BİR TÜR KILIÇ
MEÇ,SAÇIN KÜÇÜK TUTAMLAR BİÇİMİNDE DEĞİŞİK RENKLERDE BOYANMIŞ DURUMU
MEŞE,BİR ORMAN AĞACI
MEŞK,MÜZİK DERSİ
MEŞREP,"KARAKTER, MİZAÇ"
MEŞUM,UĞURSUZ
MEŞİN,SEPİLENMİŞ KOYUN DERİSİ
MG,MAGNEZYUM (SİMGE)
MG,MAGNEZYUM'UN SİMGESİ
MI,BİR NOTA
MI,BİR SORU EKİ
MI,BİR SORU TAKISI
MI,ROMEN RAKAMLARINDA ‘1001’
MI,SORU EKİ
MIH,BÜYÜK ÇİVİ
MINTIKA,BÖLGE
MIRMIR,BİR TÜR YILANBALIĞI
MIRMIR,YÜÇGEÇSİZ BİR BALIK
MIRRA,BİR TÜR ACI KAHVE
MISIR,AFRİKA'DA BİR ÜLKE
MISRA,DİZE
MIZIKA,ARMONİKA
MK,MAKEDONYA PLAKASI
ML,MİLİLİTRE (KISALTMA)
MN,MANGANEZ
MN,MANGANEZ (SİMGE)
MN,MANGANEZ (SİMGESİ)
MN,MANGANEZ SİMGESİ
MN,MANGANEZİN SİMGESİ
MO,MOLİBDEN (SİMGE)
MO,MOLİBDEN (SİMGESİ)
MO,MOLİBDEN SİMGESİ
MO,MOLİBDENİN SİMGESİ
MOA,YENİ ZELANDA’DA YAŞADIĞI BİLİNEN SOYU TÜKENMİŞ BAZI UÇAMAYAN KUŞ TÜRLERİNİN ORTAK ADI
MOBESE,GÜVENLİK KAMERASI
MODA,BELİRLİ BİR SÜRE ETKİN OLAN TOPLUMSAL BEĞENİ
MODA,GEÇİCİ YENİLİK
MODEL,MANKEN
MODERATO,BİR MÜZİK TERİMİ
MODERATO,TEK BAŞINA KULLANILDIĞINDA ORTA HIZDA BİR TEMPOYU BELİRTEN BİR SÖZ
MODERN,ÇAĞDAŞ
MOHER,TİFTİK YÜN
MOKA,KOKULU BİR TÜR KAHVE
MOKA,KOKULU KAHVE
MOKA,ÇOK KOKULU BİR TÜR
MOKA,ÇOK KOKULU BİR TÜR KAHVE
MOLA,ARA VERME
MOLA,"‘EZGİ ...’ (AKTRİS, KOMEDYEN)"
MOLAS,KARBONATLI KUM TAŞI
MONAKO,AVRUPADA BİR ÜLKE
MONAKO,AVRUPA’DA BİR ÜLKE
MONARŞİ,TEK ERKLİK
MONOKL,TEK CAMLI GÖZLÜK
MONİZM,TEKÇİLİK
MOR,BİR RENK
MOR,"KIRMIZI, MAVİ KARIŞIMI RENK"
MOR,KIRMIZI-MAVİ KARIŞIMI RENK
MORAL,"YÜREK GÜCÜ, MANEVİYAT"
MOREN,BUZULTAŞ
MOREN,BUZULTAŞI
MORS,DENİZ AYGIRI
MOSKOVA,RUSYA BAŞKENTİ
MOSKOVA,RUSYANIN BAŞKENTİ
MOSKOVA,RUSYA’NIN BAŞKENTİ
MOTAMOT,"KELİMESİ KELİMESİNE, AYNEN"
MOTEL,KÜÇÜK OTEL
MS,KISACA MİLATTAN SONRA
MS,MİLATTAN SONRA
MTA,MADEN TETKİK ARAMA
MTA,MADEN TETKİK ARAMA (KISALTMA
MTA,MADEN TETKİK ARAMA (KISALTMA)
MU,BİR SORU TAKISI
MU,KIL
MU,KIL (ESKİ DİL)
MUAF,AYRICALIK TANINMIŞ
MUALLA,"YÜKSEK, YÜCE"
MUALLAK,NUCA BAĞLANMAMIŞ
MUALLAK,SONUCA BAĞLANMAMIŞ
MUALLİM,ÖĞRETMEN
MUAMELE,DAVRANIŞ
MUAMMA,ANLAŞILMAYAN ŞEY
MUAMMA,BİLMECE
MUARAZA,İHTİLAF
MUARE,"DALGALI PARILTILAR VERİLMİŞ OLAN BİR TÜR KUMAŞ, HARELİ KUMAŞ"
MUARE,DALGALI PARILTILI KUMAŞ
MUAVİN,YARDIMCI
MUDİ,BANKA MÜŞTERİSİ
MUDİ,BANKAYA PARA YATIRAN KİMSE
MUFLON,EĞRETİ PARDÖSÜ ASTARI
MUHASEBE,"HESAPLAŞMA, KARŞILIKLI HESAP GÖRME"
MUHASEBE,KARŞILIKLI HESAP GÖRME
MUK,KARINCA
MUKAAR,"KONKAV, İÇBÜKEY"
MUKABELE,"KARŞILIK VERME, KARŞILAMA, KARŞILIK."
MUKABELE,KARŞILIKLI YAPILAN OKUMA
MUKATAA,KESİM
MUKİM,BİR YERDE İKAMET EDEN
MUM,BİR AYDINLATMA ARACI
MUM,"IŞIK ŞİDDETİ BİRİMİ, KANDELA"
MUNZAM,"KATILMIŞ, ULANMIŞ, EKLENMİŞ"
MUNİS,"CANA YAKIN, UYSAL"
MURANA,BİR DENİZ BALIĞI
MURANA,"BİR DENİZ BALIĞI, ŞAKIT"
MURANA,YIRTICI BİR BALIK
MURAT,"İSTEK, DİLEK"
MURATBOZ,RESİMDEKİ OYUNCU
MURATBOZ,RESİMDEKİ ŞARKICI
MURATBOZ,"RESİMDEKİ ŞARKICI, OYUNCU"
MURATYILDIRIM,RESİMDEKİ OYUNCU
MURGUL,ARTVİN'İN BİR İLÇESİ
MURÇ,BETON DELME KALEMİ
MURÇ,"BETON DELME KALEMİ. BETONA DELİK AÇMAKTA KULLANILAN SİVRİ UÇLU, ÇELİKTEN YAPILMIŞ BİR ALET"
MURİS,MİRAS BIRAKAN
MUSTAFAKEMAL,(.. .. ATATÜRK) RESİMDEKİ BAŞKUMANDAN
MUSTAFAKEMAL,(.. .. ATATÜRK) RESİMDEKİ BÜYÜK ÖNDER
MUSTAFAKEMAL,(.. .. ATATÜRK) RESİMDEKİ ULU ÖNDER
MUSTAFAKEMAL,(.. .. ATATÜRK) RESİMDEKİ İLK CUMHURBAŞKANI
MUSTAFAKEMAL,(... ... ATATÜRK) KUTLADIĞIMIZ BAYRAMI ÇOCUKLARA ARMAĞAN EDEN ULU ÖNDER
MUSTAFAKEMAL,(... ... ATATÜRK) RESİMDEKİ KURUCU LİDERİMİZ
MUSTAFAKEMAL,(... ... ATATÜRK) RESİMDEKİ ULU ÖNDER
MUSTAFAKEMAL,RESİMDEKİ BAŞKOMUTAN
MUSTAFASANDAL,RESİMDEKİ ŞARKICI
MUT,ELLİ ŞİNİKLİK TAHIL ÖLÇEĞİ
MUT,MERSİN İLÇESİ
MUTA,VERİ
MUTA,"VERİ, DONE"
MUTABAKAT,UZLAŞMA
MUTAF,KEÇİ KILI DOKUMACISI
MUTEMET,KENDİSİNE İNANILIP GÜVENİLEN
MUTEMET,KENDİSİNE İNANILIP GÜVENİLEN KİMSE
MUTENA,SEÇKİN
MUTENA,"SEÇKİN, ÖNEMLİ"
MUTKİ,BİTLİS İLÇESİ
MUTKİ,BİTLİS'İN BİR İLÇESİ
MUTİ,YUMUŞAK BAŞLI
MUVAZİ,PARALEL
MUZ,BİR MEYVE
MUZİP,ŞAKACI
MUİN,YARDIMCI
MUİT,ESKİDEN ÖĞRETMEN YARDIMCISI
MUŞ,BİR İLİMİZ
MUŞAMBA,SU GEÇİRMEZ BEZ
MYANMAR,ASYADA BİR ÜLKE
MYANMAR,ASYA’DA BİR ÜLKE
MÖ,KISACA MİLATTAN ÖNCE
MÖ,MOLİBDEN SİMGESİ
MÖ,MİLATTAN ÖNCE (KISACA)
MÖ,MİLATTAN ÖNCE KISALTMASI
MÖNÜ,YEMEK LİSTESİ
MÜ,BİR SORU TAKISI
MÜ,MARMARA ÜNİVERSİTESİ
MÜ,MARMARA ÜNİVERSİTESİ (KISACA)
MÜBAYAA,SATIN ALMA
MÜCVER,KABAK KÖFTESİ
MÜDAFAA,"SAVUNMA, KORUMA"
MÜDİRE,KADIN YÖNETİCİ
MÜEZZA,PEYGAMBER EFENDİMİZİN KEDİSİNİN ADI
MÜFLİS,İFLAS ETMİŞ
MÜGE,İNCİ ÇİÇEĞİ
MÜGE,‘... BOZ’ (AKTRİS)
MÜGEBOZ,RESİMDEKİ OYUNCU
MÜLK,MAL
MÜMİN,"İNANAN, İNANÇLI"
MÜMİN,"İNANÇLI, İMANLI"
MÜNAZARA,BİR KONUDA KURALLARA BAĞLI TARTIŞMA
MÜREN,‘ZEKİ ...’ (UNUTULMAZ ŞARKICI)
MÜRTECİ,GERİCİ
MÜRUR,"ESKİ DİLDE GEÇİP GİTME, SONA ERME"
MÜRUR,SONA ERME
MÜSAİT,"ELVERİŞLİ, UYGUN"
MÜSTERİH,RAHAT EDEN
MÜZAKERE,BİR KONUYLA İLGİLİ FİKİR ALIŞVERİŞİNDE BULUNMA
MÜZAKERE,OYLAŞMA
MÜZİK,BİRTAKIM DUYGU VE DÜŞÜNCELERİ BELLİ KURALLAR ÇERÇEVESİNDE UYUMLU SESLERLE ANLATMA SANATI.
Mİ,BİR NOTA
Mİ,BİR SORU TAKISI
MİA,BAĞIRSAK
MİA,‘... MARTİNA’ (ŞARKICI)
MİAMİ,ABD’DE BİR KENT
MİAT,KULLANIM SÜRESİ
MİAT,KULLANMA SÜRESİ
MİBLA,OBUR
MİBZER,EKER
MİBZER,TOHUM EKME ALETİ
MİDE,BİR İÇ ORGANIMIZ
MİDYE,DENİZLERDE YAŞAYAN KABUKLU CANLI?
MİDYE,ETİ YENEN KABUKLU DENİZ HAYVANI
MİDİLLİ,KÜÇÜK BOYDA BİR TÜR AT
MİG,RUS SAVAŞ UÇAĞI
MİGREN,YARIM BAŞ AĞRISI
MİHENK,DENEK TAŞI
MİHR,NİKAH BEDELİ
MİHR,"ŞERİAT GEREĞİ, NİKAHTA ERKEĞİN KADINA VERDİĞİ MAL YADA PARA"
MİKA,EVREN PULU
MİKA,EVRENPULU
MİKADO,JAPON İMPARATORU
MİKADO,JAPON İMPARATORUNA VERİLEN AD
MİKAT,HACILARIN İHRAMA GİRDİKLERİ YER
MİKOLOJİ,MANTAR BİLİMİ
MİKOLOJİ,MANTAR BİRİMİ
MİKYAS,"ÖLÇÜ, ÖLÇEK"
MİL,BALÇIK
MİL,SELİN GETİRDİĞİ KUMLU TOPRAK
MİLANO,İTALYA’DA BİR KENT
MİLAS,MUĞLA'NIN BİR İLÇESİ
MİLEL,MİLLETLER
MİLLİ,ULUSAL
MİLİM,MİLİMETRE.
MİLİS,SAVAŞ SIRASINDA ORDUYA YARDIMCI OLARAK TOPLANAN SİLAHLI HALK GÜCÜ
MİLİS,SAVAŞTA SİLAHLI HALK GÜCÜ
MİLİTAN,BİR ÖRGÜTÜN ETKİN ÜYESİ
MİLİTAN,ÖRGÜT ÜYESİ
MİM,SÖZSÜZ TİYATRO
MİM,TEMELİ TAKLİDE DAYANAN SÖZSÜZ OYUN
MİMARİ,MİMARLIKLA İLGİLİ
MİMOZA,BİR SÜS BİTKİSİ
MİNA,"AŞIRI İSTEK, ARZU"
MİNA,"CAM, KRİSTAL"
MİNARE,MÜEZZİNİN EZAN OKUDUĞU YER
MİNARE,"NAMAZ VAKTİNİN GELDİĞİNİ BİLDİRMEK İÇİN CAMİDE MÜEZZİNİN EZAN OKUDUĞU, SALA VERDİĞİ, ŞEREFESİ OLAN, ÇOĞUNLUKLA TAŞTAN, YÜKSEK VE İNCE YAPI"
MİNE,SAAT KADRANI
MİNK,"BİR KÜRK HAYVANI, VİZON"
MİNK,VİZON
MİNODRAM,TEK KİŞİLİK OYUN
MİNSK,BELARUS'UN BAŞKENTİ
MİNSK,BELARUSUN BAŞKENTİ
MİNSK,BELARUS’UN BAŞKENTİ
MİNTAN,ERKEK GÖMLEĞİ
MİNTAN,"YAKASIZ, UZUN KOLLU ERKEK GÖMLEĞ"
MİNTAN,"YAKASIZ, UZUN KOLLU GÖMLEK"
MİNÖR,DAHA KÜÇÜK
MİNİ,KÜÇÜK
MİNİ,ÇOK KÜÇÜK VEYA KISA
MİNİK,KÜÇÜK VE SEVİMLİ
MİNİK,ÇOK UFAK
MİNİMAL,"ASGARİ, MİNİMUM"
MİNİMAL,MİNİMUM
MİR,"BAŞ, KUMANDAN"
MİR,"BAŞ, KUMANDAN, AMİR"
MİR,BAŞKOMUTAN
MİR,KOMUTAN
MİRA,ARAZİ ÖLÇÜM LATASI
MİRALAY,ESKİDEN ALBAY
MİRALAY,ESKİDEN ALBAYA VERİLEN AD
MİRAS,"BİRİNE KALAN MAL, MÜLK"
MİRAS,KALIT
MİRAS,ÖLEN KİŞİDEN KALAN
MİRAT,AYNA
MİRİ,DEVLET HAZİNESİ
MİRİM,"BEYİM, AZİZ DOSTUM, ARKADAŞIM"
MİRİM,"BEYİM, AZİZİM"
MİRİM,ÜNİTE
MİS,GÜZEL
MİS,GÜZEL KOKU
MİSAFİR,KONUK
MİSAL,ÖRNEK
MİSK,GÜZEL KOKULU BİR MADDE
MİSTİK,GİZEMSEL
MİSİNA,OLTA TİPİ
MİSİNA,OLTA İPİ
MİT,EFSANE
MİT,EFSANELEŞEN KAVRAM YA DA KİŞİ
MİT,TARİH ÖNCESİ EFSANE
MİTRAL,KALPTE KAPAK
MİTİL,KAPSIZ YORGAN
MİTİL,"İÇİNE YÜN, PAMUK VB. DOLDURULAN BEYAZ YASTIK YA DA YORGAN KILIFI"
MİTİNG,AÇIK HAVA TOPLANTISI
MİTİNG,GÖSTERİ AMACIYLA VEYA BİR OLAYA DİKKATİ ÇEKMEK İÇİN GENELLİKLE AÇIK YERLERDE YAPILAN TOPLANTI
MİYAR,"DEĞERLİ MADENLERDE YASANIN İSTEDİĞİ AĞIRLIK, SAFLIK VE DEĞER DERECESİ ÖLÇÜSÜ"
MİYAR,"ÖLÇÜT, ÖLÇÜ"
MİZAE,ABDEST ALACAK KAP
MİZAH,GÜLMECE
MİZAN,MÜKELLEFLERİN İMAN VE AMELLERİNİN KIYAMET GÜNÜNDE DEĞERLENDİRİLMESİNİ SAĞLAYAN ŞEY
MİZAN,TERAZİ
MİZANA,GEMİDE ARKA DİREK
MİZANA,YELKENLİ GEMİLERDE ARKA DİREK
MİÇO,"GEMİCİ ÇIRAĞI, KÜÇÜK YAŞTAKİ TAYFA YAMAĞI"
MİÇO,KÜÇÜK YAŞTA TAYFA YAMAĞI
MİÇO,TAYFA YAMAĞI
NA,BİR OLUMSUZLUK EKİ
NA,BİR OLUMSUZLUK ÖNEKİ
NA,SODYUM
NA,SODYUM (SİMGE)
NA,SODYUM (SİMGESİ)
NA,SODYUM ELEMENTİNİN SİMGESİ
NA,SODYUM SİMGESİ
NA,SODYUM'UN SİMGESİ
NAAM,ARAPÇA 'EVET' ANLAMINA GELEN KELİME
NAAT,BİR ŞEYİN NİTELİKLERİNİ ÖVME
NAAT,NİTELİK ÖVME
NAAT,NİTELİKLERİNİ ÖVME
NAAŞ,CENAZE
NAAŞ,CESET
NAAŞ,ÖLEN İNSANIN VÜCUDU
NAB,AZI DİŞİ
NABEKAR,"HAYLAZ, SERSERİ"
NABEKAR,"YARARSIZ, İŞE YARAMAZ"
NABIZ,ATARDAMARLARA PARMAKLA BASILDIĞINDA DUYULAN VURU
NABIZ,"EĞİLİM, DÜŞÜNCE, NİYET (MECAZ)"
NABİ,"HABER VEREN, HABERCİ"
NABİT,TOPRAKTAN ÇIKIP BÜYÜYEN
NACAK,KISA SAPLI ODUN BALTASI
NACAK,ODUN BALTASI
NACAK,"SAPI KISA, KÜÇÜK ODUN BALTASI"
NADAN,"BİLGİSİZ, CAHİL"
NADAN,"KABA, GÖRGÜSÜZ"
NADAS,TARLAYI DİNLENDİRMEK
NADAS,TARLAYI SÜRÜP HERHANGİ BİR ŞEY EKMEDEN DİNLENDİRMEK
NADAS,TARLAYI SÜRÜP HERHANGİ BİR ŞEY EKMEDEN DİNLENMEYE BIRAKMA
NADİ,"HAYKIRAN, ÇAĞIRAN"
NADİ,"MECLİS, TOPLANTI"
NADİDE,AZ GÖRÜLÜR
NADİDE,"AZ GÖRÜLÜR, ÇOK DEĞERLİ"
NADİDE,SEYREK GÖRÜLEN
NADİM,PİŞMAN
NADİM,"YAPTIĞI BİR DAVRANIŞTAN PİŞMANLIK DUYAN, PİŞMAN"
NAF,"DİZİ, SIRA"
NAFAKA,GEÇİMLİK
NAFİ,YARARLI
NAFİ,"YARARLI, KAZANÇLI"
NAFİA,BAYINDIRLIK İŞLERİ
NAFİA,BİR YERİ BAYINDIR DURUMA GETİRMEK İÇİN YAPILAN İŞLERİN TAMAMI
NAFİLE,"BOŞUNA, BOŞ YERE"
NAFİLE,FARZ VE VACİP NİTELİĞİNDE OLMAYAN İBADET ANLAMINDA FIKIH TERİMİ.
NAHAK,HAKSIZ
NAHOŞ,HOŞ OLMAYAN
NAHOŞ,"HOŞ OLMAYAN, HOŞA GİTMEYEN, KÖTÜ, ÇİRKİN"
NAHİF,"CILIZ, ÇELİMSİZ"
NAHİF,"İNCE DUYGULU, HASSAS"
NAHİYE,BUCAK
NAK,ESKİ DİLDE SICAK SUDA HAŞLAMA
NAKA,DEĞERLİ TESPİH TAŞI.(DENİZ FİLİNİN DİŞİNDEN YAPILAN)
NAKA,DİŞİ DEVE
NAKARAT,KAVUŞTAK
NAKARAT,ŞARKIDA TEKRAR
NAKARAT,ŞARKIDA TEKRAR BÖLÜMÜ
NAKARAT,ŞARKIDA TEKRARLANAN BÖLÜM
NAKAVT,BOKSTA YENİLGİ TÜRÜ
NAKAVT,DÖVÜŞ SPORLARINDA OYUNCUNUN ALDIĞI DARBEYLE YERE DÜŞÜP KALKAMAMASI
NAKDİYARDIM,PARA OLARAK YAPILAN YARDIM
NAKIS,"EKSİK, NOKSAN"
NAKIS,"EKSİK, TAM OLMAYAN, BİTMEMİŞ, NOKSAN"
NAKKAŞ,BEZEKÇİ
NAKKAŞ,BEZEKÇİ. YAPILARIN DUVAR VE TAVANLARINA SÜSLEMELER YAPAN USTA
NAKKAŞ,YAPILARIN DUVAR VE TAVANLARINA BİRTAKIM RESİM VEYA ŞEKİLLERLE SÜSLEMELER YAPAN USTA
NAKİB,BAŞKAN VEKİLİ
NAKİL,"GÖÇ, TAŞINMA"
NAKİL,TAŞIMA
NAKİP,KABİLE BAŞKANI
NAKİSA,"EKSİKLİK, KUSUR"
NAKİT,PEŞİN PARA
NAL,AT AYAĞINA ÇAKILAN DEMİR
NAL,ATIN AYAĞINA ÇAKILIR
NAL,ESKİ DİLDE KUŞ GAGASI
NALAN,İNLEYEN
NALAN,"İNLEYEN, FERYAT EDEN"
NALAN,"İNLEYİCİ, İNLEYEN"
NALBUR,AT NALI YAPAN DEMİRCİ
NALBUR,HIRDAVATÇI
NALBUR,YAPI İŞLERİNDE KULLANILAN ŞEYLERİ SATAN KİMSE
NALE,İNLEME
NALE,"İNLEME, İNİLTİ"
NALÇA,AYAKKABI ÖKÇE DEMİRİ
NALÇIN,KÜÇÜK NALBANT ÇEKİCİ
NAM,"AD, ÜN"
NAM,"AD, ÜN."
NAM,"ÜN, ŞÖHRET"
NAME,AŞK MEKTUBU
NAME,MEKTUP
NAMERT,"KORKAK, ALÇAK"
NAMERT,MERT OLMAYAN
NAMIK,"YAZICI, YAZAR"
NAMLU,SİLAHIN UÇ BÖLÜMÜ
NAMUS,DÜRÜSTLÜK
NAMUS,"DÜRÜSTLÜK, DOĞRULUK"
NAMİ,"NAMLI, ÜNLÜ"
NAMİ,"ÜNLÜ, NAMLI"
NAMİB,GÜNEY AFRİKA'DA BİR ÇÖL
NAMİB,GÜNEY AFRİKA’DA BİR ÇÖL
NAN,EKMEK
NAN,ESKİ DİLDE EKMEK
NANA,'EMİLE ZOLA' ROMANI
NANA,BİR ROMAN
NANA,ELİME ZOLA ROMANI
NANAY,(ARGODA) YOK
NANAY,’YOK’ ANLAMINDA ARGO
NANAY,’YOK’ ANLAMINDA ARGO SÖZCÜK
NANE,BİR TÜR BAHARAT
NANE,GÜZEL KOKULU BİR BİTKİ
NANE,"GÜZEL KOKULU, YAPRAKLARI BAHARAT OLARAK KULLANILAN, ÇOK YILLIK VE OTSU BİR KÜLTÜR BİTKİSİ"
NANE,KOKULU BİR BİTKİ
NANELİ,İÇİNDE NANE RUHU BULUNAN
NANELİ,İÇİNDE NANERUHU BULUNAN
NANEMOLLA,SIK SIK HASTALANAN
NANEMOLLA,"SIK SIK HASTALANAN, SAĞLIKSIZ KİMSE"
NANKÖR,İYİLİKBİLMEZ
NANO,MİLYARDA BİR ÖLÇÜ
NANSUK,"BİR CİNS İNCE, SIK DOKUNMUŞ PATİSKA"
NANSUK,"BİR CİNS İNCE, ŞIK DOKUNMUŞ PATİSKA"
NANSUK,İNCE DOKUNMUŞ PATİSKA
NANİK,BİR ALAY
NANİK,BİR ALAY İŞARETİ
NAPA,BİR TÃ¼R YUMUÅAK DERİ
NAPA,BİR TÜR YUMUŞAK DERİ
NAPA,"ÇANTA, ELDİVEN YAPIMINDA KULLANILAN YUMUŞAK DERİ"
NAPALM,YANGIN BOMBALARININ DOLDURULMASINDA KULLANILAN
NAPALM,YANGIN BOMBALARININ DOLDURULMASINDA KULLANILAN BİR MADDE
NAPALM,YANGIN BOMBALARININ DOLDURULMASINDA KULLANILAN MADDE
NAPALM,YANGIN BOMBASI
NAPOLİ,İTALYA’DA BİR KENT
NAR,ATEŞ
NAR,BİR MEYVE
NAR,"OD, ATEŞ"
NAR,TANELİ BİR MEYVE
NARA,HAYKIRMA
NARA,"HAYKIRMA, BAĞIRMA"
NARDENK,NAR PEKMEZİ
NARDENK,"NAR, ERİK, KIZILCIK GİBİ YEMİŞLERDEN YAPILAN PEKMEZ"
NARESİDE,"OLGUNLAŞ MAMIŞ, HAM"
NARESİDE,"OLGUNLAŞMAMIŞ, HAM"
NARH,RESMİ ÜRÜN FİYATI
NARKOTİK,UYUŞTURUCU
NARKOTİK,UYUŞTURUCUYLA MÜCADELE EDEN KURUM
NARMAN,ERZURUM İLÇESİ
NARİN,İNCE YAPILI
NARİN,"İNCE YAPILI, NAZENİN"
NARİTA,JAPONYADA BİR KENT
NARİTA,JAPONYA’DA BİR KENT
NAS,DOGMA
NAS,"DOGMA, İNAK"
NAS,"DOĞMA, İNAK"
NAS,KESİNLİKLE UYULMASI GEREKEN KURAN VE HADİS HÜKÜMLERİ
NAS,KURANDA 114. VE SON SURE
NAS,KURAN’DA 114. VE SON SURE
NASA,ABD UZAY DAİRESİ
NASA,AMERİKAN UZAY ARAŞTIRMA MERKEZİ
NASFET,HAKKANİYET
NASRANİ,"HIRİSTİYAN, İSEVİ"
NASYONALİST,ULUSÇULUK YANLISI
NASİHAT,ÖĞÜT
NASİP,GÜNLÜK KAZANÇ
NASİP,KISMET
NAT,"MEŞİNDEN YAPILAN DÖŞEK, SOFRA ÖRTÜSÜ"
NAT,SOFRA ÖRTÜSÜ
NATAMAM,EKSİK
NATAMAM,"EKSİK, BİTMEMİŞ"
NATIKA,GÜZEL KONUŞMA YETENEĞİ
NATIR,KADIN KESELEYİCİ
NATIR,KADINLAR HAMAMINDA HİZMET EDEN VE MÜŞTERİLERİ YIKAYAN KADIN
NATO,KUZEY ATLANTİK ANTLAŞMASI ÖRGÜTÜ (KISALTMASI)
NATO,SAVUNMA PAKTI
NATRON,HİDRATLI DOĞAL SODYUM
NATRON,HİDRATLI DOĞAL SODYUM KARBONAT
NATUK,"DÜZGÜN, GÜZEL VE KOLAYLIKLA SÖZ SÖYLEYEN"
NATURA,İNSANIN YARADILIŞ ÖZELLİĞİ
NATURA,İNSANIN YARATILIŞ ÖZELLİĞİ
NATÜREL,DOĞAL
NAURU,PASİFİKTE ADA DEVLET
NAURU,PASİFİK’TE ADA DEVLET
NAY,ESKİ DİLDE KAMIŞ
NAY,KAMIŞ (ESKİ DİL)
NAYLON,DAYANIKLI VE ESNEK DÖKÜM MADDESİ
NAZ,CİLVE
NAZ,"CİLVE, EDA"
NAZ,"CİLVE, İŞVE, EDA"
NAZ,"İŞVE, CİLVE"
NAZAL,"GENİZSİ, GENZEL"
NAZAL,GENİZSİL
NAZANKESAL,RESİMDEKİ
NAZANKESAL,RESİMDEKİ OYUNCU
NAZAR,BAKIŞ
NAZAR,GÖZ DEĞMESİ
NAZARİ,GÖRECELİ
NAZARİ,TEORİK
NAZARİYE,KURAM
NAZARİYE,"KURAM, TEORİ"
NAZENİN,"ŞIMARIK, NAZLI"
NAZENİN,"ŞIMARIK, NAZLI YETİŞTİRİLEN"
NAZENİN,"ŞIMARIK, NAZLI YETİŞTİRİLMİŞ"
NAZIM,ŞİİR
NAZIM,ŞİİR YAZMA SANATI; DÜZENLEYİCİ KİŞİ
NAZİ,HİTLERCİ
NAZİ,NAZİZM YANLISI OLAN KİMSE
NAZİR,"BENZER, EŞ, ÖRNEK"
NAÇAR,DÜŞKÜN
NAÇAR,ÇARESİZ
NAÇİZ,"DEĞERSİZ, ÖNEMSİZ"
NAĞME,"EZGİ, MELODİ"
NAĞME,"GÜZEL UYUMLU SES, EZGİ, MELODİ"
NAİ,BİRİNİN ÖLÜMÜNÜ HABER VEREN
NAİ,SUSAMIŞ
NAİF,"SAF, DENEYİMSİZ"
NAİL,ERİŞMİŞ
NAİL,"ULAŞMIŞ, BAŞARMIŞ"
NAİL,"ULAŞMIŞ, BAŞARMIŞ, KAZANMIŞ"
NAİL,‘... KIRMIZIGÜL’ (AKTÖR)
NAİM,BOLLUKLA YAŞAYIŞ
NAİM,YUMUŞAK
NAİP,KRAL VEKİLİ
NAİP,TAHTTA HÜKÜMDAR OLMADIĞI ZAMAN DEVLETİ YÖNETEN KİMSE
NAİROBİ,KENYA BAŞKENTİ
NAİROBİ,KENYANIN BAŞKENTİ
NAİROBİ,KENYA’NIN BAŞKENTİ
NAŞİ,"ÖTÜRÜ, DOLAYI"
NB,NYOBYUM SİMGESİ
NB,NYOBYUM’UN SİMGESİ
NB,NİYOBYUM (SİMGE)
NBA,ABD BASKETBOL LİGİ
NBA,ABD PROFESYONEL BASKETBOL LİGİ
NBA,ABD’DEKİ BASKETBOL LİGİ
NBA,ABD’DEKİ PROFESYONEL BASKETBOL LİGİ
NBA,PROFESYONEL BASKETBOL LİGİ
ND,KADMİYUM SİMGESİ
ND,NEODİM (SİMGE)
ND,NEODİM SİMGESİ
ND,NOODİM'İN SİMGESİ
NE,BİR SORU SÖZÜ
NE,HANGİ ŞEY
NE,NEON (SİMGESİ)
NE,NEON SİMGESİ
NE,NEON’UN SİMGESİ
NEBAHAT,‘... ÇEHRE’ (AKTRİS)
NEBAHATÇEHRE,RESİMDEKİ AKTRİST
NEBAHATÇEHRE,RESİMDEKİ OYUNCU
NEBAT,BİTKİ
NEBATİ,BİTKİSEL
NEBULA,UZAYDA BİR TOZ VE GAZ BULUTU
NEBULA,YILDIZLAR ARASI GAZ VE TOZ BULUTU
NEBİ,KENDİSİNE KİTAP İNDİRİLMEYEN PEYGAMBER
NEBİ,KİTAP GELMEMİŞ PEYGAMBER
NEBİ,KİTAP GETİRMEMİŞ PEYGAMBER
NECATİ,‘... ŞAŞMAZ’ (AKTÖR)
NECATİDERYA,"ÜNLÜ BİR RESSAM, ÇİZGİ ROMANCI"
NECİS,"PİS, KİRLİ"
NECİS,İSLAM'DA PİS SAYILAN NESNE
NEDAMET,PİŞMANLIK
NEDEN,SEBEP
NEDİM,"YAKIN DOST, ARKADAŞ"
NEDİME,HANIM ARKADAŞ
NEDİME,KADIN ARKADAŞ
NEF,KİLİSELERDE ANA KAPIDAN KOROYA DEĞİN UZANAN BÖLÜM
NEFER,"ER, ASKER"
NEFER,"ER, ASKERDE EN ALT RÜTBEDEKİ ASKER"
NEFT,BİR ÇEŞİT MİNERAL YAĞ
NEFTİ,KOYU YEŞİL RENK
NEFTİ,SİYAHA YAKIN KOYU YEŞİL
NEFİS,"PEK HOŞ, ÇOK GÜZEL"
NEFİS,İNSANIN YEME İÇME VB. GEREKSİNİMLERİNİN BÜTÜNÜ
NEHİR,IRMAK
NEHİRERDOĞAN,RESİMDEKİ OYUNCU
NEJAT,‘... İŞLER’ (AKTÖR
NEJAT,‘... İŞLER’ (AKTÖR)
NEJATİŞLER,RESİMDEKİ OYUNCU
NEK,ON İKİ HAYVANLI ESKİ TÜRK TAKVİMİNDE TİMSAH YILINA VERİLEN AD
NEKES,CİMRİ
NEKES,"CİMRİ, PİNTİ"
NEKES,"CİMRİ, PİNTİ, HASİS"
NEKES,"ELİ SIKI, CİMRİ"
NEKRE,"BEKLENMEDİK HOŞ VE ŞAŞIRTICI SÖZLER SÖYLEYEN, GÜLDÜRÜCÜ HİKAYE ANLATAN (KİMSE), NÜKTECİ"
NEKRE,NÜKTE
NEKRE,NÜKTECİ
NEKROZ,DOKU ÖLÜMÜ
NEKTAR,BALÖZÜ
NEKTAR,MEYVENİN ÖZÜ
NEKİR,İKİ SORGU MELEĞİNDEN BİRİ
NEKİR,İSLAM İNANCINA GÖRE ÖLÜLERİ MEZARINDA SORGUYA ÇEKEN İKİ MELEKTEN BİRİ. (DİĞERİ MÜNKİR)
NEM,RUTUBET
NEMA,"BÜYÜME, GELİŞME, ÇOĞALMA"
NEMA,FAİZ
NEMA,"FAİZ, ÜREM"
NEMLİ,"HAFİF ISLAK, NEM İÇEREN"
NEMÇE,TARİHTE AVUSTURYA VE HALKINA VERİLEN AD
NEMİKA,ESKİ DİLDE MEKTUP
NEN,"NESNE, ŞEY"
NENE,BÜYÜKANNE
NENE,"BÜYÜKANNE, NİNE"
NEO,‘YENİ’ ANLAMINDA KULLANILAN ÖNEK
NEODİM,SERT BİR ELEMENT
NEON,ASAL GAZLARDAN BİR ELEMENT
NEON,BİR ELEMENT
NEON,NE ELEMENTİ
NEPAL,GÜNEY ASYA’DA BİR ÜLKE
NERE,HANGİ YER
NERGİS,BİR SÜS BİTKİSİ
NERON,SİNİR HÜCRESİ
NERİTİK,SIĞ DENİZ
NESEP,BABA SOYU
NESEP,"SOY, BABA SOYU"
NESNE,OBJE
NESRİN,‘... CAVADZADE’ (AKTRİS)
NESİC,DOKU
NESİL,KUŞAK
NESİL,"KUŞAK, AYNI DÖNEMDE YAŞAYAN TOPLULUK"
NESİM,HAFİF RÜZGAR
NET,"AÇIK, BELİRGİN"
NET,SAFİ
NET,İYİ DUYULAN (SES)
NETAMELİ,BAŞINA SIK SIK KAZA GELEN
NETAMELİ,TEKİN OLMAYAN
NETİCE,"SON, SONUÇ"
NETİCE,SONUÇ
NEV,"YENİ, TAZE"
NEV,ÜNLÜ BİR ŞARKICI
NEVA,SERVET
NEVA,"SES, AHENK, NAĞME"
NEVA,TÜRK MÜZİĞİNDE BİR MAKAM
NEVAL,"TALİH, ŞANS, UĞUR"
NEVALE,AZIK
NEVAZİL,"NEZLE, İNGİN, DUMAĞI"
NEVİR,YÜZÜN RENGİ
NEVİR,"YÜZÜN RENGİ, BEN BENİZ"
NEY,KAMIŞTAN ÇALGI
NEY,ÜFLEMELİ BİR ÇALGI
NEYÇE,KÜÇÜK NEY
NEZ,ÜNLÜ BİR ŞARKICI
NEZİH,TEMİZ AHLAKLI
NEZİR,ADAK
NEŞE,"MUTLU OLMAKTAN DOĞAN VE DIŞA VURULAN SEVİNÇ, ŞETARET"
NEŞE,ŞETARET
NEŞELİ,"SEVİNÇLİ, ŞEN"
NEŞET,"ÇIKMA, İLERİ GELME"
NISFİYE,BİR TÜR KISA NEY
NISFİYE,BİR ÇEŞİT KISA NEY
NL,HOLLANDA PLAKASI
NL,HOLLANDA'NIN PLAKASI
NLP,NÖRO LİNGUİSTİK PROGRAMLAMA
NLP,‘NÖRO LİNGUİSTİK PROGRAMLA MA’
NLP,‘NÖRO LİNGUİSTİK PROGRAMLAMA’
NM,NANOMETRE (KISALTMA)
NO,JAPON LİRİK DRAMI
NO,KISACA NUMARA
NO,NUMARA (KISACA)
NOBRAN,"DAVRANIŞI KABA, SERT OLAN"
NOBRAN,"KABA, SERT"
NODA,TOPRAKLA ÖRTÜLÜ SAMAN YIĞINI
NODA,ÜSTÜ TOPRAKLA ÖRTÜLÜ SAMAN YIĞINI
NODUL,HAYVANI HIZLANDIRMA SOPASI
NODUL,ÖVENDİRENİN UCUNA ÇAKILMIŞ SİVRİ DEMİR ÇİVİ
NOEL,HIRİSTİYANLARIN BİR YORTUSU
NOEL,HRİSTİYAN YORTUSU
NOELAĞACI,GEMİLERDE ÇEŞİTLİ ANLAMLAR TAŞIYAN IŞIKLI İŞARETLERİN TOPLUCA SIRALANDIĞI DİREK
NOGAY,TÜRK KÖKENLİ BİR HALK
NOHUDİ,DONUK SARI RENK
NOHUDİ,KİRLİ YADA DONUK SARI RENK
NOKTA,BENEK
NOKTA,"BENEK, PUAN"
NOKTA,CÜMLE SONUNA KONAN İŞARET; ÇOK KÜÇÜK YUVARLAK İZ
NOM,ESKİ MISIR’DA ŞEHİR DEVLET
NOM,ESKİ MISIR’DA ŞEHİR DEVLETLERİNE VERİLEN AD
NOM,ESKİ MISIR’DA ŞEHİR DEVLETİ
NOR,ORGANİK KİMYADA BİR ÖNEK
NORM,KANUNA UYGUN DURUM
NORM,"KURAL OLARAK BENİMSENMİŞ, YERLEŞMİŞ İLKE"
NORM,ÖNCEDEN BELİRLENMİŞ KALIP
NORM,"ÖNCEDEN BELİRLENMİŞ KALIP, DÜZGÜ"
NORMAL,KURALA UYGUN OLAN
NORMAL,"KURALA UYGUN,"
NORMAL,"KURALA UYGUN, ALIŞILAGELEN"
NOSYON,"BİR ŞEY ÜZERİNDEKİ GEREKLİ BİLGİ, KAVRAM"
NOSYON,KAVRAM
NOT,BİR ŞEYİ HATIRLAMAK İÇİN YAZILAN KISA YAZI
NOT,KISA ANIMSAMA
NOT,KISA ANIMSAMA YAZISI
NOT,KISA HATIRLATMA YAZISI
NOTA,BİR MÜZİK SESİNİ BELİRTEN İŞARET
NOTA,MUHTIRA
NOTA,MÜZİK ALFABESİ
NOTA,MÜZİK YAZISI
NOTAM,HAVACI BÜLTENİ
NOTAM,HAVACILIK BÜLTENİ
NOTER,KATİBİADİL
NOTER,KÂTİBİADİL
NOVA,PARLAKLIĞI BİRDEN ARTAN YILDIZ
NOVA,"PARLAKLIĞI BİRDENBİRE ARTAN, PATLAMALI DEĞİŞEN YILDIZ"
NOVA,PARLAKLIĞI GEÇİCİ OLARAK ARTARAK PATLAYAN YILDIZ
NP,NEPTÜNYUM (SİMGE)
NP,NEPTÜNYUM SİMGESİ
NP,NEPTÜNYUM'UN SİMGESİ
NR,İNGİLİZCEDE ‘NUMARA’NIN KISA YAZILIŞI
NS,HOLLANDA DEMİR YOLLARI
NS,HOLLANDA DEMİR YOLLARI (KISA)
NS,HOLLANDA DEMİR YOLLARI (KISACA)
NS,HOLLANDA DEMİRYOLLARI
NS,HOLLANDA DEMİRYOLLARI (KISACA)
NT,NUKAL TRANSLUSENSİ (KISALTMA)
NT,TUNUS'UN PLAKASI
NTSC,BİR TV YAYIN SİSTEMİ
NUAR,BUDUN ÖN KISMINDAN ELDE EDİLEN VE KIZARTMAYA ELVERİŞLİ OLAN DANA ETİ
NUAR,KIZARTMALIK DANA ETİ
NUBUK,HAFİF KADİFEMSİ BİR GÖRÜNÜŞ KAZANDIRILMIŞ SIĞIR DERİSİ
NUBUK,PARLATILMIŞ SIĞIR DERİSİ
NUGA,BADEMLİ ŞEKERLEME
NUGA,FINDIK VE ANTEP FISTIĞI VEYA MEYVE KONSERVESİ KATILMIŞ SERTÇE VEYA DAHA YUMUŞAK PİŞMİŞ ŞEKER HAMURU
NUH,DÖRDÜNCÜ PEYGAMBER
NUMARA,BENZER ŞEYLERİ AYIRT ETMEK İÇİN HER BİRİNİN ÜZERİNE İŞARET OLARAK YAZILAN SAYI
NUMARA,RAKAM
NUMARA,ÖĞRENCİYE VERİLEN NOT
NUMARA,İŞARET OLARAK YAZILAN SAYI
NUMUNE,ÖRNEK
NUMUNE,"ÖRNEK, MODEL"
NUR,"AYDINLIK, IŞIK"
NUR,"IŞIK, AYDINLIK"
NUR,‘... SÜRER’ (AKTRİS)
NURANİ,"IŞIKLI, NURLU"
NURANİ,"IŞIKLI, SAYGI UYANDIRAN"
NURAY,‘... YEŞİLARAZ’ (AKTRİS)
NURHAK,KAHRAMANMAR AŞ İLÇESİ
NURHAK,KAHRAMANMARAŞ'IN BİR İLÇESİ
NURİ,'... BİLGE CEYLAN' (YÖNETMEN)
NURİ,... BİLGE CEYLAN (YÖNETMEN)
NURİYE,DİYARBAKIR YÖRESİNE ÖZGÜ SÜTLE YAPILAN BİR HAMUR TATLISI
NURİYE,SÜTLÜ HAMUR TATLISI
NUSH,ESKİ DİLDE ÖĞÜT
NUTUK,SÖYLEV
NUTUK,"SÖYLEV, HİTABE"
NUTUK,"SÖYLEV, HİTABE."
NY,NEW YORK (KISALTMA)
NYON,İSVİÇREDE BİR KENT
NYON,İSVİÇRE’DE BİR KENT
NZ,YENİ ZELANDA PLAKASI
NZ,YENİ ZELANDA'NIN PLAKASI
NÖBET,"SIRA İLE YAPILAN GÖREV, İŞ"
NÖBET,SIRA İLE YAPILAN İŞ
NÖBET,"SIRA, KEŞİK"
NÖRON,ASIL HÜCRE İLE PROTOPLAZMA UZANTILARINDAN VE BİR SİLİNDİR EKSENDEN OLUŞMUŞ SİNİR HÜCRESİ
NÖRON,BEYİN HÜCRESİ
NÖRON,SİNİR HÜCRESİ
NÖTR,ETKİSİZ
NÖTR,YANSIZ (FİZİK)
NÖTRON,ARTI YÜKLÜ ATOM PARÇACIĞI
NÜ,ÇIPLAK
NÜ,ÇIPLAK RESİM
NÜANS,AYNI CİNSTEN ŞEYLER ARASINDAKİ İNCE FARK
NÜANS,İNCE AYRINTI
NÜANS,İNCE FARK
NÜMUNE,"ÖRNEK, MODEL"
NÜVE,BİR ŞEYİN ÖZÜ
NÜVE,BİR ŞEYİN İÇİNDEKİ ÖZ
Nİ,NİKEL (SİMGE)
Nİ,NİKEL (SİMGESİ)
Nİ,NİKEL SİMGESİ
Nİ,NİKEL'İN SİMGESİ
NİAMEY,NİJER BAŞKENTİ
NİAMEY,NİJERİN BAŞKENTİ
NİAMEY,NİJER’İN BAŞKENTİ
NİARİ,KONGODA BİR IRMAK
NİARİ,KONGO’DA BİR IRMAK
NİBAL,ESKİ DİLDE OKLAR ANLAMINDA SÖZCÜK
NİC,NİKARAGUA PLAKASI
NİC,NİKARAGUA’ NIN PLAKASI
NİC,NİKARAGUA’NIN PLAKASI
NİCE,FRANSA’DA BİR KENT
NİCE,"KAÇ, NE KADAR"
NİCE,"KAÇ, NE KADAR ANLAMINDA BİR BELİRTEÇ"
NİCE,UZUN SÜREDEN BERİ
NİCELİK,"KEMİYET, MİKTAR"
NİCELİK,MİKTAR
NİDA,SESLENME
NİDA,ÜNLEM
NİFAK,"AYRILIK, ANLAŞMAZLIK"
NİGARİ,ESKİDEN PORTRE YAPAN RESSAMLARA VERİLEN AD
NİHALE,SAHAN ALTLIĞI
NİHALE,"TENCERE, ÇAYDANLIK ALTLIĞI"
NİHAN,GİZLİ
NİHAN,"GİZLİ, SAKLI"
NİHAYET,SON
NİHAYET,"SON, SONUNDA"
NİK,"""ARSE..."" KELİMEYİ TAMAMLAYINIZ"
NİK,GÜZEL
NİK,"HOŞ, İYİ"
NİK,"HOŞ,İYİ"
NİK,"İYİ, HOŞ"
NİKAH,BİR KADIN VE ERKEĞİN BİRBİRLERİNE EŞ OLMAK ÜZERE YAPTIKLARI MUKAVELE
NİKAH,EVLİLİK AKDİ
NİKAP,"YÜZ ÖRTÜSÜ, PEÇE"
NİKAP,YÜZ ÖRTÜSÜ. PEÇE
NİKARAGUA,ORTA AMERİKA’DA BİR ÜLKE
NİKARAGUA,ORTA AMERİKA’DA ÜLKE
NİKAT,"NÜKTELER, İNCE MANALAR"
NİKEL,"GÜMÜŞ PARLAKLIĞINDA, DEMİR SERTLİĞİNDE, KOLAY İŞLENİR VE KOLAYCA TEL DURUMUNA GETİRİLİR BİR ELEMENT"
NİKEL,Nİ SİMGELİ ELEMENT
NİKEL,‘Nİ’ SİMGELİ ELEMENT
NİKELAJ,NİKEL KAPLAMA
NİKOTİN,TÜTÜN YAPRAKLARINDAN ÇIKAN
NİKOTİN,TÜTÜN YAPRAKLARINDAN ÇIKARILAN VE SİGARADA BULUNAN ZEHİRLİ MADDE
NİKOTİN,TÜTÜN YAPRAKLARINDAN ÇIKARILAN ÇOK ZEHİRLİ BİR ALKALOİT
NİKOTİN,"TÜTÜN YAPRAKLARINDAN ÇIKARILAN, ÇOK ZEHİRLİ BİR ALKALOİT"
NİKRİS,"GUT, DAMLA HASTALIĞI"
NİKSAR,TOKAT İLÇESİ
NİKSAR,TOKAT'IN BİR İLÇESİ
NİL,AFRİKA’DA BİR IRMAK
NİL,DÜNYANIN EN UZUN NEHRİ
NİL,MISIR'DA NEHİR
NİL,MISIR'DAKİ NEHİR
NİLAYDENİZ,RESİMDEKİ OYUNCU
NİLÜFER,BURSA İLÇESİ
NİLÜFER,BURSA'NIN BİR İLÇESİ
NİLİ,"ÇİVİT RENGİ, MAVİ"
NİLİ,"ÇİVİT RENGİ, ÇİVİDİ"
NİM,YARI
NİM,YARI (ESKİ DİL)
NİM,"YARI, YARIM"
NİMET,"EKMEK, NAN"
NİMET,YARARLANILA N İMKAN
NİMET,YARARLANILAN İMKAN
NİMET,"YİYECEK, İÇECEK"
NİMET,"YİYECEK, İÇECEK, ÖZELLİKLE EKMEK"
NİNE,BÜYÜKANNE
NİNE,TORUNU OLAN KADIN
NİNOVA,ESKİ ASUR BAŞKENTİ
NİNOVA,ESKİ ASUR KENTİ
NİOBE,"MANİSA’DAKİ AĞLAYAN KAYA’NIN O OLDUĞUNA İNANILAN, DOĞURGANLIĞIYLA ÜNLÜ FRİGYA KRALİÇESİ"
NİRAN,""".... ÜNSAL"" (ŞARKICI)"
NİRAN,ATEŞLER
NİRENGİ,ARAZİ ÖLÇÜMLEME
NİRENGİ,HARİTASINI ÇIKARMAK İÇİN BİR ARAZİYİ ÜÇGENLERE BÖLME İŞİ
NİSA,KADIN
NİSAN,BİR AY ADI
NİSAN,YILIN DÖRDÜNCÜ AYI
NİSAP,YETER SAYI
NİSAP,"İSTENİLEN ORAN, YETERLİ SAYI"
NİSAİYE,JİNEKOLOJİ
NİSPİ,GÖRECELİ
NİSPİ,ÖNCEKİ DURUMA GÖRE
NİSYAN,ESKİ DİLDE UNUTMA
NİSYAN,UNUTMA
NİTEL,NİTELİKLE İLGİLİ
NİTEL,NİTELİKLE İLGİLİ BULUNAN
NİTELİK,KALİTE
NİYAZ,"YALVARMA, DUA"
NİYAZ,"YALVARMA, YAKARMA"
NİYE,BİR SORU SÖZÜ
NİYET,MAKSAT
NİZAM,DÜZEN
NİZAM,"DÜZEN, KURAL"
NİZAMİ,DÜZENLİ
NİZAMİ,KANUNLARLA İLGİLİ OLAN
NİZAMİYE,ASKERLİK DAİRESİ
NİZAMİYE,KARA ORDUSU
NİZİP,GAZİANTEP İLÇESİ
NİŞ,DUVAR İÇİNDE BIRAKILAN OYUK
NİŞ,DUVAR İÇİNDE OYUK
NİŞ,DUVAR İÇİNDE OYUK BÖLÜM
NİŞ,DİKEN
NİŞANE,ESKİ DİLDE BELİRTİ
NİŞANE,HEDEF
NİŞANE,NİŞANGÂH
OB,HİNT OKYANUSUNDA DENİZALTI DAĞI
OBA,BÖLMELİ GÖÇEBE ÇADIRI
OBA,EN KÜÇÜK İZCİ KURULUŞU
OBA,GÖÇEBE ÇADIRI
OBELİSK,DİKİLİTAŞ
OBEZ,ÇOK ŞİŞMAN
OBEZİTE,AŞIRI ŞİŞMANLIK
OBEŞE,TROPİKAL BÖLGELERDE YETİŞEN BİR AĞAÇ
OBJE,NESNE
OBRUK,DOĞAL ÇUKUR
OBRUK,HUNİ BİÇİMİNDE ÇUKUR YER. İÇ BÜKEY
OBRUK,İÇBÜKEY
OBRUK,"İÇİNDE SU BİRİKEN ÇUKUR YER, DOĞAL KUYU"
OBUA,"ORKESTRADA YER ALAN ÇİFT KAMIŞLI, TAHTADAN YAPILMIŞ ÜFLEMELİ ÇALGI"
OBUA,TAHTA ÜFLEMELİ ÇALGI
OBUA,TAHTADAN NEFESLİ BİR ÇALGI
OBUR,DOYMAK BİLMEYEN
OBUR,GEREĞİNDEN ÇOK YEMEK
OBUR,GEREĞİNDEN ÇOK YEMEK YİYEN
OBUZ,"BASIK, DÜZ YER"
OBUZ,İKİ DERENİN BİRLEŞTİĞİ DAR KISIM
OBÜS,KISA NAMLULU TOP
OBÜS,YÜKSEK VE ALÇAKTAN MERMİ ATABİLEN TOP VE HAVANLARIN BAZI ÖZELLİLERİNE SAHİP KISA NAMLULU TOP
OBİ,ASYADA BİR IRMAK
OBİ,ASYA’DA BİR IRMAK
OBİ,KİMONONUN ÜZERİNE BAĞLANAN JAPON KEMERİ
OBİ,RUSYA'DA BİR NEHİR
OCAK,BİR AY ADI
OCAK,YILIN İLK AYI
OCAK,ŞÖMİNE
OCUMAK,"BİR ŞEYDEN KORKMAK, ÜRKMEK, ÇEKİNMEK"
OD,ATEŞ
OD,AŞK ATEŞİ
ODA,EV BÖLÜMÜ
ODA,EVİN BÖLÜMLERİ
ODA,EVİN BİR BÖLÜMÜ
ODAK,MİHRAK
ODAK,MİHRAK (FİZİK)
ODALIK,ESKİDEN NİKAHSIZ CARİYE
ODALIK,ESKİDEN NİKAHSIZ OLARAK ALINAN CARİYELERE VERİLEN AD
ODEON,ESKİ YUNAN'DA MÜZİKLİ ESERLERİN TEMSİLİ İÇİN KURULMUŞ TİYATRO
ODEON,ESKİ YUNAN'DA MÜZİKLİ ESERLERİN TEMSİLİ İÇİN TİYATRO
ODESSA,UKRAYNA'DA ŞEHİR
ODUN,PARÇALANMIŞ AĞAÇ
ODUN,"YAKILMAK İÇİN KESİLMİŞ, PARÇALANMIŞ AĞAÇ"
ODİTORYUM,"KONFERANS, KONSER VEYA TİYATRO GÖSTERİLERİNİN YAPILABİLECEĞİ GİBİ DÜZENLENMİŞ BÜYÜK SALON"
OF,SIKINTI ANLATIR
OF,TRABZON İLÇESİ
OFANS,SPORDA ATAK
OFANS,"SPORDA, ATAK"
OFLAZ,"İYİ, GÜZEL, MÜKEMMEL"
OFSAYT,FUTBOL TERİMİ
OFSAYT,FUTBOLDA BİR TERİM
OFSET,BİR BASKI YÖNTEMİ
OFSET,DÜZ BASKI
OFSET,ÇİFT KOPYALI BASKI SİSTEMİ
OFTALMOSKOP,GÖZÜN İÇİNİ MUAYENE ETMEK İÇİN KULLANILAN GEREÇ
OFİS,BÜRO
OFİS,"İŞ YERİ, DAİRE, BÜRO"
OH,SEVİNÇ BİLDİRİR (ÜNLEM)
OH,"SEVİNÇ, BEĞENME BELİRTEN ÜNLEM"
OHM,ELEKTRİK DİRENÇ BİRİMİ
OJE,TIRNAK CİLASI
OJE,TÜRLÜ RENKLERDE TIRNAK CİLASI
OK,YAYLA ATILAN ÇUBUK
OK,YAYLA ATILIR
OK,İLKEL BİR SİLAH
OKA,RUSYA'DA BİR NEHİR
OKA,VOLGA'NIN BİR KOLU
OKAN,TROPİKAL AFRİKA’DA YETİŞEN BİR AĞAÇ
OKAN,‘... YALABIK’ (AKTÖR)
OKAPİ,KONGO ANTİLOBU
OKAPİ,KONGO’DA YAŞAYAN BİR MEMELİ
OKAPİ,KONGO’NUN YAĞMUR ORMANLARINDA YAŞAYAN MEMELİ BİR HAYVAN. BİR CİNS ANTİLOP
OKAR,TELLİ BALIKÇIL
OKAR,TELLİBALIKÇIL
OKARİNA,FLÜT TÜRÜ
OKARİNA,KÜRE BİÇİMLİ FLÜT
OKARİNA,İTALYAN HALK ÇALGISI
OKAZYON,"FIRSAT, KELEPİR"
OKKA,AĞIRLIK ÖLÇÜSÜ BİRİMİ
OKKA,"ESKİDEN KULLANILAN 1,282 KİLOGRAM YA DA 400 DİRHEMLİK AĞIRLIK ÖLÇÜSÜ BİRİMİ."
OKKA,ESKİDEN KULLANILAN BİR AĞIRLIK ÖLÇÜSÜ BİRİMİ
OKKALI,"KİLOCA FAZLA OLAN, AĞIR ÇEKEN"
OKLAVA,HAMUR AÇMA DEĞNEĞİ
OKLOFOBİ,KALABALIK KORKUSU
OKR,AŞI BOYASI
OKR,OBJECTİVES AND KEY RESULTS (KISALTMA)
OKSİJEN,HAVADA BEŞTE BİR ORANINDA BULUNAN BİR GAZ
OKTAN,DOYMUŞ HİDROKARBON
OKTANT,DAİRENİN SEKİZDE BİRİ
OKTANT,YILDIZLARIN YÜKSEKLİĞİNİ VE AÇI UZAKLIĞINI GÖZLEMEYE YARAYAN ALET
OKTAV,MÜZİKTE SES DİZİSİ
OKTAV,SEKİZ SESTEN OLUŞAN SES DİZİSİ
OKTAY,.....KAYNARCA' (AKTÖR)
OKTAY,‘... KAYNARCA’ (AKTÖR)
OKTAYKAYNARCA,RESİMDEKİ OYUNCU
OKUL,HER TÜRLÜ EĞİTİM VE ÖĞRETİMİN TOPLU OLARAK YAPILDIĞI YER
OKUL,MEKTEP
OKUMA,KIRAAT
OKUMA,"OKUMAK İŞİ, KIRAAT"
OKUMAK,ÖĞRENİM GÖRMEK
OKYANUS,ANA DENİZ
OKÜLER,OPTİK ALETLERDE MERCEK SİSTEMİ
OKÜLER,OPTİK ALETLERDE OBJEKTİFTEN ALDIĞI IŞINLARI GÖZE VEREN MERCEK SİSTEMİ
OL,"ESKİDEN, O"
OL,"ESKİDEN,O"
OL,O GÖSTERME SIFATI
OLAKİ,"OLABİLİR Kİ, BELKİ"
OLANAK,İMKAN
OLASI,"GÖRÜNÜŞE GÖRE OLACAĞI SANILAN, MUHTEMEL"
OLASI,MUHTEMEL
OLAY,HADİSE
OLAY,"HADİSE, VAKA"
OLAY,"VAKA, HADİSE"
OLE,İSPANYOL NARASI
OLE,İSPANYOL SEVİNÇ NİDASI
OLE,"İSPANYOLCA, YAŞA"
OLGU,VAKIA
OLGU,VAKIA.
OLGUCULUK,POZİTİVİZM
OLGUNŞİMŞEK,RESİMDEKİ OYUNCU
OLTA,AMATÖR BALIK TUTMA ARACI
OLTA,BALIK AVLAMA TAKIMI
OLTA,BALIK TUTMA ARACI
OLTU,ERZURUM İLÇESİ
OLTU,ERZURUM'UN İLÇESİ
OLUK,ÜST KISMI AÇIK BORU
OLUK,ÜST YANI AÇIK BORU
OLUMLU,"MÜSPET, POZİTİF"
OLUR,ERZURUM İLÇESİ
OLİMPİK,OLİMPİYAT ÖLÇÜLERİNDE OLAN
OLİVİN,"DEĞERLİ OLAN, ZEBERCET ADINI TAŞIYAN SİLİKAT"
OLİVİN,ZEBERCET TAŞI
OM,ELEKTRİK DİRENÇ BİRİMİ
OM,KEMİK UCU
OMA,HALK DİLİNDE BEL KEMİĞİ
OMA,KALÇA KEMİĞİ
OMA,"KALÇA KEMİĞİ, BEL KEMİĞİ"
OMACA,İRİ KEMİK
OMBRA,KAHVERENGİ TOPRAK BOYA
OMCA,BAĞ KÜTÜĞÜ
OMEGA,YUNAN ALFABESİNİN SON HARFİ
OMLET,BİR YUMURTA YEMEĞİ
OMLET,KAYGANA
OMLET,"ÇIRPILMIŞ YUMURTAYLA SADE OLARAK YAPILABİLEN YA DA İÇİNE PEYNİR, KIYMA VB. KATILARAK TAVADA PİŞİRİLEN BİR YEMEK"
OMNİBÜS,DOLMUŞ YAPAN BÜYÜK AT ARABASI
OMNİBÜS,YOLCU TAŞIYAN MOTORLU BÜYÜK TAŞIT
OMURGA,BELKEMİĞİ
ON,BİR RAKAM
ON,BİR SAYI
ONA,.“. BUNA DİL UZATMAK” (DEYİM)
ONAMA,TASDİK ETME
ONAMA,"UYGUN BULMA, TASVİP"
ONAMA,UYGUN BULMA; TASVİP
ONAR,HER BİRİNE ON
ONARMAK,TAMİR ETMEK
ONAT,"DOĞRU, DÜRÜST"
ONAT,"DÜRÜST, İYİ AHLAKLI OLAN"
ONAT,DÜZGÜN
ONAT,"ÖZENLİ, DÜZGÜN"
ONAT,"ÖZENLİ, DÜZGÜN, UYGUN"
ONAVUL,SU ARKINDA TAKSİM YERİ
ONAY,TASDİK
ONAY,"TASDİK, İZİN"
ONAÇ,BURDUR’DA BİR BARAJ
ONBAŞI,EN DÜŞÜK ASKERİ RÜTBE
ONDÜLE,"DALGALI, KIVRIMLI"
ONEGA,AVRUPADA GÖL
ONEGA,AVRUPA’DA GÖL
ONLİNE,ÇEVRİMİÇİ
ONMA,İFLAH OLMA
ONMA,ŞİFA BULMA
ONS,"ALTIN, GÜMÜŞ İÇİN AĞIRLIK ÖLÇÜ"
ONS,"ALTIN, GÜMÜŞ İÇİN AĞIRLIK ÖLÇÜ BİRİMİ"
ONS,BİR AĞIRLIK ÖLÇÜSÜ
ONS,İNGİLTERE’DE KULLANILAN BİR AĞIRLIK ÖLÇÜSÜ
ONU,"“NE EKERSEN, . BİÇERSİN.” (ATASÖZÜ)"
ONUM,KÖTÜ BİR DURUMDAN KURTULUŞ
ONUR,"HAYSİYET, İZZETİNEFİS"
ONUR,"ŞEREF, HAYSİYET"
ONURSAL,FAHRİ
ONİKS,BALGAM TAŞI
ONİKS,MERMER
OP,OPUS (KISALTMA)
OPAK,"DONUK, MAT (RENK)."
OPAK,"DONUK, ŞEFFAF OLMAYAN"
OPAL,İNCE PAMUKLU KUMAŞ
OPAL,"İNCE, DÜZGÜN DOKUNMUŞ PAMUKLU KUMAŞ"
OPERA,MÜZİKLİ TİYATRO ESERİ
OPERA,SÖZLERİNİN BÜTÜNÜ VEYA ÇOĞU ŞARKI OLARAK SÖYLENEN MÜZİKLİ TİYATRO ESERİ
OPERA,SÖZLERİNİN BÜTÜNÜ YA DA ÇOĞU ŞARKILI OLARAK SÖYLENEN MÜZİKLİ TİYATRO ESERİ
OPERET,BESTESİZ KONUŞMALAR BULUNAN SAHNE ESERİ
OPERET,BİR SAHNE ESERİ
OPERET,BİR TÜR EĞLENCELİ SAHNE ESERİ
OPERET,İÇİNDE BESTESİZ KONUŞMALAR BULUNAN SAHNE ESERİ
OPR,OPERATÖR
OPR,OPERATÖR (KISALTMA)
OPTOMETRİ,GÖRMEYİ İNCELEYEN OPTİK DALI
OPTİK,FİZİK BİLİMİNİN IŞIK OLAYLARINI İNCELEYEN KOLU
OPTİK,GÖRME İLE İLGİLİ OLAN
OPTİK,GÖZLÜKÇÜ
OPUS,"BESTECİNİN, BESTELENİŞ SIRASINA GÖRE NUMARALANMIŞ MÜZİK ESERİ"
OPUS,MÜZİKTE YAPIT
OR,MÜSTAHKEM MEVKİ
ORA,O YER
ORADA,SÖZÜ EDİLEN YERDE
ORAK,EKİN BİÇME ARACI
ORAKAYI,HALK DİLİNDE TEMMUZ
ORAKAYI,HALK DİLİNDE TEMMUZ AYI
ORAKAYI,TEMMUZ
ORAL,AĞIZ YOLUYLA
ORAL,SÖZE DAYANAN
ORAN,CEZAYİR’DE BİR KENT
ORAN,NİSPET
ORAN,İKİ BÜYÜKLÜK ARASINDAKİ BAĞINTI
ORANTI,"ORAN, TENASÜP"
ORATORYO,KUTSAL NİTELİKTE MÜZİK ESERİ
ORCİK,CEVİZLİ SUCUK
ORCİK,ŞEKERLE KAPLANMIŞ CEVİZ İÇİ
ORDU,BİR İLİMİZ
ORDÖVR,YEMEK ALTI
ORDİNO,BİR POLİÇENİN ARKASINA CİRO EDİLDİĞİ KİŞİYE ÖDENMESİ İÇİN YAZILAN HAVALE EMRİ
ORDİNO,POLİÇE ARKASI HAVALE EMRİ
ORG,BİR ENSTRÜMAN
ORG,ERGANUN
ORG,KLAVYELİ BİR ÇALGI
ORGCU,ORG ÇALAN
ORHANELİ,BURSA İLÇESİ
ORHANELİ,BURSA'NIN BİR İLÇESİ
ORKESTRA,ÇALGILAR TOPLULUĞU
ORLON,YAPAY DOKUMA İPLİÄİ
ORLON,YAPAY DOKUMA İPLİĞİ
ORMAN,AĞAÇLARLA ÖRTÜLÜ GENİŞ ALAN
ORMAN,YÜRÜYÜŞ YAPILAN ORMAN?
ORSA,GEMİNİN RÜZGAR ALAN YÖNÜ
ORTA,VASAT
ORTA,ÇANKIRI İLÇESİ
ORTA,İKİ ŞEYİN ARASI
ORTACA,MUĞLA İLÇESİ
ORTACA,MUĞLA'NIN BİR İLÇESİ
ORTACA,MUĞLA'NIN İLÇESİ
ORTAM,PLATFORM
ORUN,"MAKAM, MEVKİ"
ORİGAMİ,KAĞIT KATLAMA SANATI
ORİJİN,"KÖKEN, KAYNAK"
ORİJİN,"ÇIKIŞ YERİ, KÖKEN"
OS,KAT KAT ÇAKIL VE KUMDAN OLUŞMUŞ YER KIVRIMI
OS,OSMİYUM (SİMGE)
OS,OSMİYUM SİMGESİ
OSAKA,JAPONYA'DA BİR KENT
OSAKA,JAPONYADA BİR KENT
OSAKA,JAPONYA’DA BİR KENT
OSLO,NORVEÇ BAŞKENTİ
OSLO,NORVEÇİN BAŞKENTİ
OSLO,NORVEÇ’İN BAŞKENTİ
OSİRİS,ESKİ MISIR’DA EN ÖNEMLİ TANRILARDAN BİRİ
OSİRİS,MISIR MİTOLOJİSİNDE ÖLÜLERİN KORUYUCUSU OLAN TANRI
OT,ARGODA ESRAR
OT,BİTKİ
OT,KÜÇÜK BİTKİLERE VERİLEN AD
OT,KÜÇÜK BİTKİLERİN GENEL ADI
OT,KÜÇÜK ÇAYIR BİTKİSİ
OTAMA,"OTAMAK İŞİ, TEDAVİ"
OTAMA,TEDAVİ
OTAMA,TEDAVİ ETME
OTAMAK,BİTKİYLE TEDAVİ
OTAMAK,BİTKİYLE TEDAVİ ETMEK
OTAMAK,TEDAVİ ETMEK
OTANTİK,"ORİJİNAL, ASIL"
OTARSİ,KENDİNE YETERLİ ÜLKE REJİMİ
OTAĞ,BÜYÜK VE SÜSLÜ ÇADIR
OTAĞ,BÜYÜK ÇADIR
OTEL,BİR KONAKLAMA İŞLETMESİ
OTEL,YOLCU EVİ
OTELCİ,OTEL İŞLETEN KİMSE
OTLAK,MERA
OTLAK,"YAYLA, MERA"
OTLAKİYE,OSMANLI'DA OTLAK VERGİSİ
OTLAKİYE,OSMANLIDA DEVLET MALI OTLAKLARDAN ALINAN VERGİ
OTO,OTOMOBİL
OTO,OTOMOBİL (KISACA)
OTO,OTOMOBİL (KISALTMA)
OTO,OTOMOBİL KISACA
OTO,’KENDİ KENDİNE’ ANLAMINDA YABANCI ÖNEK
OTOBAN,ARABALARIN GEÇTİĞİ GENİŞ YOL?
OTOBAN,OTOYOL
OTOKAR,BÜYÜK GEZİ OTOBÜSÜ
OTOKAR,TOPLU GEZİLER İÇİN YAPILMIŞ BÜYÜK OTOBÜS
OTOKRASİ,BİR DEVLET YÖNETİMİ BİÇİMİ
OTONOM,ÖZERK
OTONOM,"ÖZERK, MUHTAR"
OTONOMİ,ÖZERKLİK
OTOPSİ,CESET İNCELEME
OTORİTE,SİYASİ VEYA İDARİ GÜÇ
OTORİTE,"YAPTIRMA VEYA YASAK ETME, EMRETME"
OTORİTE,İDARİ GÜÇ
OTOYOL,OTOBAN
OTURAK,ARKALIKSIZ KÜÇÜK İSKEMLE
OTURUM,CELSE
OTİ,BATI AFRİKA DA BİR IRMAK
OTİNGO,ARTVİN'DE BİR KAPLICA
OTİSTİK,İÇE KAPANIK
OTİT,KULAK İLTİHABI
OTİZM,İÇE KAPANIKLILIK
OVA,"DÜZ, YAZI, KIR"
OVA,"DÜZLÜK, YAZI"
OVA,GENİŞ VEYA DAR DÜZLÜK
OVA,"YAZI, KIR"
OVA,ÇUKURDA KALMIŞ DÜZLÜK
OVACIK,KARABÜK'ÜN BİR İLÇESİ
OVACIK,TUNCELİ İLÇESİ
OVAL,"BEYZİ, SÖBE"
OVAL,YUMURTA BİÇİMİNDE OLAN
OVAL,"YUMURTAMSI, SÖBE"
OVMAÇ,HAMURU OVALAYARAK YAPILMIŞ KIRINTILARLA PİŞİRİLEN ÇORBA
OVMAÇ,TAZE TARHANA
OY,REY
OY,"SEÇİMLERDE KİŞİNİN HERHANGİ BİR ADAY VEYA PARTİYE AİT YAPTIĞI TERCİH, REY"
OYA,DAR TENTENE
OYA,İNCE DANTEL
OYALAMA,MEŞGUL ETME
OYAN,ATIN BAŞINDAKİ SÜSLER
OYLUM,HACİM
OYMA,OYULARAK YAPILAN SÜSLEME
OYMAK,AŞİRET
OYUN,"HİLE, DÜZEN"
OYUN,KÜÇÜK ÇOCUKLARIN OYNADIĞI ALAN?
OZALİT,KALIPTAN ÇEKİLEN RESİM KOPYASI
OZALİT,"YÜZEYİ IŞIĞA KARŞI DUYARLI BİR MADDE İLE KAPLI KAĞIT ÜSERİNE, KALIPTAN ÇEKİLMİŞ RESİM KOPYASI"
OZALİT,"ÖZGÜN ÇİZİM, HARİTA, PLAN GİBİ ŞEYLERİN FOTOĞRAF TEKNİĞİYLE ÇOĞALTILMASI YÖNTEMİ. KALIPTAN ÇEKİLEN RESİM KOPYASI"
OZAN,HALK ŞAİRİ
OZAN,ŞAİR
OZANAKBABA,RESİMDEKİ OYUNCU
OZANCA,GRUP ABDAL ALBÜMÜ
OZANGÜVEN,RESİMDEKİ OYUNCU
OZMOZ,GEÇİŞME
OZON,GAZ DURUMUNDAKİ ELEMENT (O3)
OZON,HAVADA BİR TABAKA
OZON,ZEHİRLİ BİR GAZ
OĞLAK,KEÇİ YAVRUSU
OĞUL,ERKEK EVLAT
OĞUZ,BÜYÜK BİR TÜRK BOYU
OĞUZ,İYİ HUYLU KİMSE
OĞUZELİ,GAZİANTEP İLÇESİ
OĞUZELİ,GAZİANTEP'İN BİR İLÇESİ
OİL,FRANSA’NIN KUZEY YARISINDA KONUŞULAN ROMAN DİLİ LEHÇELERİ
OİL,İNGİLİZCEDE YAĞ
OŞ,KIRGIZİSTAN DA BİR KENT
OŞ,KIRGIZİSTANDA BİR KENT
OŞ,KIRGIZİSTAN’ DA BİR KENT
OŞ,KIRGIZİSTAN’DA BİR KENT
PA,AYAK (ESKİ DİL)
PA,ESKİ DİLDE AYAK
PA,PANAMA'NIN PLAKASI
PA,PROTAKTİNYUM'UN SİMGESİ
PABUÇ,AYAKKABI
PADOK,AT GEZDİRMELİĞİ
PADOK,HİPODROMDA YARIŞ ATLARININ YEDEKTE GEZDİRİLDİKLERİ YER
PADOK,YARIŞ ATLARININ GEZDİRİLDİKLERİ YER
PAFTA,"BÜYÜK BENEK, LEKE"
PAFTA,ETİKET
PAGAN,ÇOK TANRICI
PAGAN,ÇOK TANRILI DİNDEN OLAN
PAGAN,ÇOK TANRILI DİNDEN OLAN KİMSE
PAH,EĞİK OLARAK KESİLMİŞ KENAR
PAHA,"DEĞER, FİYAT EDER"
PAHA,"EDER, FİYAT"
PAK,TEMİZ
PAKO,EVCİL ALPAKA TÜRÜ
PAKO,PERU VE BOLİVYA’DA YÜNÜ İÇİN YETİŞTİRİLEN EVCİL ALPAKA TÜRÜ
PAKT,ANTLAŞMA
PAL,BİR CİNS GÜVERCİN
PAL,BİR TÜR GÜVERCİN
PALA,"BEZ PARÇALARINDAN DOKUNAN BASİT KİLİM, YAYGI"
PALA,KABZASINA DOĞRU DARALAN BİR TÜR KILIÇ
PALA,KAVİSLİ BİR TÜR KILIÇ
PALA,"KAVİSLİ, GENİŞ KILIÇ"
PALAS,LÜKS OTEL
PALAS,LÜKS OTEL YA DA GÖSTERİŞLİ YAPI
PALM,PALMİYE YAĞI
PALU,ELAZIĞ İLÇESİ
PALYAÇO,"KENDİSİNİ SEYREDENLERİ GÜLDÜREN VE EĞLENDİREN, ACAYİP KILIKLI, YÜZÜ AŞIRI VE KOMİK BİÇİMDE BOYALI OYUNCU"
PALYAÇO,"KENDİSİNİ SEYREDENLERİ GÜLDÜREN VE EĞLENDİREN, YÜZÜ AŞIRI VE KOMİK BİÇİMDE BOYALI OYUNCU"
PAMELE,"‘... SPENCE’ (ŞARKICI,"
PAMELE,"‘... SPENCE’ (ŞARKICI, AKTRİS)"
PAMUKOVA,SAKARYA İLÇESİ
PAMUKOVA,SAKARYA'NIN BİR İLÇESİ
PAMİR,ORTA ASYADA PLATO
PAMİR,ORTA ASYA’DA PLATO
PANCAR,ŞEKER BİTKİSİ
PANDA,ÇİN AYISI
PANE,"YUMURTA, UN KARIŞIMIYLA KIZARTMA"
PANE,YİYECEKLERİ UN VE YUMURTAYLA KIZARTMAK
PANE,ÜZERİ EKMEK KIRINTISIYLA KAPLANMIŞ YİYECEKLER İÇİN KULLANILAN SÖZCÜK
PANKART,GÖSTERİLERDE MESAJ LEVHASI
PANKREAS,MİDEDE BULUNAN SALGI BEZİ
PANKREAS,MİDENİN ARKA TARAFINDA BULUNAN İRİ BİR SALGI BEZİ
PANKREAS,MİDENİN ARKASINDAKİ BEZ
PANO,DUYURU LEVHASI
PANORAMA,GENEL GÖRÜNÜM
PANTER,PARS
PANTER,PARSIN DİĞER ADI
PAPA,KATOLİK KİLİSESİNİN BAŞKANI
PAPAK,UZUN TÜYLÜ KALPAK
PAPARA,ET SUYU YEMEĞİ
PAPARA,‘... YEMEK’ (ÇOK AZARLANMAK)
PARA,NAKİT
PARA,NAKİT ÖDEME ARACI
PARA,"NAKİT, AKÇE"
PARADİ,BİR TİYATRODA EN ÜST BALKON
PARAF,BAŞ HARFLERLE YAZILAN KISA İMZA
PARAF,KISA İMZA
PARAKA,ÇOK İĞNELİ OLTA
PARAKETE,BİR TÜR BALIK OLTASI
PARAKETE,ÇOK İĞNELİ OLTA
PARALAMA,YIPRATIP ESKİTME
PARALAMAK,YIPRATIP ESKİTMEK
PARALEL,"KOŞUT, MUVAZİ"
PARALI,BEDAVA OLMAYAN
PARALİZİ,FELÇ
PARALİZİ,"FELÇ, İNME"
PARANKİMA,ÖZEKDOKU
PARANOYAK,PARANOYAYA TUTULMUŞ KİMSE
PARATONER,YILDIRIMSAVAR
PARATONER,"YILDIRIMSAVAR, YILDIRIMKIRAN"
PARATONER,"YILDIRIMSAVAR, YILDIRIMKIRAN."
PARE,PARÇA
PARE,TANE
PAREO,PLAJ ELBİSESİ
PAREPARE,PARÇA PARÇA
PARFÜM,ŞİŞELENMİŞ GÜZEL KOKU
PARK,AĞAÇLI GEZİNTİ YERİ
PARLAK,"PARLAYAN, IŞILDAYAN"
PAROLA,GİZLİ TANIMA SÖZÜ
PARS,LEOPAR
PARS,PANTERİN DİĞER ADI
PARSA,TOPLANAN GÖSTERİ PARASI
PARTİ,"SİYASAL TOPLULUK, FIRKA"
PARİS,2024 OLİMPİYAT OYUNLARI’NIN YAPILACAĞI KENT
PARİS,2024 OLİMPİYAT OYUNLARI’NIN YAPILDIĞI KENT
PARİS,FRANSA BAŞKENTİ
PARİS,FRANSA'NIN BAŞKENTİ
PARİTE,İKİ ÜLKE PARASININ KARŞILIKLI DEĞERİ
PAS,DEMİR KİRİ
PAS,METALDE OKSİTLENME
PASA,HAMUR TAHTASI
PASA,"HAMURUN FIRINA VERİLMEDEN ÖNCE DİNLENDİRİLDİĞİ, ÜZERİNDE BEKLETİLDİĞİ TAHTA"
PASO,ÖĞRENCİ İNDİRİM BELGESİ
PASPAL,"BAKIMSIZ, DAĞINIK, PİS"
PASPAS,AYAKKABI ALTI SİLECEĞİ
PASTA,BİR TÜR TATLI
PAT,"BASIK, YASSI"
PAT,DERİ ÜZERİNE UYGULAMAYA ÖZGÜ HAMUR KIVAMINDA İLAÇ
PAT,"YASSI, BASIK"
PATA,BERABERE KALMA
PATA,OYUNDA BERABERE KALMA
PATA,OYUNDA BERABERLİK
PATENT,BİR BULUŞUN KULLANMA HAKKININ BİR KİMSEYE AİT OLDUĞUNU GÖSTEREN BELGE
PATENT,UYRUKLUK BELGESİ
PATNOS,AĞRI İLÇESİ
PATNOS,AĞRI'NIN BİR İLÇESİ
PATİ,KEDİNİN ÖN AYAĞI
PATİK,"ALTI YUMUŞAK YA DA İNCE DERİDEN, GENELLİKLE ÜSTTEN BAĞLI KÜÇÜK ÇOCUK AYAKKABISI"
PATİK,BEBEK AYAKKABISI
PATİK,YÜN ÇORAP
PATİKA,KEÇİ YOLU
PAY,HİSSE
PAYAM,BADEMLİ KEK
PAYAM,HALK DİLİNDE BADEM
PAYET,"GİYSİ VB. İŞLEMEK İÇİN KULLANILAN KÜÇÜK, PIRILTILI PUL"
PAYET,GİYSİYE İŞLENEN PIRILTILI PUL
PAYREKS,DAYANIKLI BİR TÜR CAM
PAZAR,HAFTANIN BİR GÜNÜ
PAZAR,RİZE İLÇESİ
PAZARYERİ,BİLECİK İLÇESİ
PAZEN,BİR TÜR PAMUKLU BEZ
PAÇA,KASAPLIK HAYVAN AYAĞI
PAÇA,KASAPLIK HAYVANLARIN AYAĞI
PAÇANGA,PASTIRMALI BÖREK
PAÇOZ,"BASMAKILIP DÜŞÜNEN, SAMİMİYETSİZ DAVRANAN, GEREKSİZ GURURLANAN"
PAÇOZ,KEFAL TÜRÜNDEN BİR BALIK
PB,KURŞUN SİMGESİ
PB,KURŞUN'UN SİMGESİ
PC,KİŞİSEL BİLGİSAYAR
PD,PALADYUM SİMGESİ
PD,PALADYUM'UN SİMGESİ
PE,PERU PLAKASI
PE,PERU'NUN PLAKASI
PE,PERUNUN PLAKASI
PE,PERU’NUN PLAKASI
PEDAL,AYAKLIK
PEDER,BABA
PEDER,PAPAZ
PEGASOS,EFSANEVİ KANATLI AT
PEGASOS,ESKİ YUNAN MİTOLOJİSİNDE MEDUSA’NIN KANINDAN DOĞMA KANATLI AT
PEK,"SERT, KATI"
PEKİ,EVET
PELENK,PARS
PELERİN,HARMANİ
PELERİN,OMUZLARDAN AŞAĞI DÖKÜLEN GİYSİ
PELTE,BİR TÜR TATLI
PELTE,"NİŞASTA, ŞEKER VE SU KARIŞIMININ PİŞİRİLEREK SOĞUTULMASIYLA YAPILAN BİR TÜR TATLI"
PELİT,MEŞE AĞACI
PELİT,MEŞE AĞACINA VE BU AĞACIN MEYVESİNE VERİLEN BİR AD
PELİT,PALAMUT
PELİT,"ÇINAR, MEŞE, PALAMUT GİBİ AĞAÇLARIN MEYVESİ"
PEMBE,AÇIK KIRMIZI
PEMBE,KIRMIZIBEYAZ KARIŞIMI
PENA,MIZRAP
PENA,"MIZRAP, ÇALGIÇ"
PENA,"ÇALGIÇ, MIZRAP"
PENA,"ÇALGIÇ, MIZRAP, TEZENE"
PENC,ESKİ DİLDE BEŞ
PENC,TAVLADA 'BEŞ'
PENCERE,CAM
PENDİK,İSTANBUL İLÇESİ
PENDİK,İSTANBUL'UN BİR İLÇESİ
PENES,ALTIN TAKLİDİ SARI TENEKEDEN PUL
PENES,"SÜS OLARAK KULLANILAN ZİYNET, ALTIN TAKLİDİ SARI TENEKEDEN PUL"
PENGÖ,MACARİSTAN'IN ESKİ PARA BİRİMİ
PENİ,BİR PARA BİRİMİ
PENİ,STERLİNİN YÜZDE BİRİ
PENİ,STERLİN’İN YÜZDE BİRİ
PEPE,"KEKEME, TUTUK DİLLİ"
PEPE,TUTUK DİLLİ
PER,BAZI İSKAMBİL OYUNLARINDA FARKLI RENKLERDEN İKİ BENZER KARTIN BİR ARADA BULUNMA DURUMU
PER,KİMİ İSKAMBİL OYUNLARINDA AYNI CİNS İKİ KARTA VERİLEN AD
PER,İSKAMBİLDE ÇİFT KART DURUMU
PERA,BEYOĞLU SEMTİNİN ESKİ ADI
PERESE,"DURUM, DERECE, KERTE"
PERESE,DUVARCILARIN KULLANDIĞI ŞAKUL İP
PERKİ,TATLI SU LEVREĞİ
PERMEÇE,DENİZCİLİKTE YEDEK HALAT
PERSONAGRATA,DİPLOMASİDE İSTENMEYEN KİŞİ
PERT,DEĞERSİZLEŞME ZARAR
PERT,"DEĞERSİZLEŞME, ZARAR"
PERUKAR,BERBER
PERUKAR,ESKİ DİLDE BERBER
PERİDECELAL,UNUTULMAZ BİR YAZAR
PERİDO,ZEBERCET TAŞI
PERİHAN,‘... SAVAŞ’ (AKTRİS)
PERİHANKOCA,"ÜNLÜ BİR RESSAM, ŞAİR"
PERİHANSAVAŞ,RESİMDEKİ OYUNCU
PERİKART,KALBİ SARAN ZAR
PERİKART,KALBİN ÜZERİNİ SARAN ZAR
PERİŞAN,"DAĞINIK, DÜZENSİZ"
PES,YENİLGİYİ KABUL SÖZÜ
PESETA,İSPANYANIN ESKİ PARA BİRİMİ
PESETA,İSPANYA’NIN ESKİ PARA BİRİMİ
PESO,KÜBANIN PARA BİRİMİ
PESO,KÜBA’NIN PARA BİRİMİ
PESTİL,KURUTULMUŞ MEYVE EZMESİ
PET,"EVDE BESLENEN KUŞ, KEDİ, KÖPEK VB. HAYVAN"
PET,PLASTİK BİR MALZEME
PET,"PLASTİK BİR ŞİŞE, YÜKSEK YOĞUNLUKLU PLASTİKTEN YAPILMIŞ"
PETEK,ARI KOVANI
PETEK,ARILARIN YAPTIĞI YUVACIKLAR TOPLULUĞU
PETEK,BAL DEPOSU
PEY,BİR SÖZLEŞMEDE TARAFLARDAN BİRİNİN ÖBÜRÜNE İŞTEN CAYMAYACAĞINI BELİRTMEK AMACIYAM ÖNCEDEN VERDİĞİ GÜVENCE PARASI
PEY,GÜVENCE PARASI
PEYK,"OSMANLI DEVLETİNİN İLK DÖNEMİNDE POSTACILIK, KURYELİK VE MUHAFIZLIK YAPAN, DAHA SONRAKİ DÖNEMLERDE TÖRENLERDE YER ALAN ASKER SINIFI"
PEYK,UYDU
PEYKE,ALÇAK TAHTA SEDİR
PEZO,KOLOMBİYA NIN PARA BİRİMİ
PEZO,KOLOMBİYANIN PARA BİRİMİ
PEZO,KOLOMBİYA’ NIN PARA BİRİMİ
PEZO,KOLOMBİYA’NIN PARA BİRİMİ
PEÇ,FIRIN TARZI OCAK
PEÇ,RUS MİMARÎSİNDE OCAK TÜRÜ
PEÇE,YÜZ ÖRTÜSÜ
PEÇE,"YÜZ ÖRTÜSÜ, NİKAP"
PEŞ,"ARKA, GERİ, ART"
PEŞ,"ARKA, SIRT"
PEŞ,KİMİ GİYSİLERİN BOL OLMASI İÇİN YANLARINA EKLENEN KUMAŞ PARÇASI
PH,SIVININ SERTLİK DERECESİ
PINAR,"MEMBA, KAYNAK"
PINARDENİZ,RESİMDEKİ OYUNCU
PIR,KUŞ KANATLARININ ÇIKARDIĞI SES
PIRASA,BİR KIŞ SEBZESİ
PL,POLONYANIN PLAKA İŞARETİ
PL,POLONYA’NIN PLAKA İŞARETİ
PLAK,"METAL NESNE, PLAKA"
PLAK,METAL YAPRAK
PLAKA,KARA TAŞITLARINA TAKILAN NUMARA LEVHASI
PLAKA,METAL YAPRAK
PLAKA,TAŞIT NUMARA LEVHASI
PLAN,BİR İŞİN GERÇEKLEŞTİRİLMESİ İÇİN HAZIRLANAN DÜZEN
PLAN,"BİR İŞİN, BİR ESERİN GERÇEKLEŞTİRİLMESİ İÇİN UYULMASI TASARLANAN DÜZEN"
PLAN,"NİYET, TASAVVUR"
PLANET,GEZEGEN
PLASE,FUTBOLDA TOPA HAFİF VURUŞ
PLASE,FUTBOLDA YUMUŞAK VURUŞ
PLASMAN,"YATIRIM, MEVDUAT"
PLATO,YAYLA
PLAZA,BÜYÜK İŞ MERKEZİ
PLAZMA,KANDAKİ SIVI
PLAZMA,KANIN SIVI KISMI
PLİ,GİYSİDE SÜS KIVRIMI
PLİ,SÜS İÇİN YAPILMIŞ KUMAŞ KIVRIMI
PM,PROMETYUM'UN SİMGESİ
PM,PROMETYUMUN SİMGESİ
PM,PROMETYUMUN SİMGESİ
PM,PROMETYUM’UN SİMGESİ
PNÖMONİ,TIP DİLİNDE ZATÜRREE
PNÖMONİ,ZATÜRRE
PO,POLONYUM SİMGESİ
PO,POLONYUM'UN SİMGESİ
PO,İTALYA'DA OVA
POLAR,KUTUP
POLEN,ÇİÇEK TOZU
POLO,ATLARA BİNİLEREK DEĞNEKLERLE OYNANAN BİR ÇEŞİT TOP OYUNU
POLO,ATLARLA OYNANAN TOP OYUNU
POLYESTER,CİLA OLARAK KULLANILAN KİMYASAL BİR MADDE
POLİFONİK,ÇOK SESLİLİK
POLİFONİK,ÇOK SESLİLİKLE İLGİLİ
POLİP,BASİT YAPILI BİR HAYVAN
POLİP,"SÖLENTERLERDEN, TOPLU YA DA TEK BAŞINA YAŞAYABİLEN BASİT YAPILI HAYVAN"
POLİÇE,SİGORTA SENEDİ
PONZA,SÜNGER TAŞI
PORSUK,PİS KOKULU BİR HAYVAN
PORSUK,İĞNE YAPRAKLARI YAZ KIŞ YEŞİL OLAN BİR ORMAN VE SÜS BİTKİSİ
PORTE,BİR İŞ İÇİN GEREKEN PARA TUTARI
POSA,SUYU ALINMIŞ YİYECEK ARTIĞI
POSOF,ARDAHAN İLÇESİ
POSOF,ARDAHAN'IN BİR İLÇESİ
POST,TARİKATLARDA ŞEYHLİK MAKAMI
POST,TÜYLÜ HAYVAN DERİSİ
POT,DİKİŞTE HATA
POT,GAF
POT,"PATAVATSIZLIK, GAF"
POYRA,AT ARABALARINDA TEKERLEĞİN ORTASINDA BULUNAN GÖBEK
POYRAZ,KUZEYDOĞUDAN ESEN SOĞUK RÜZGAR
POYRAZ,SOĞUK KUZEYDOĞU RÜZGARI
POZ,FOTOĞRAFTA DURUŞ
POZ,RESİM YA DA FOTOĞRAFTA DURUŞ
POĞAÇA,BİR TÜR TUZLU ÇÖREK
PR,PRASEODİM (SİMGESİ)
PR,PRASEODİM SİMGESİ
PR,PRASEODİM’İN SİMGESİ
PRAFA,BİR İSKAMBİL OYUNU
PRAG,ÇEKYA'NIN BAŞKENTİ
PRANGA,AYAĞA TAKILAN KALIN ZİNCİR
PRANGA,AĞIR CEZALILARIN AYAKLARINA TAKILAN KALIN ZİNCİR
PRATİKA,GEMİ GİRİŞÇIKIŞ İZNİ
PRENS,BİR SOYLULUK UNVANI
PRENS,KRALIN OĞLU
PRENSES,HÜKÜMDAR KARISI
PRENSES,HÜKÜMDAR KIZI
PRENSES,KRALIN KIZI
PRENSİP,İLKE
PRES,CENDERE
PRES,MENGENE
PROJE,TASARI
PROLOG,ÖNDEYİŞ
PROSES,SÜREÇ
PROTEZ,"TAKMA, YAPAY"
PROTON,ATOMUN ÇEKİRDEĞİNDE BULUNAN PARÇACIK
PROTON,HİDROJEN ATOMUNUN ÇEKİRDEĞİ
PROVA,DENEME
PRUVA,GEMİNİN ÖN TARAFI
PRİM,SİGORTA İÇİN VERİLEN ÜCRET
PRİM,SİGORTA İÇİN ÖDENEN ÜCRET
PRİMAT,MAYMUN
PRİMAT,MAYMUNLAR DAHİL MEMELİLER TAKIMI
PRİNTER,YAZICI
PS,MEKTUP DİPNOTU
PSV,HOLLANDA’NIN BİR FUTBOL TAKIMI (KISACA)
PSİKOZ,AKIL HASTALIKLARININ GENEL ADI
PSİŞİK,RUHSAL
PT,PLATİN (SİMGE)
PT,PLATİN'İN SİMGESİ
PTT,POSTA VE TELGRAF TEŞKİLATI (KISACA)
PU,PLUTONYUM SİMGESİ
PU,PLÜTONYUM (SİMGESİ)
PU,PLÜTONYUM'UN SİMGESİ
PUAN,BENEK
PUAN,KUMAŞLARDA BENEK
PUAN,"KUMAŞLARDAKİ NOKTA, BENEK"
PUANTER,BİR AV KÖPEĞİ
PUANTER,BİR AV KÖPEĞİ IRKI
PUF,ARKALIKSIZ ALÇAK OTURACAK
PUF,"ARKALIKSIZ, ALÇAK, YUMUŞAK, AYAKLARI GÖZÜKMEYEN OTURACAK"
PUL,DEĞERİ AZ PARA
PUL,ZARFA YAPIŞTIRILIR
PUMA,DAĞ ASLANI
PUMA,YENİDÜNYA ASLANI
PUPA,GEMİNİN ARKASI
PURO,TÜTÜN MAMULÜ
PURO,YAPRAK SİGARA
PUS,BİR TÜR HAFİF SİS
PUS,HAFİF SİS
PUSU,SALDIRI İÇİN GİZLENME
PUSU,SALDIRMAK İÇİN SAKLANILAN YER
PUSULA,YÖN BELİRTECİ
PÖÇ,KUYRUK SOKUMU KEMİĞİ
PÜNEZ,RAPTİYE
PÜR,DOLU
PÜR,"DOLU, ÇOK"
PÜRE,ET VEYA SEBZE EZMESİ
Pİ,MATEMATİKTE SABİT BİR SAYI
Pİ,SABİT MATEMATİK SAYISI
Pİ,SABİT SAYI
Pİ,ÇEMBERİN ÇEVRESİNİN ÇAPINA ORANINI GÖSTEREN SAYI
PİK,DÖKME DEMİR
PİK,"DÖKME DEMİR, FONT"
PİKAP,KAMYONET
PİKE,KABARTMALI PAMUKLU KUMAŞ
PİKE,UÇAĞIN HIZLA ALÇALMASI
PİKNİK,KIR GEZİSİ
PİKO,ÖRTÜ KENAR SÜSÜ
PİL,AKIMTOPLAR
PİL,ELEKTRONİK CİHAZLARIN GÜCÜNÜ SAĞLAYAN KAYNAK?
PİLOT,HAVA TAŞITI KULLANAN
PİLOT,UÇAĞI KULLANAN
PİM,BİR TÜR ÇİVİ
PİM,METAL SAPLAMA
PİNTİ,AŞIRI DERECEDE CİMRİ
PİPET,SIVI ÇEKME BORUSU
PİR,TARİKAT KURUCUSU
PİR,YAŞLI
PİR,"YAŞLI, İHTİYAR KİMSE"
PİRAYE,"SÜS, ZİYNET"
PİRE,ASALAK BİR BÖCEK
PİRE,KOLAY YAKALANMAYAN ASALAK BİR BÖCEK
PİRE,"KÜÇÜK, ASALAK BÖCEK"
PİROMANİ,YANGIN ÇIKARMA HASTALIĞI
PİRİNA,ZEYTİN KÜSPESİ
PİRİNA,ZEYTİNİN SIKILIP YAĞI ALINDIKTAN SONRA GERİYE KALAN KÜSPESİ
PİST,ATLETİZM ALANI
PİSİ,(ÇOCUK DİLİNDE) KEDİ
PİTT,'BRAD ..' (BİR AKTÖR)
PİTT,'BRAD ..'(BİR AKTÖR)
PİTT,BRAD .... (BİR AKTÖR)
PİVOT,BASKETBOLDA HÜCUM OYUNCUSU
PİYATA,YASSI VE BÜYÜK YEMEK TABAĞI
PİYAZ,FASULYE SALATASI
PİÇUTA,BİR TÜR PALAMUT BALIĞI
PİÇUTA,PALAMUT BALIĞININ İRİ BİR TÜRÜ
PİŞEKAR,ORTA OYUNUNDA BİR OYUNCU
PİŞEKAR,ORTA OYUNUNDA KAVUKLU İLE KONUŞARAK OYUNU AÇAN OYUNCU
RA,ARJANTİN’İN PLAKA İŞARETİ
RA,ARJANTİN’İN PLAKASI
RA,ESKİ MISIR’DA GÜNEŞ TANRISI
RA,MISIR TANRISI
RA,RADYUM (SİMGE)
RA,RADYUM SİMGESİ
RAAD,ESKİ DİLDE GEVEZE
RAAT,GEVEZE
RAB,ALLAH
RAB,ALLAH(C.C.)
RAB,TANRI
RABAT,FAS BAŞKENTİ
RABBİ,ALLAH'IM ANLAMINDA
RABIT,"BAĞ, BAĞLAMA"
RABITA,BAĞ
RABITA,"BAĞ, İLİŞKİ"
RABITA,"BAĞLAYAN ŞEY, BAĞ"
RABITALI,"DÜZGÜN, DÜZENLİ"
RABITALI,"SÖZÜNÜ BİLEN, TUTARLI, AĞIRBAŞLI"
RABİA,ESKİ DİLDE DÖRDÜNCÜ
RABİA,TANZİMAT’TAN SONRA KOLAĞASI RÜTBESİNE EŞİT OLAN SİVİL UNVANI
RACA,HİNDİSTAN PRENSİ
RACA,HİNT PRENSİNİN UNVANI
RACON,"ARGODA YOL, YÖNTEM"
RACON,"ARGODA YOL, YÖNTEM"
RACON,"ARGO’DA YOL, YÖNTEM"
RACON,"YÖNTEM, YOL, USUL"
RACİ,GERİ DÖNEN
RAD,KUR'ANDA 13. SURE
RAD,KUR'AN’DA 13. SURE
RADA,"POLONYA, LİTVANYA, BELARUS VE UKRAYNA’DA SİYASAL ERKİ ÜSTLENEN MECLİSE VERİLEN AD"
RADANSA,METAL YELKEN HALKASI
RADANSA,YELKENLERE AÇILAN DELİKLERE VE HALAT İLMİKLERİNE GEÇİRİLEN METAL HALKA
RADAR,"(MECAZEN) İÇGÜDÜ, SEZİŞ"
RADAR,OTO HIZ ÖLÇME CİHAZI
RADAR,YÖN BULUCU CİHAZ
RADDE,DERECE
RADDE,"DERECE, KERTE"
RADDE,"KERTE, DERECE"
RADON,SİMGESİ RN OLAN ELEMENT
RADON,‘RN’ SİMGELİ ELEMENT
RADYAN,IŞIN VE ISI YAYAN
RADYAN,IŞIN VEYA ISI YAYAN
RADYAN,IŞIN YADA ISI YAYAN
RADYASYON,"IŞIN VEYA TANECİK YAYIMI, IŞIMA, IŞINIM"
RADYASYON,IŞINIM
RADYO,BİR MEDYA ARACI
RADYO,ELEKTRİK DALGALARININ ÖZELLİĞİNDEN YARARLANARAK SESLERİ İLETEN SİSTEM
RADYO,SESLERİ İLETEN SİSTEM
RADYUM,PİERRE CURİE VE EŞİ TARAFINDAN BULUNAN ELEMENT
RADYUM,RADYOAKTİF ALKALİ TOPRAK METALİ
RADİKA,BAHARLI BİR BİTKİ
RADİKA,KARAHİNDİBA OTUNUN DİĞER ADI
RADİKA,KARAHİNDİBA’NIN SEBZE OLARAK YENEN YAPRAKLARI
RADİKA,YAPRAKLARI SALATA OLARAK YENEN BİTKİ
RADİKAL,KÖKTEN
RADİKAL,KÖKTENCİ
RAF,KİTAP KONULAN YER
RAF,KİTAPLARIN KONDUĞU RAF?
RAF,KİTAPLARIN KONDUĞU YER
RAF,SERGEN
RAFADAN,AZ PİŞİRİLMİŞ YUMURTA
RAFADAN,KAYNAR SUDA KABUĞU İLE AZ PİŞİRİLMİŞ YUMURTA
RAFTİNG,AKARSU KROSU
RAFTİNG,AKARSU KROSU. SAL YARIŞI
RAFYA,"AFRİKA VE AMERİKA2DA YETİŞEN, İRİ GÖVDELİ, UZUN YAPRAKLI PALMİYE"
RAFYA,PALMİYE LİFİ
RAFİNAJ,ARITIM
RAFİNE,ARITILMIŞ
RAFİNE,"HASSAS, DUYGULU, NAZİK, İNCE, SEÇKİN"
RAFİNE,"İNCE, ARITILMIŞ"
RAFİNERİ,ARITIMEVİ
RAG,"ESKİ DİLDE DAĞ ETEĞİ, ÇAYIRLIK, ÇİMENLİK"
RAGBİ,ON BEŞER KİŞİLİK İKİ TAKIM ARASINDA OVAL BİR TOPLA OYNANAN OYUN
RAH,YOL
RAH,"YOL, TAHRİK"
RAH,"YOL, TARİK"
RAH,"YOL,TARİK"
RAHAT,"ALDIRMAZ, GAMSIZ"
RAHAT,HUZUR
RAHATSIZLIK,"RAHATSIZ OLMA DURUMU, TEDİRGİNLİK"
RAHLE,ALÇAK KÜÇÜK MASA
RAHLE,ESKİDEN DERS ÇALIŞMA MASASI
RAHMET,YAĞMUR
RAHT,AT TAKIMI
RAHVAN,ATIN BİR KOŞMA BİÇİMİ
RAHVAN,ATIN YAVAŞ KOŞMASI
RAK,CEYLAN DERİSİ
RAK,TABAKLANMIŞ CEYLAN DERİSİ
RAKADAN,"ZIPLAMA, SIÇRAMA"
RAKAM,SAYI GÖSTEREN
RAKAM,SAYI GÖSTEREN İŞARET
RAKAM,SAYILARI GÖSTEREN İŞARET
RAKAM,SAYILARI GÖSTEREN İŞARETLER
RAKAMLI,İÇİNDE RAKAM BULUNAN
RAKET,BİR TENİS ARACI
RAKET,TENİS GERECİ
RAKET,TENİS OYNAMA ARACI
RAKET,TENİS OYUN ARACI
RAKIM,YÜKSELTİ
RAKKAS,PANDÜL
RAKKAS,RAKS EDEN
RAKKAS,RAKS EDEN ERKEK
RAKKAS,SARKAÇ
RAKOR,BORU BAĞLANTI PARÇASI
RAKOR,BORULARI DÖNDÜRMEDEN EKLEMEYİ SAĞLAYAN BAĞLANTI PARÇASI
RAKOR,SIHHİ TESİSATTA İKİ BORUYU DÖNDÜRMEDEN BİRBİRİNE BAĞLANMASINI SAĞLAYAN BAĞLANTI PARÇASI
RAKS,BİR TÜR DANS
RAKS,DANS
RAKUN,KÜRKÜ KIYMETLİ BİR HAYVAN
RAKUN,"ÇAMAŞIRCI AYI’ DENİLEN, KÜRKÜ KIYMETLİ BİR HAYVAN"
RAKİ,SECDE EDEN
RAKİBE,KADIN RAKİP
RAKİK,İNCE RUHLU
RAKİK,"İNCE, NARİN"
RAKİP,MÜSABAKADA KARŞI TARAF
RAKİT,DURGUN (SU)
RAKİT,DURGUN SU
RAL,AKCİĞERLERİ DİNLERKEN HEKİMİN DUYDUĞU PATOLOJİK SES
RALLİ,OTO YARIŞI
RALLİ,OTOMOBİL YARIŞMASI
RAM,BOYUN EĞEN
RAM,BİLGİSAYARDA ERİŞİLEBİLİR BELLEK
RAMAK,ÇOK AZ KALDI ANLAMINDA BİR SÖZCÜK
RAMAN,BATMAN'DA BİR DAĞ
RAMAN,BATMAN’DA BİR DAĞ
RAMAYANA,KUTSAL HİNT DESTANI
RAMAYANA,KUTSAL HİNT DESTANLARINDAN BİRİ
RAMAZAN,ORUÇ TUTULAN AY
RAMAZAN,ÜÇ AYLARDAN
RAMAZAN,ÜÇ AYLARDAN BİRİ
RAMİ,"ATAN, ATICI"
RAMİ,ÇOK İTAATKAR OLAN
RAMİ,"ÇİN, VİETNAM VE MALEZYA'DA YETİŞEN BİTKİ"
RAMİ,"ÇİN, VİETNAM VE MALEZYA'DA YETİŞEN DEĞERLİ BİR BİTKİ"
RAMİ,"ÇİN, VİETNAM, MALEZYA’DA YETİŞEN VE LİFLERİ DOKUMACILIKTA KULLANILAN DEĞERLİ BİR BİTKİ"
RAN,NAZIM HİKMETİN SOYADI
RAN,NAZIM HİKMET’İN SOYADI
RAN,NÂZIM HİKMET’İN SOYADI
RAN,UYLUK (ESKİ DİL)
RAN,"İSKANDİNAV MİTOLOJİSİNDE AĞIYLA YAKALADIĞI DENİZCİLERİ OKYANUSTA EVİNE GÖTÜREN, OKYANUS TANRISI AEGİR’İN KARISI"
RANA,'... ALAGÖZ’ (ŞARKICI)
RANA,... ALAGÖZ’ (ŞARKICI)
RANA,"GÜZEL, HOŞ (KADIN)"
RANA,"GÜZEL, PEKİYİ"
RANA,"İYİ, GÜZEL, HOŞ"
RANDEVU,KARARLAŞTIRILMIŞ BULUŞMA
RANT,"BİR MAL YA DA PARANIN, BELİRLİ BİR SÜRE İÇİNDE EMEK VERİLMEKSİZİN SAĞLADIĞI GELİR"
RANT,GETİRİM
RANT,GETİRİM (EKONOMİ)
RANTABL,"GELİR GETİREN, KÂR SAĞLAYAN, VERİMLİ, GETİRİMLİ"
RANTABL,"KAR SAĞLAYAN, VERİMLİ"
RANZA,"GEMİ, TREN, KIŞLA VB. YERLERDE ÜST ÜSTE YAPILAN YATAK YERİ"
RANZA,İKİ KATLI KARYOLA
RAPOR,YAZANAK
RAS,HABEŞ SOYLUSU
RASA,HIRVATİSTANDA LİMAN KENTİ
RASA,HIRVATİSTAN’DA BİR LİMAN KENTİ
RASA,HIRVATİSTAN’DA LİMAN KENTİ
RASAT,GÖZLEM
RASATHANE,GÖZLEM EVİ
RASATHANE,GÖZLEMEVİ
RASE,LAHANANIN İÇİ
RASPA,İRİ DİŞLİ TÖRPÜ
RAST,TESADÜF
RASTIK,EKİNLERDEKİ SÜRME HASTALIĞINA VERİLEN BİR AD
RASTIK,"KAŞ BOYASI, SÜRME"
RASYO,ORAN
RASYON,BİR GÜNLÜK YEM MİKTARI
RASYON,ORGANİZMANIN 24 SAATLİK MADDE VE ENERJİ İHTİYACINI KARŞILAYAN BESİNLERİN ÇEŞİDİ VE MİKTARI
RASİ,HIRS VE TAMAH EDEN
RASİM,"RESMEDEN, RESİM ÇİZEN"
RASİM,‘... ÖZTEKİN’ (UNUTULMAZ AKTÖR)
RASİME,ESKİDEN KALMA ADET
RASİZM,IRKÇILIK
RATE,BAŞARISIZ
RATE,BAŞARISIZ (KİMSE)
RATE,BÜYÜK FARE
RATİB,"SIRAYA KOYAN, TERTİPLEYEN"
RATİBE,ESKİ DİLDE VAZİFE
RATİBE,"MAAŞ, AYLIK"
RATİBE,"SIRAYA KOYAN, TERTİPLEYEN"
RAUF,"ESİRGEYİCİ, MERHAMETLİ"
RAUNT,BOKSTA BÖLÜM
RAUNT,BOKSTA DEVRE
RAUNT,BOKSTA MAÇ BÖLÜMÜ
RAVİ,HADİS NAKLEDEN
RAVİ,RİVAYET EDEN
RAVİ,ÖĞRENDİĞİ HADİSİ RİVAYET EDEN KİMSE ANLAMINDA TERİM
RAY,DEMİR YOLU
RAY,DEMİRYOLU
RAYİHA,GÜZEL KOKU
RAYİÇ,BİR MALIN SATIŞ VE SÜRÜM DEĞERİ
RAYİÇ,MALIN SATIŞ DEĞERİ
RAZ,"ESKİ DİLDE GİZEM, SIR"
RAZ,"SIR, GİZLİ TUTULAN ŞEY"
RAZAKI,BİR ÜZÜM TÜRÜ
RAZAKI,KALINCA KABUKLU ÜZÜM TÜRÜ
RAZI,RIZA GÖSTEREN
RAZI,"RIZA GÖSTEREN, KABUL EDEN"
RAZI,"UYGUN BULAN, BENİMSEYEN"
RAZMOL,İRİ KEPEKLİ UN
RAZİYANE,REZENE BİTKİSİ
RAİ,CEZAYİR MÜZİĞİ
RAİ,"GÖREN, GÖRÜCÜ"
RAİ,GÜRLEMEK
RAİ,ÇOBAN
RAİF,ESKİ DİLDE ACIYAN
RAİF,ESKİ DİLDE MERHAMETLİ
RAİYE,BİR HÜKÜMDARA VERGİ VEREN HALK
RAİŞ,RÜŞVET VERENLE ALAN ARASINDA ARACILIK EDEN
RAİŞ,RÜŞVET VERENLE RÜŞVET ALAN ARASINDA ARACILIK EDEN KİMSE
RAŞE,LAHANANIN İÇİ
RAŞE,"TİTREME, ÜRPERME"
RAŞE,"TİTREYİŞ, ÜRKME"
RAŞE,ÜRKME
RAŞİT,"OLGUN, AKILLI"
RB,RABİDYUM (SİMGE)
RB,RUBİDYUM (SİMGE)
RB,RUBİDYUM SİMGESİ
RB,RUBİDYUM’UN SİMGESİ
RCH,ŞİLİ PLAKASI
RE,BİR NOTA
REA,GÜNEY AMERİKA’DA YAŞAYAN BİR CİNS DEVE KUŞU
REA,SATÜRN’ÜN BİR UYDUSU
REAL,BREZİLYA PARA BİRİMİ
REAL,BREZİLYANIN PARA BİRİMİ
REAL,BREZİLYA’NIN PARA BİRİMİ
REAL,BİR NOTA
REAL,GERÇEK (İNGİLİZCESİ)
REALİST,GERÇEKÇİ
REALİTE,GERÇEKLİK
REAYA,HÜKÜMDAR YÖNETİMİNDEKİ HALK
REAYE,HÜKÜMDAR YÖNETİMİNDEKİ HALK
REBAP,ESKİ BİR TÜRK SAZI
REBAP,GÖVDESİ HİNDİSTAN CEVİZİ KABUĞUNDAN YAPILMIŞ UZUN SAPLI SAZ
RECM,TAŞA TUTARAK ÖLDÜRME
REDİF,"UYAK, KAFİYE"
REDİF,"ŞİİRDE, YEDEK"
REEL,GERÇEK
REEL,"GERÇEK, SAHİCİ"
REF,"KALDIRMA, GİDERME"
REFAH,GÖNENÇ
REFAKAT,EŞLİK ETME
REFERANS,"BELGE, KAYNAK"
REFERANS,TAVSİYE MEKTUBU
REFLÜ,BİR MİDE HASTALIĞI
REFİK,ARKADAŞ
REFİK,"ARKADAŞ, DOST"
REFİKA,"ESKİ DİLDE EŞ, ZEVCE"
REGATA,BİR TÜR YELKENLİ VE MOTORLU YARIŞ TEKNESİ
REGATA,BİR ÇEŞİT YARIŞ TEKNESİ
REGAİP,AMİNE HATUN’UN HAZRETİ MUHAMMED’E HAMİLE KALDIĞI GECE
REGAİP,RECEP AYINDAKİ KANDİL
REGLAN,PELERİNLİ BİR ÇEŞİT PALTO
REHA,"CLUEKURTULUŞ, KURTULMA"
REHA,"KURTULUŞ, KURTULMA"
REHA,‘... ERDEM’ (YÖNETMEN)
REHAVET,VÜCUTTA GÖRÜLEN GEVŞEKLİK
REHAVET,"VÜCUTTA GÖRÜLEN GEVŞEKLİK, TEMBELLİK"
REHİN,TUTU
REHİN,"TUTU, İPOTEK"
REHİNE,TUTAK
REHİNE,TUTSAK
REJİ,ESKİDEN TEKEL İDARESİNE VERİLEN AD
REJİ,TEKEL İDARESİ
REJİM,DİYET
REJİM,"DİYET, PERHİZ"
REJİSÖR,YÖNETMEN
REK,DAMAR (ESKİ DİL)
REKABET,AYNI AMACI GÜDEN KİMSELER ARASINDAKİ ÇEKİŞME
REKABET,"ÇEKİŞME, YARIŞMA"
REKAKET,"DİLDE TUTUKLUK, KEKEMELİK"
REKAKET,KEKEMELİK
REKAKET,"KEKEMELİK, KEKELİK"
REKAT,NAMAZ BÃ¶LÃ¼MÃ¼
REKAT,NAMAZ BÖLÜMÜ
REKAT,"NAMAZDA BİR KIYAM, BİR RÜKÛ VE İKİ SECDEDEN OLUŞAN BÖLÜM"
REKAT,NAMAZDA BİR RÜKU VE İKİ SECDEDEN OLUŞAN BÖLÜM
REKLAM,BİR ŞEYİ HALKA TANITMAK VE BEĞENDİRMEK İÇİN DENENEN HER TÜRLÜ YOL
REKLAM,TANITIM
REKOLTE,BİR YILLIK ÜRÜN
REKOR,BİR SPOR DALINDA ERİŞİLMİŞ DERECELERİN EN ÜSTÜNÜ
REKOR,SPORDA İYİ DERECE
REMEL,ARUZ ÖLÇÜLERİNDEN BİRİ
REMİ,BİR İSKAMBİL OYUNU
REMİL,BİR FAL TÜRÜ
REMİL,KUM FALI
REMİL,"KUMDA BİRTAKIM ÇİZGİLER ÇİZEREK FALA BAKMA, KUM FALI"
REMİZ,"SİMGE, RUMUZ"
REMİZ,"SİMGE, SEMBOL"
REN,AVRUPA'DA BİR NEHİR
REN,AVRUPA’DA BİR IRMAK
REN,BİR TÜR GEYİK
REN,EVCİL BİR TÜR GEYİK
RENAN,ÇINLAYAN
RENANET,YÜKSEK SESLE İNLEME
RENET,MAYHOŞ VE KOKULU BİR TÜR ELMA
RENK,CİSİMLER TARAFINDAN YANSILANAN IŞIĞIN GÖZDE OLUŞTURDUĞU DUYUM
RENK,IŞIĞIN GÖZDEKİ DUYUMU
RENK,MECAZEN NİCELİK
RENO,‘JEAN ...’ (AKTÖR)
RENÇBER,TARIM İŞÇİSİ
REOSTA,ELEKTRİK AKIM AYARLAYICISI
REPLİK,KARŞILAMA SÖZÜ
REPLİKA,SANAT ESERİ KOPYASI
REPO,BANKALAR ARASI İŞLEMLERDE BİR GECELİK FAİZ UYGULAMASI
REPO,HALK DİLİNDE GECELİK FAİZ
RES,HASTALIĞIN BEDENE YERLEŞMESİ
RESEN,KENDİ BAŞINA KENDİLİĞİNDEN
RESEN,"KENDİ BAŞINA, KENDİLİĞİNDEN"
RESEPTÖR,ALMAÇ
RESMİ,KAMUSAL
RESMİ,ÖZEL KARŞITI
RESSAM,RESİM YAPAN SANATÇI
REST,KARŞI ÇIKMA
RESUL,KENDİSİNE KİTAP İNDİRİLMİŞ PEYGAMBER.
RESİF,SU DÜZEYİNDEKİ SIRA KAYALAR
RESİM,FOTOĞRAF
RESİTAL,DİNLETİ
RESİTAL,TEK KİŞİLİK KONSER
RET,GERİ ÇEVİRME
RET,UYGUN BULMAMA
RETORİK,"GÜZEL SÖZ SÖYLEME, HİTABET SANATI"
RETORİK,HİTABET SANATI
RETRİVER,AV KÖPEĞİ CİNSİ
RETİME,BİR ŞEYİ UNUTMAMAK İÇİN PARMAĞA BAĞLANAN İPLİK
RETİME,PARMAĞA BAĞLANAN HATIRLAMA İPİ
RETİNA,AĞ TABAKA
RETİNA,AĞTABAKA
RETİNA,GÖZDE AĞ TABAKA
RETİNA,GÖZDEKİ AĞ TABAKA
REVA,"YAKIŞIR, UYGUN"
REVA,"YAKIŞIR, YERİNDE, UYGUN"
REVANİ,BİR TATLI TÜRÜ
REVANİ,BİR TÜR TATLI
REVANİ,BİR TÜR ŞERBETLİ TATLI
REVANİ,İRMİKLE YAPILAN BİR TATLI
REVANİ,İRMİKLE YAPILAN BİR TATLI TÜRÜ
REVANİ,İRMİKLE YAPILAN TATLI
REVAÇ,SÜRÜM
REVNAK,"ESKİ DİLDE PARLAKLIK, GÖZ ALICILIK"
REVNAK,"PARLAKLIK, GÖZ ALICILIK"
REVÜ,SAHNEDE DANS GÖSTERİSİ
REVÜ,ÇEŞİTLİ DANS VE OYUNLARDAN OLUŞMUŞ SAHNE GÖSTERİSİ
REY,OY
REYHAN,FESLEĞEN
REZE,KAPI MENTEŞESİ
REZE,MENTEŞE
REZEDE,SARI BOYA ÇIKARILAN BİTKİ
REZEDE,"TOHUMLARINDAN KANDİL YAĞI, ÇİÇEKLERİNDEN SARI BOYA ÇIKARILAN OTSU BİR BİTKİ"
REZENE,"-MAYDANOZGİLLERDEN, HEKİMLİKTE GAZ SÖKTÜRÜCÜ OLARAK YARARLANILAN ÇOK YILLIK OTSU BİR BİTKİ"
REZENE,GAZ SÖKTÜRÜCÜ BİR BİTKİ
REZENE,HEKİMLİKTE GAZ SÖKTÜRÜCÜ OLARAK KULLANILAN BİTKİ
REZENE,HEKİMLİKTE GAZ SÖKTÜRÜCÜ OLARAK YARARLANILAN BİTKİ
REZERV,"YEDEK, İHTİYAT"
REÇEL,KAHVALTILIK BİR BESİN
REÇEL,MEYVE TATLISI
REÇEL,MEYVELERİN ŞEKERLE KAYNATILMASIYLA HAZIRLANAN TATLI
REİS,BAŞKAN
REİS,KÜÇÜK GEMİ KAPTANI
RF,RADERFORDİYUMUN SİMGESİ
RF,RUTHERFORDYUM'UN SİMGESİ
RG,RÖNTGENYUM SİMGESİ
RH,HAİTİ PLAKASI
RH,RODYUM (SİMGE)
RH,RODYUM (SİMGESİ)
RH,RODYUM SİMGESİ
RI,ENDONEZYA PLAKASI
RIDVAN,CENNET MUHAFIZI MELEK
RIDVAN,CENNETTEKİ MELEKLERİN BAŞI
RIH,ESKİDEN YAZIDAKİ MÜREKKEBİ KURUTMAK İÇİN DÖKÜLEN ÇOK İNCE VE RENKLİ BİR KUM TÜRÜ
RIH,MÜREKKEP KURUTMA KUMU
RIKA,ARAP HARFLERİNİN EN ÇOK KULLANILAN EL YAZISI BİÇİMİ
RIKA,ARAPÇA EL YAZISI BİÇİMİ
RIZAKOCAOĞLU,RESİMDEKİ OYUNCU
RL,LÜBNAN PLAKASI
RL,LÜBNAN'IN PLAKASI
RM,MADAGASKAR PLAKA İŞARETİ
RM,MADAGASKAR PLAKASI
RMM,MALİ PLAKASI
RN,RADON (SİMGE)
RN,RADON (SİMGESİ)
RN,RADON SİMGESİ
RN,RADON'UN SİMGESİ
RNA,PROTEİN SENTEZİNE YARDIMCI OLAN BİR ASİT TÜRÜ. RİBONÜKLEİK ASİT
RNA,RİBONÜKLEİK ASİT
RNA,RİBONÜKLEİK ASİT (KISALTMA)
RNA,RİBONÜKLEİK ASİT KISALTMASI
RO,ROMANYA PLAKA İŞARETİ
RO,ROMANYA PLAKASI
RO,ROMANYA'NIN PLAKASI
RO,ROMANYA’ NIN PLAKASI
RO,ROMANYA’NIN PLAKA İŞARETİ
ROBOT,OTOMATİK AYGIT
ROBOT,İNSAN BENZERİ OTOMATİK ARAÇ
RODA,DÜZGÜN SARILMIŞ HALAT YUMAĞI
RODA,SARILI HALAT YUMAĞI
ROK,SATRANÇTA ÖZEL BİR HAMLE
ROKA,BAHARATLI BİR BİTKİ
ROKA,KOKULU BİR BİTKİ
ROKA,"TURPGİLLERDEN, YAPRAKLARI SALATA GİBİ YENEN BİR BİTKİ"
ROKET,BİR TÜR FÜZE
ROKETATAR,BAZUKA
ROKFOR,İÇİ ÖZEL KÜFLÜ PEYNİR
ROKOKO,BİR BEZEME ÜSLUBU
ROKOKO,"BİR TÜR SÜSLEME SANATI. 18. YY BAŞINDA FRANSA’DA ÇOK GEÇERLİ OLAN, KAVİSLİ ÇİZGİLERİ BOL, GÖSTERİŞLİ BEZEME ÜSLUBU"
ROL,GERÇEK OLMAYAN DAVRANIŞ
ROL,"GERÇEK OLMAYAN DAVRANIŞ, GÖSTERİŞ"
ROL,OYUNCUNUN YAPTIĞI
ROMA,İTALYA BAŞKENTİ
ROMA,İTALYANIN BAŞKENTİ
ROMA,İTALYA’NIN BAŞKENTİ
ROMA,İTALYA’NIN BAŞKENTİ.
ROMAN,BİR YAZIN
ROMAN,BİR YAZIN TÜRÜ
ROMAN,YAZILI UZUN EDEBİ TÜR
ROP,ÇOĞU TEK PARÇA KADIN GİYSİSİ
ROSTO,PİŞMİŞ DİLİM ET
ROT,DİREKSİYONLA TEKERLEK ARASINDAKİ BAĞLANTIYI SAĞLAYAN DEMİR ÇUBUK
ROT,DİREKSİYONLA TEKERLEĞİN BAĞLANTISINI SAĞLAYAN DEMİR ÇUBUK
ROT,MOTORLU KARA TAŞITLARINDA DİREKSİYON İLE TEKERLEKLER ARASINDAKİ BAĞLANTIYI SAĞLAYAN DEMİR ÇUBUK
ROT,MOTORLU TAŞITLARDA DİREKSİYON İLE TEKERLEK ARASINDAKİ BAĞLANTIYI SAĞLAYAN DEMİR ÇUBUK.
ROT,TEKERLEK BAĞLANTI ÇUBUĞU
ROTA,"BİR GEMİ VEYA UÇAĞIN GİDİŞ YÖNÜ, İZLEYECEĞİ YOL"
ROTA,GEMİ YOLU
ROTA,"GEMİ, UÇAK YOLU"
ROTA,GEMİNİN İZLEDİĞİ YOL
ROTA,UÇAĞIN GİDİŞ YÖNÜ
ROTATİF,BİR TÜR BASKI MAKİNESİ
ROTATİF,SAATTE BİNLERCE ADET BASKI YAPAN BİR BASIM MAKİNESİ
ROZET,YAKADA METAL ARMA
ROZET,"YAKAYA TAKILMAK İÇİN ÇEŞİTLİ BİÇİMLERDE YAPILAN, BİR KURULUŞUN SEMBOLÜ SAYILACAK GENELLİKLE KÜÇÜK METAL NESNE"
ROZET,"YAKAYA TAKILMAK İÇİN ÇEŞİTLİ BİÇİMLERDE YAPILAN, BİR KURULUŞUN SEMBOLÜ SAYILACAK GENELLİKLE KÜÇÜK METAL NESNE."
RP,FİLİPİNLER PLAKASI
RSM,SAN MARİNO PLAKASI
RSM,SAN MARİNO'NUN PLAKASI
RSM,SAN MARİNO’NUN PLAKA
RSM,SAN MARİNO’NUN PLAKASI
RU,"ESKİ DİLDE SURAT, YÜZ"
RU,RUTENYUM (SİMGE)
RU,RUTENYUM SİMGESİ
RU,"YÜZ, SİMA"
RUA,İSKAMBİLDE 'PAPAZ'
RUA,İSKAMBİLDE PAPAZ
RUAM,BİR HAYVAN HASTALIĞI
RUAM,SAKAĞI
RUAM,SAKAĞI DA DENİLEN VE ÖZELLİKLE ATLARDA GÖRÜLEN ÖLÜMCÜL BİR HAYVAN HASTALIĞI
RUAM,SAKAĞI HASTALIĞI
RUBA,"DÖRTTE BİR, ÇEYREK ANLAMINDA ESKİ SÖZCÜK"
RUBA,ESKİ DİLDE GİYSİ
RUBAİ,DÖRDÜL
RUBAİ,DİVAN EDEBİYATINDA DÖRT DİZEDEN OLUŞAN VE BELİRLİ ARUZ KALIPLARI İLE YAZILAN ŞİİR
RUBAİ,DİVAN EDEBİYATINDA ŞİİR
RUBERU,YÜZ YÜZE (ESKİ DİL)
RUBLE,RUSYANIN PARA BİRİMİ
RUBLE,RUSYA’NIN PARA BİRİMİ
RUF,"ÇATI, DAM"
RUGAN,"AYAKKABI, ÇANTA VB. YAPIMINDA KULLANILAN PARLAK DERİ"
RUGAN,"AYAKKABI, ÇANTA YAPIMINDA KULLANILAN PARLAK DERİ"
RUGAN,PARLAK DERİ
RUH,BEDENİN YAŞAMA GÜCÜ
RUH,ESANS
RUH,HAYAT GÜCÜ (FELSEFE)
RUHANİ,RUHLA İLGİLİ
RUHR,ALMANYADA SANAYİ BÖLGESİ
RUHR,ALMANYA’DA SANAYİ BÖLGESİ
RUHSAT,İZİN BELGESİ
RUHİ,‘... SARI’ (AKTÖR)
RUHİYAT,PSİKOLOJİ
RUJ,DUDAK BOYASI
RULET,BİR KUMAR OYUNU
RULET,"PASTACILARIN, TERZİLERİN KULLANDIĞI DİŞLİ, KÜÇÜK DEMİR ÇARK"
RULET,TERZİ ÇARKI
RULO,BİR BOYA GERECİ
RULO,DÜRÜLEN KAĞIT PARÇASI
RULO,DÜRÜLEREK BORU BİÇİM VERİLMİŞ DERİ YA DA KAĞIT TOMAR.
RULO,DÜRÜLEREK BORU BİÇİMİ VERİLMİŞ
RUM,DOĞU ÜLKELERİNDE YAŞAYAN YUNAN ASILLILARA VERİLEN AD
RUM,KURANDA 30. SURE
RUM,KURAN’DA 30. SURE
RUM,YUNAN ASILLI
RUMELİ,OSMANLI İMPARATORLUĞU ZAMANINDA AVRUPA KITASINDA KALAN TOPRAKLARIMIZA VERİLEN AD
RUMELİ,TÜRKİYENİN AVRUPA BÖLÜMÜ
RUMELİ,TÜRKİYE’NİN AVRUPA BÖLÜMÜ
RUMEN,ROMANYA HALKINDAN OLAN KİMSE
RUPİ,ENDONEZYA’NIN PARA BİRİMİ
RUPİ,HİNDİSTANIN PARA BİRİMİ
RUPİ,HİNDİSTAN’IN PARA BİRİMİ
RUS,BİR SLAV HALKI
RUS,DOĞU SLAV HALKI
RUTİN,ALIŞKANLIKLA ELDE EDİLMİŞ BECERİ
RUTİN,SIRADANLIK
RUTİN,YAPILMASI ALIŞKANLIK HALİNE GELMİŞ İŞ
RUZ,ESKİ DİLDE GÜN
RUZ,GÜN (ESKİ DİL)
RUZNAME,ESKİ DİLDE GÜNLÜK
RÖLANS,DÜŞÜNME SÜRESİ İSTEME
RÖLE,"BİR ELEKTRİK DEVRESİNDEKİ AKIMI, BAŞKA BİR DEVREDEN GEÇEN AKIMDAKİ DEĞİŞİKLİKLER ARACILIĞIYLA DENETLEYEN AYGIT. DEĞİŞTİRGEÇ"
RÖLE,DEĞİŞTİRGEÇ
RÖLYEF,KABARTMA
RÖLÖVE,ESKİ BİR YAPITIN KOPYASI
RÖNESANS,AVRUPADA BİLİM VE SANAT ÇIĞIRI
RÖNESANS,AVRUPA’DA BİLİM VE SANAT ÇIĞIRI
RÖNESANS,ON BEŞİNCİ ASIRDA ÖNCE İTALYA’DA BAŞLAYAN SONRA AVRUPA’YA YAYILAN SANAT VE BİLİM
RÖTAR,GECİKME
RÖTUŞ,FOTOĞRAFÇILIKTA DÜZELTME
RÜKU,NAMAZIN ŞARTLARINDAN BİRİ
RÜKU,ÖNE DOĞRU EĞİLME
RÜKÜŞ,GÜLÜNÇ GİYİMLİ SÜSLÜ KADIN
RÜKÜŞ,KÖTÜ GİYİNEN
RÜSUM,VERGİLER
RÜYA,DÜŞ
RÜYA,GECELERİ GÖRÜLEN RÜYA?
RÜŞT,ERGİNLİK
RÜŞTÜ,‘... ASYALI’ (AKTÖR)
RÜŞTİYE,"ERGİNLİKLE İLGİLİ, ERGİNLİĞE AİT"
RÜŞTİYE,"ESKİDEN, ORTAOKUL DERECESİNDE OLAN EĞİTİM KURUMU"
RÜŞTİYE,ORTAOKUL DERECESİNDE OLAN EĞİTİM KURUMU
Rİ,ENDONEZYA’ NIN PLAKASI
Rİ,ENDONEZYA’NIN PLAKASI
RİAL,"İRAN, YEMEN VE UMMAN’IN PARA BİRİMİ"
RİAYET,"SAYMA, İTİBAR ETME"
RİAYET,UYMA
RİAYET,"UYMA, BOYUN EĞME"
RİAYET,İTİBAR ETME
RİBA,ESKİ DİLDE FAİZ
RİBA,FAİZ (ESKİ DİL)
RİBA,FAİZ (ESKİ)
RİBAT,İSLAM MİMARLIĞINDA KARA VE DENİZ SINIRLARININ ÖNEMLİ NOKTALARINDA YER ALAN KORUNAKLI YAPI
RİCA,DİLEYİŞ
RİCA,"DİLEYİŞ, DİLEME, İSTEK"
RİCA,"İSTEK, MURAT"
RİCAL,ERKEKLER
RİCAL,ESKİ DİLDE ERKEKLER
RİCAL,YÜKSEK MAKAMLARDAKİ DEVLET ADAMLARI
RİCHTER,DEPREM ÖLÇÜ BİRİMİ
RİDA,DERVİŞ OMUZ ÖRTÜSÜ
RİE,AKCİĞER
RİEL,KAMBOÇYA PARA BİRİMİ
RİGA,LETONYA'NIN BAŞKENTİ
RİGA,LETONYANIN BAŞKENTİ
RİGA,LETONYA’NIN BAŞKENTİ
RİK,SALYA
RİKA,ARAPÇA EL YAZISI BİÇİMİ
RİKAB,ESKİ DİLDE ÜZENGİ
RİKABDAR,OSMANLILARDA HÜKÜMDARIN ATA BİNERKEN ÜZENGİSİNİ TUTAN KİŞİ
RİKKAT,İNCELİK
RİKKAT,"İNCELİK, NAZİKLİK"
RİM,"MADEN PİSLİĞİ, BALMUMU"
RİM,ROMA'NIN ESKİ ADI
RİM,ROMANIN ESKİ ADI
RİM,ROMA’NIN ESKİ
RİM,ROMA’NIN ESKİ ADI
RİMEL,KİRPİK BOYASI
RİMEL,"KİRPİK BOYASI, MASKARA"
RİMEL,"KİRPİKLERE SÜRÜLEN YAĞLI SÜRME, MASKARA"
RİMİNİ,İTALYA’DA BİR KENT
RİNA,TIRPANA
RİNA,TIRPANA BALIĞI
RİNA,"TIRPANA BALIĞI. YAN KANATLARI VÜCUDUNA YAPIŞIK, UZUN KUYRUKLU, İRİ BİR BALIK"
RİNG,BOKS ALANI
RİNG,BOKS SAHASI
RİNG,ÜZERİNDE BOKS YAPILAN YER
RİNGA,USKUMRU İRİLİĞİNDE BİR BALIK
RİNT,GÖNÜL ER
RİNT,"GÖNÜL ERİ, KALENDER"
RİNT,HOŞGÖRÜSÜ GENİŞ
RİNİT,BURUN İLTİHABI
RİR,CEZAYİR SAHRASINDA VAHALAR DİZİSİ
RİSALE,"KİTAPÇIK, BROŞÜR"
RİSK,RİZİKO
RİSK,ZARARA UĞRAMA TEHLİKESİ
RİTMİK,DİZEMLİ
RİTÜEL,AYİN
RİTİM,"BİR DİZEDE, BİR NOTADA VURGU, UZUNLUK YA DA SES ÖZELLİKLERİNİN, DURAKLARIN DÜZENLİ BİR BİÇİMDE TEKRARLANMASINDAN DOĞAN SES UYGUNLUĞU"
RİTİM,DİZEM
RİTİM,"DİZEM, TARTIM"
RİTİM,MÜZİKTE DİZEM
RİVAYET,SÖYLENTİ
RİYA,İKİ YÜZLÜLÜK
RİYA,İKİYÜZLÜLÜK
RİYAD,SUUDİ ARABİSTAN'IN BAŞKENTİ
RİYAKAR,İKİYÜZLÜ
RİYAL,PESETANIN DÖRTTE BİRİ DEĞERİNDE İSPANYOL PARASI
RİYAL,SUUDİ ARABİSTAN PARA BİRİMİ
RİYALA,OSMANLI DONANMASIN DA AMİRAL
RİYALA,OSMANLI DONANMASIND A AMİRAL
RİYALA,OSMANLI DONANMASINDA AMİRAL
RİYASET,BAŞKANLIK
RİZE,BİR İLİMİZ
RİZE,ÇAYI İLE ÜNLÜ İLİMİZ
RİZİKO,RİSK
RİZİKO,ZARARA UĞRAMA TEHLİKESİ
SA,ESKİ BİR TAHIL AĞIRLIK ÖLÇÜSÜ
SA,ESKİ BİR TAHIL ÖLÇEĞİ
SA,ESKİ BİR TAHIL ÖLÇÜSÜ
SA,NAZİ HÜCUM KITASI
SA,SELAMÜN ALEYKÜM (KISALTMA)
SA,SUUDİ ARABİSTAN'IN PLAKASI
SAADET,MUTLULUK
SAAT,BEREN.....' (AKTRİST)
SAAT,"VAKİT, ZAMAN"
SAAT,ZAMANI GÖSTEREN
SAAT,ZAMANI GÖSTEREN ARAÇ
SAAT,ZAMANI GÖSTERİR
SAATLİ,"SAATİ OLAN, SAATİ BULUNAN"
SABA,GÜN DOĞUSUNDAN ESEN HAFİF VE TATLI RÜZGAR
SABA,SABAH YELİ
SABA,TÜRK MÜZİĞİNDE MAKAM
SABAH,GÜNEŞİN DOĞDUĞU ANDAN ÖĞLEYE KADAR GEÇEN ZAMAN DİLİMİ
SABAH,GÜNÜN İLK BÖLÜMÜ
SABAN,BİR TARIM ARACI
SABIKA,CEZALANDIRILAN SUÇ
SABIKA,GEÇMİŞTE İŞLENMİŞ SUÇ
SABIR,DAYANMA GÜCÜ
SABIR,"DAYANÇ, ÇIDAM"
SABO,GENELLİKLE BİR ÇOK AVRUPA ÜLKESİNDE GİYİLEN TAHTA AYAKKABI
SABO,GENELLİKLE BİRÇOK AVRUPA ÜLKESİNDE GİYİLEN TAHTA AYAKKABI
SABO,TAHTA AYAKKABI
SABOTE,BALTALAMA
SABUH,SABAH VAKTİ İÇİLEN İÇKİ
SABURA,GEMİ SAFRASI
SABİ,KÜÇÜK ÇOCUK
SABİTE,DURAĞAN YILDIZ
SAC,YASSI DEMİR ÇELİK
SAC,YASSI DEMİR ÇELİK ÜRÜNÜ
SACAYAK,"ÜÇGEN DEMİR DESTEK, SACAYAĞ"
SAD,UĞUR
SADAK,"OK KILIFI, OKLUK"
SADAK,OK TORBASI
SADAK,"OK TORBASI, KILIFI"
SADAKA,DİLENCİYE VERİLEN PARA
SADAKA,"FAKİRLERE VERİLEN PARA, MAL"
SADAKA,YARDIM İÇİN VERİLEN ŞEY
SADAKAT,İÇTEN BAĞLILIK
SADE,(KAHVE İÇİN) ŞEKERSİZ
SADE,(KAHVEİÇİN) ŞEKERSİZ
SADE,"SÜSÜ, GÖSTERİŞİ OLMAYAN"
SADE,YALIN
SADE,"YALIN, GÖSTERİŞSİZ"
SADELİK,YALIN OLMA DURUMU
SADET,KONUŞULAN ASIL KONU
SADET,KONUŞULAN KONU
SADIK,SADAKATLİ
SAF,"DİZİ, SIRA"
SAF,"KATIŞIKSIZ, HALİS"
SAFA,"EĞLENCE, NEŞE, ZEVK"
SAFARİ,TOPLU OLARAK AVA ÇIKMA
SAFARİ,TOPLU OLARAK AVLANMAK
SAFRAN,BİR TÜR KOKULU BAHARAT
SAFİNAZ,CEM KARACA’NIN BİR ŞARKISI
SAGU,AĞIT
SAGU,HİNT İRMİĞİ
SAH,DOĞRUDUR İŞARETİ
SAHA,ALAN
SAHA,"MEYDAN, ALAN"
SAHA,OYUN ALANI
SAHABE,HZ MUHAMMED’İN MECLİSİNDE BULUNAN KİMSELER
SAHABE,HZ. PEYGAMBER’İN SOHBETİNE KATILANLAR ANLAMINDA BİR TERİM.
SAHAF,ESKİ KİTAP SATICISI
SAHAN,DERİNLİĞİ AZ OLAN KAP
SAHAN,YUMURTA TAVASI
SAHN,AVLU
SAHNE,OYUNLUK
SAHNE,TİYATRO OYNANAN YER
SAHNE,TİYATRO OYUNLARININ SERGİLENDİĞİ YER?
SAHTE,BİR ŞEYİN ASLINA BENZETİLEREK YAPILAN
SAHTE,DÜZMECE
SAHİ,GERÇEKTEN
SAK,"GÖZÜ AÇIK, UYANIK"
SAK,"UYANIK, GÖZÜ AÇIK"
SAK,UYKUSU HAFİF
SAK,"‘İREM ...’ (AKTRİS, KOMEDYEN)"
SAKA,SU TAŞIYAN KİMSE
SAKA,ÖTÜCÜ BİR KUŞ
SAKAK,ÇENE ALTI.
SAKAL,YANAK VE ÇENEDE ÇIKAN KILLAR
SAKAL,ÇENEDEKİ KILLAR
SAKAMET,"BOZUKLUK, EKSİKLİK"
SAKAMET,"BOZUKLUK, YANLIŞLIK"
SAKAR,DİKKATSİZ
SAKAR,"SIK SIK KÜÇÜK, ÖNEMSİZ KAZALAR YAPAN (KİMSE)"
SAKARYA,BİR İLİMİZ
SAKATAT,HAYVANIN YENEN İÇ ORGANLARI
SAKATAT,HAYVANLARIN ORGANLARI
SAKATAT,HAYVANLARIN YENİLEBİLEN İÇ ORGANLARI
SAKATAT,HAYVANLARIN İÇ ORGANLARI
SAKATAT,KESİLMİŞ HAYVANIN BAZI İÇ ORGANLARI
SAKATAT,KESİLMİŞ HAYVANIN İÇ ORGANLARIYLA BAŞ VE AYAKLARI
SAKIZ,CİKLET
SAKO,PALTO BENZERİ ÜSTLÜK
SAKO,PALTOYA BENZER BİR TÜR ÜSTLÜK
SAKO,PALTOYA BENZER BİR ÜSTLÜK
SAKS,KOYU MAVİ RENK
SAKS,LACİVERDE YAKIN KOYU MAVİ RENK
SAKURA,JAPON KİRAZI
SAKİ,"SU VEREN, SU DAĞITAN"
SAKİ,İÇKİ DAĞITAN KİMSE
SAKİ,İÇKİ SUNANLARA VERİLEN AD
SAKİL,"ÇİRKİN, KABA"
SAKİL,"ÇİRKİN, KABA, UYUMSUZ"
SAKİN,"DURGUN, DİNGİN"
SAL,IRMAK TAŞITI
SAL,TABUT
SAL,İLKEL BİR SU TAŞITI
SAL,İLKEL DENİZ TAŞITI
SAL,"İLKEL IRMAK, DENİZ TAŞITI"
SAL,İLKEL SU TAŞITI
SALA,"CENAZE NAMAZI KILMAK İÇİN VEYA BAYRAM VE CUMA NAMAZINA CEMAATİ ÇAĞIRMAK İÇİN MİNARELERDE OKUNAN DUA, ÇAĞRI EZANI"
SALA,CUMA GÜNÜ OKUNUR
SALA,MİNAREDE OKUNAN SALAVAT
SALACAK,TENEŞİR
SALAH,"DÜZELME, İYİLEŞME"
SALAH,"DÜZELME, İYİLEŞME, İYİLİK"
SALAMURA,TUZLU SUDA BEKLETMEK
SALAMURA,TUZLU SUYUN İÇİNDE BEKLETME
SALAMURA,YİYECEK SAKLANAN TUZLU SU
SALANAGAN,ESMER KÜÇÜK BİR KUŞ
SALANAGAN,"HİNT OKYANUSU VE ÇİN DENİZİ KIYILARINDA YAŞAYAN, ESMER KÜÇÜK BİR KUŞ"
SALANAGAN,HİNT OKYANUSU'NDA YAŞAYAN ESMER KÜÇÜK KUŞ
SALAT,NAMAZ
SALATALIK,HIYAR
SALAŞ,DERME ÇATMA DÜKKAN
SALMA,KUŞ ÜRETME ODASI
SALMA,PİRİNÇLE PİŞİRİLEN BİR TÜR YEMEK
SALMA,PİRİNÇLE PİŞİRİLEN BİR YEMEK
SALT,MUTLAK
SALTA,"ESKİDEN GİYİLEN YAKASIZ, İLİKSİZ, KOLLARI BOLCA BİR TÜR KISA CEKET"
SALTA,KÖPEĞİN AYAKTA DİKİLMESİ
SALÇA,YEMEKLERE LEZZET VE RENK KATMAK İÇİN KONULAN DOMATES VEYA BİBER EZMESİ
SALİHLİ,MANİSA İLÇESİ
SALİM,"ESEN, SAĞLAM"
SALİM,"SAKİN, HUZURLU OLAN"
SALİSE,SANİYENİN ALTMIŞTA BİRİ
SAM,ÇÖLDE ESEN SICAK YEL
SAM,ÇÖLDEN ESEN SICAK RÜZGAR
SAM,‘LEMAN ...’ (ŞARKICI)
SAMAN,"EKİNLERİN HARMANDA DÖVÜLÜP TANELERİ AYRILDIKTAN SONRA KALAN, HAYVANLARA YEDİRİLEN UFALANMIŞ SAPLARI"
SAMAN,ÖĞÜTÜLMÜŞ EKİN SAPI
SAMANİ,SAMAN RENGİ
SAMARYUM,‘SM’ SİMGEL
SAMBA,BREZİLYA DANSI
SAMBA,BİR ÇEŞİT BREZİLYA DANSI
SAMSA,BAKLAVAYA BENZEYEN BİR TÜR HAMUR TATLISI.
SAMSA,BİR HAMUR TATLISI
SAMSA,BİR TÜR HAMUR TATLISI
SAMSUN,102 YIL ÖNCE BUGÜN ATATÜRK'ÜN VAPURLA GİTTİĞİ İLİMİZ
SAMSUN,105 YIL ÖNCE BUGÜN ATATÜRK'ÜN VAPURLA GİTTİĞİ İLİMİZ
SAMSUN,BİR İLİMİZ
SAMİMİ,"İÇTEN, CANDAN"
SAMİMİ,"İÇTEN, İÇTENLİKLE"
SAMİMİYETLE,İÇTENLİKLE
SAN,"AD, UNVAN"
SAN,UNVAN
SAN,"UNVAN, TİTR"
SAN,"ÜN, ŞÖHRET"
SAN,ÜNVAN
SANA,YEMEN BAŞKENTİ
SANAL,"MEVHUM, FARAZİ"
SANAL,ZİHİNDE TASARLANAN
SANAYİ,ENDÜSTRİ
SANAYİ,"ENDÜSTRİ, URAN"
SANCAK,"BAYRAK, BUNUN TEMSİL ETTİĞİ ASKERÎ BİRLİK VE İDARÎ BÖLGE İÇİN KULLANILAN BİR TERİM"
SANEM,"PUT, TOTEM"
SANEM,‘... ÇELİK’ (AKTRİS
SANEM,‘... ÇELİK’ (AKTRİS)
SANEMÇELİK,RESİMDEKİ OYUNCU
SANI,"ZANNETME, ZEHAP"
SANKİ,"FARZ EDELİM Kİ, GÜYA"
SANMA,ZANNETME
SANRI,HALÜSİNASYON
SANTRA,BAŞLAMA NOKTASI
SANTRA,"ORTA, MERKEZ"
SANTİM,BİR BİRİMİN 100'DE BİRİ
SANİYE,BİR ZAMAN BİRİMİ
SANİYE,DAKİKANIN ALTMIŞTA BİRİ
SAPA,GİDİLEN YOL ÜZERİNDE OLMAYAN
SAPA,MERKEZDEN UZAK
SAPAN,TAŞ ATMA ARACI
SAPARTA,"PAYLAMA, AZARLAMA"
SAR,"ESKİ DİLDE İNTİKAM, ÖÇ"
SARA,EPİLEPSİ
SARA,YİLBİK
SARA,"YİLBİK, EPİLEPSİ"
SARAKA,"ALAY, İSTİHZA"
SARAKA,ARGODA ALAY
SARAKA,"ARGODA ALAY, İSTİHZA"
SARAKA,"ARGO’DA ALAY, İSTİHZA"
SARAKACI,"ALAYCI, MÜSTEHZİ"
SARAKACI,SARAKA YAPAN
SARAT,BÜYÜK DELİKLİ KALBUR
SARAT,İRİ DELİKLİ KALBUR
SARAY,TEKİRDAĞ İLÇESİ
SARAY,VAN İLÇESİ
SARAYKÖY,DENİZLİ İLÇESİ
SARAYKÖY,DENİZLİ'NİN BİR İLÇESİ
SARE,SUSUZLUK
SARF,"HARCAMA, TÜKETME"
SARI,BİR RENK
SARICA,HALK ARASINDA YABAN ARISINA VERİLEN AD
SARICA,HALK DİLİNDE YABAN ARISI
SARIKAYA,YOZGAT İLÇESİ
SARIVELİLER,KARAMAN'IN BİR İLÇESİ
SARIYER,İSTANBUL İLÇESİ
SARIÇAM,ADANA İLÇESİ
SARMA,ÜZÜM YAPRAĞINI İFTAR SOFRASINA GETİREN LEZZET
SARPA,BİR AKDENİZ BALIĞI
SARRAF,KUYUMCU
SARS,GİZEMLİ ZATÜRREE
SARİ,"BAŞKASINA GEÇEN, GEÇİCİ"
SARİ,"BULAŞICI, GEÇİCİ"
SARİ,HİNT KADINLARINA ÖZGÜ GİYSİ
SARİG,KESELİ SIÇAN
SAS,KÜF VE ÇÜRÜK GİBİ KOKAN
SAS,SU ALTI KOMANDOSU
SASI,KOKUŞMUŞ
SASI,TATSIZ TUZSUZ YİYECEKLER İÇİN KULLANILAN SÖZ
SASON,BATMAN İLÇESİ
SASON,BATMAN'IN BİR İLÇESİ
SAT,SUALTI TAARRUZ TİMİ
SATEN,ATLAS
SATEN,PARLAK BİR TÜR KUMAŞ
SATEN,"PARLAK, PAMUKLU KUMAŞ"
SATRANÇ,BİR ZEKA OYUNU
SATVET,ZORLU VE EZİCİ GÜÇ
SATİR,YERGİ
SATİR,"YERGİ, MİZAH"
SAUNA,BUHARLI HAMAM
SAUNA,FİN HAMAMI
SAUNA,KURU BUHAR BANYOSU
SAV,"ESKİ TÜRKLERDE ATASÖZÜ, TEZ"
SAV,İDDİA
SAV,"İDDİA, DAVA"
SAV,"İDDİA, TEZ"
SAVA,MUŞTU
SAVA,"MUŞTU, MÜJDE"
SAVA,MÜJDELİ HABER
SAVAK,BARAJDA TAHLİYE DÜZENEĞİ
SAVAK,DEĞİRMEN SUYUNU BAŞKA YÖNE AKITMAK İÇİN YAPILAN DÜZEN
SAVAK,SUYU BAŞKA YÖNE AKITMAYA YARAR DÜZENEK
SAVANA,EKVATOR KUŞAĞINDAKİ ÇAYIRLAR
SAVANA,EKVATOR ÇAYIRLIĞI
SAY,ÇALIŞMA
SAY,"ÇALIŞMA, EMEK"
SAY,‘FAZIL ...’ (PİYANİST)
SAYA,AYAKKABININ YUMUŞAK OLAN ÜST BÖLÜMÜ
SAYAN,‘SEDA ...’ (ŞARKICI)
SAYE,GÖLGE
SAYEBAN,GÖLGELİK
SAZ,BİR MÜZİK ARACI
SAZ,ÇALGI
SAZ,İNCE KAMIŞ
SAZAK,"BATAKLIK, SAZLIK"
SAZAK,KUVVETLİ ESEN RÜZGAR
SAZAN,BİR TATLISU BALIĞI
SAÇMA,SERPME
SAÇMA,"YERSİZ, TUTARSIZ SÖZ"
SAÇULA,DÖKÜMCÜ KALIBI
SAİ,CLUE
SAİ,"ESKİ DİLDE HABERCİ, ULAK"
SAİ,"ÇALIŞAN, GAYRET EDEN"
SAİD,SEVAP KAZANMIŞ OLAN
SAİK,GÜDÜ
SAİK,SEBEP
SAİKA,YILDIRIM
SAİM,"ORUÇ TUTAN, ORUÇLU"
SAİM,"ORUÇ TUTAN, ORUÇLU ANLAMINA GELEN KELİME"
SAİM,"ORUÇLU, ORUÇ TUTAN"
SAİR,"BAŞKA, DİĞER"
SAİR,"BAŞKA, DİĞERİ"
SAİR,"BAŞKA, ÖTEKİ, DİĞER"
SAİR,OZAN
SB,ANTİMON (SİMGESİ)
SB,ANTİMON SİMGESİ
SB,ANTİMON’UN SİMGESİ
SC,SKANDİYUM (SİMGE)
SC,SKANDİYUM SİMGESİ
SC,SKANDİYUM'UN SİMGESİ
SE,SELENYUM (SİMGE)
SE,SELENYUM (SİMGESİ)
SE,TAVLADA 'ÜÇ'
SE,TAVLADA ÜÇ SAYISI
SE,TAVLADA ‘ÜÇ’
SE,TAVLADA ‘ÜÇ’ SAYISI
SE,TAVLADA‘ÜÇ’
SEAN,‘... PENN’ (AKTÖR)
SEANS,"SİNEMA, TİYATRODA GÖSTERİM"
SEB,YEDİ (ESKİ DİL)
SEBEN,BOLU'NUN BİR İLÇESİ
SEBZE,GENELLİKLE PİŞİRİLEREK YENEN BİTKİLER VEYA BUNLARIN TANELERİ
SEBİL,HAYIR İÇİN DAĞITILAN SU
SEBİL,MEYAN KÖKÜ ŞERBETİNİ BİR HAYIR İÇİN DAĞITMA
SECCADE,NAMAZLIK
SEDA,SES
SEDA,‘... AKMAN’ (AKTRİS)
SEDEF,BİR DERİ HASTALIĞI
SEDİR,ANTALYA İLÇESİ
SEDİR,DİVAN
SEDİR,"KEREVET, DİVAN"
SEFA,GÖNÜL RAHATLIĞI
SEFARAD,İSPANYA KÖKENLİ YAHUDİ
SEFER,"KEZ, DEFA"
SEFER,"KEZ, YOL, DEFA"
SEFERİ,YOLCULUKLA İLGİLİ
SEFERİHİSAR,İZMİR'İN BİR İLÇESİ
SEHER,SABAHIN GÜNEŞ DOĞMADAN ÖNCEKİ ZAMANI
SEHER,TAN VAKTİ
SEKANS,FİLMİN KURGU PLANI
SEKANS,FİLMİN KURGUSU AÇISINDAN BİR BÜTÜN OLUŞTURAN PLAN DİZİSİ
SEKANT,"MATEMATİKTE, KESEN DOĞRU"
SEKENE,"BİR YERDE OTURANLAR, SAKİNLER"
SEKENE,SAKİNLER
SEKOYA,BİR ORMAN AĞACI
SEKR,SARHOŞLUK
SEKSEK,BİR ÇOCUK OYUNU
SEKİ,AT AYAĞINDAKİ BEYAZLIK
SEKİ,DOĞAL SET
SEKİ,"EVLERİN ÖNÜNE YAPILAN SET, OTURMA YERİ"
SEKİ,OTURMAK İÇİN EVLERİN ÖNÜNE TAŞ VE ÇAMURDAN YAPILAN SET
SEKİ,OTURMAK İÇİN EVLERİN ÖNÜNE TAŞ VE ÇAMURDAN YAPILAN SET.
SEKİ,OTURULACAK SET
SEL,SU TAŞKINI
SEL,TAŞKIN AKAN SU
SELAM,ESENLEME
SELAM,ESENLİK DİLEMEK
SELAM,NAMAZIN SONUNDA VERİLİR
SELAMET,"ESEN OLMA DURUMU, ESENLİK"
SELAMET,ESENLİK
SELE,YAYVAN SEPET
SELEF,HALEF KARŞITI
SELEN,"SES, HABER, BİLGİ"
SELFİ,ÖZÇEKİM
SELİKA,GÜZEL SÖYLEME VE YAZMA YETENEĞİ
SELİKA,GÜZEL YAZMA YETENEĞİ
SELİM,KARS İLÇESİ
SELİNIŞIK,RESİMDEKİ OYUNCU
SELİNTİ,YAĞIŞ SEBEBİYLE OLUŞAN UFAK SEL
SEM,"AĞI, ZEHİR"
SEM,ZEHİR
SEMA,"GÖK, GÖKYÜZÜ"
SEMA,GÖKYÜZÜ
SEMAİ,KLASİK TÜRK MÜZİĞİNDE İKİ BASİT USULDEN BİRİ
SEMAİ,İŞİTİLMEKLE ÖĞRENİLEN
SEMBOL,SİMGE
SEME,SERSEM
SEME,"SERSEM, AHMAK"
SEME,"SERSEM, AHMAK, ALIK"
SEMER,EŞEK BİNMELİĞİ
SEMERE,İSTENİLEN SONUÇ
SEMERE,"İSTENİLEN SONUÇ, VERİM"
SEMPATİ,SICAKKANLILIK
SEMİ,HER ŞEYİ İŞİTEN
SEMİ,"İŞİTEN, İŞİTME"
SEMİ,İŞİTME
SEN,AVRUPA'DA NEHİR
SEN,"AĞRI, ZEHİR"
SEN,TEKLİK İKİNCİ KİŞİYİ GÖSTEREN SÖZ
SEN,TEKİL 2.KİŞİ
SEN,TEKİL 2.KİŞİ ZAMİRİ
SENA,ÖVME
SENA,"ÖVME, ÖVGÜ"
SENARİST,SENARYO YAZAN
SENARİST,SENARYO YAZARI
SENARİST,SENARYOCU
SENATÖR,SENATO ÜYESİ
SENE,YIL
SENEGAL,AFRİKA’DA BİR ÜLKE.
SENELİK,YILLIK
SENET,BELGİT
SENET,RESMİ BORÇ KAĞIDI
SENEVİ,YILLIK
SENEVİ,"YILLIK, SENELİK"
SENKRON,EŞ ZAMAN
SENKRONİK,EŞ ZAMANLI
SENİT,HAMUR TAHTASI
SEO,DİJİTAL GAZETECİLİK TERİMİ
SEPİ,DERİ İŞLEME
SER,"BAŞ, KAFA"
SER,"BAŞKAN, REİS"
SERA,LİMONLUK
SERA,"LİMONLUK, SER"
SERAP,"ILGIN, PUSARIK"
SERAP,PUSARIK
SERAPA,BAŞTAN BAŞA
SERAYKAYA,RESİMDEKİ OYUNCU
SERBAZ,"CESUR, KORKUSUZ"
SERDAR,'...ORTAÇ' (ŞARKICI)
SERDAR,......ORTAÇ' (ŞARKICI)
SERDAR,OSMANLILARDA BAŞKOMUTAN
SERDARORTAÇ,RESİMDEKİ ŞARKICI
SERDARYEĞİN,RESİMDEKİ OYUNCU
SEREMONİ,TÖREN
SERENAY,‘... SARIKAYA’ (AKTRİS)
SERGİ,"YAYGI, KİLİM"
SERKANKESKİN,RESİMDEKİ OYUNCU
SERPME,BALIK TUTMA AĞI
SERPİL,"SERPİLMİŞ, GELİŞMİŞ"
SERT,KATI
SERT,"PEK, KATI"
SERTAB,‘... ERENER’ (ŞARKICI)
SERTİFİKA,ÖĞRENİM BELGESİ
SERVİ,"AKDENİZ BÖLGESİNDE ÇOK YETİŞEN BİR AĞAÇ, SELVİ"
SERVİ,"AKDENİZ BÖLGESİNDE ÇOK YETİŞEN BİR AĞAÇ, SELVİ."
SERİ,HIZLI
SERİK,ANTALYA İLÇESİ
SERİM,ROMANDA GİRİŞ BÖLÜMÜ
SERİM,‘TUNA ...’ (YAZAR)
SERİN,AZ SOĞUK HAVA
SES,KULAĞIN DUYABİLDİĞİ TİTREŞİM
SES,KULAĞIN DUYDUĞU
SES,TAVLADA ‘ALTI'
SET,BULUNULAN YERDEN DAHA YÜKSEKTE KALAN DÜZLÜK
SET,"TAKIM, GRUP"
SET,TENİSTE MAÇ BÖLÜMÜ
SET,VOLEYBOLDA DEVRE
SET,VOLEYBOLDA MAÇ BÖLÜMÜ
SETER,UZUN TÜYLÜ İNGİLİZ AV KÖPEĞİ
SETER,UZUN TÜYLÜ İNGİLİZ KÖPEĞİ
SETRE,ÖNÜ İLİKLİ CEKET
SEVİ,AŞK
SEVİ,"AŞK, AMOR"
SEVİNÇERBULAK,RESİMDEKİ OYUNCU
SEVİYELİ,DÜZEYLİ
SEYYAR,GEZEREK İŞ GÖREN
SEYYARE,GEZEGEN
SEYYİAT,DİN BAKIMINDAN KÖTÜLÜKLER
SEYİS,AT BAKICISI
SEZA,"UYGUN, YARAŞIR"
SEZER,‘ŞERİF ...’ (AKTRİS)
SEZÜ,MANTAR MEŞESİ
SF,FİNLANDİYA PLAKASI
SF,FİNLANDİYA’NIN PLAKA İŞARETİ
SFENKS,ESKİ MISIR'DA HEYKEL TÜRÜ
SHAKESPEARE,"""ROMEO VE JULİET"" ESERİNİN YAZARI"
SIDK,İÇTEN BAĞLILIK
SIK,SEYREK KARŞITI
SIK,"SEÇENEK, ALTERNATİF"
SIK,‘SEYREK’ KARŞITI
SIKI,DAR
SIKI,"DAR, YOĞUN"
SIKI,GEVŞEK OLMAYAN
SILA,GURBETTE ÖZLENİLEN YER
SILA,MEMLEKET
SILA,ÜNLÜ BİR ŞARKICI
SINAV,İMTİHAN
SIPA,EŞEK YAVRUSU
SIR,GİZ
SIR,GİZLİ TUTULAN ŞEY
SIRA,DİZİ
SIRA,TAHTADAN OTURAK
SIRF,YALNIZCA
SIRMA,RÜTBE GÖSTEREN İŞARET
SIRMA,İŞLEMEDE KULLANILAN ALTIN SUYUNA BATIRILMIŞ İNCE GÜMÜŞ TEL
SIĞ,"DERİNLİĞİ AZ, DİBİ YÜZEYİNE YAKIN OLAN (GÖL, DENİZ, AKARSU VB.)"
SK,NAZİ POLİS ÖRGÜTÜ
SK,SLOVAKYA PLAKASI
SK,SLOVAKYA’NIN PLAKA İŞARETİ
SK,SPOR KULÜBÜ (KISACA)
SKA,ALTMIŞLI YILLARIN BAŞLARINDA DOĞAN BİR JAMAİKA MÜZİĞİ
SKALA,BİR MÜZİK YAPITINDA KULLANILMAYA ELVERİŞLİ TÜM SESLERİN OLUŞTURDUĞU DİZİ
SKALA,ÇEŞİTLİLİK
SKALA,ÇİZELGE
SKAVUT,HIZLI KEŞİF GEMİSİ
SKAVUT,ÇOK HIZLI GİDEBİLEN BİR TÜR KEŞİF GEMİSİ
SKEET,ATICILIK SPORUNDA BİR DAL
SKEÇ,"DAHA ÇOK RADYO İLE YAYIMLANMAK İÇİN HAZIRLANMIŞ, GENELLİKLE GÜLDÜRÜ NİTELİĞİNDE KISA OYUN"
SKEÇ,GÜLDÜRÜCÜ KISA OYUN
SKOR,DURUM YADA SONUÇ
SKOR,MAÇIN SONUCU
SKOR,SONUÇ
SKİ,KAYAK
SKİF,ÇOK DAR YARIŞ KAYIĞI
SKİF,İÇİNE YALNIZ KÜREK ÇEKENİN GİREBİLDİĞİ UZUN VE DAR YARIŞ KAYIĞI
SKİNK,ÇÖL SÜRÜNGENİ
SLALOM,KAYAK SPORUNDA BİR YARIŞ DALI
SLALOM,KAYAKTA BİR YARIŞMA DALI
SLALOM,KAYAKTA BİR İNİŞ YARIŞI
SLAV,AVRUPADA BİR IRK
SLAV,AVRUPA’DA BİR IRK
SLAV,"RUS, LEH, SIRP, HIRVAT, BULGAR VE ÇEK HALKLARINA DİLLERİNDEKİ YAKINLIK DOLAYISIYLA VERİLEN AD"
SLAYT,BİR YÜZEL ÜZERİNE ALINMIŞ POZİTİF GÖRÜNTÜ
SLAYT,"DİYAPOZİTİF, SAYDAM"
SLAYT,POZİTİF FOTOĞRAF
SLO,SLOVENYA PLAKASI
SLOGAN,KISA VE ÇARPICI SÖZ
SLİP,KREDİ KARTLI ALIŞVERİŞLERDE ÖDEMENİN DAHA SONRA DENETLENMESİ İÇİN VERİLEN FİŞ
SLİP,ÖDEME BELGESİ
SM,SAMARYUM
SM,SAMARYUM (SİMGE)
SM,SAMARYUM SİMGESİ
SM,SAMARYUMUN SİMGESİ
SM,SLOVAKYA PLAKASI
SMAÇ,VOLEYBOLDA BİR VURUŞ
SMAÇ,VOLEYBOLDA BİR VURUŞ TÜRÜ
SMAÇ,VOLEYBOLDA YUKARIDAN AŞAĞIYA TOPU SERTÇE YERE VURMAK
SMAÇ,"VOLEYBOLDA, KÜT"
SME,SURİNAM PLAKASI
SME,SURİNAMIN PLAKASI
SME,SURİNAM’IN PLAKASI
SMOG,HAVA KİRLİLİĞİ DUMANI
SMOKİN,"GECE ZİYAFETLERİNDE, GALALARDA VE GECE EĞLENCELERİNDE ERKEKLERİN GİYDİKLERİ, ÖNÜ AÇIK, CEKETİ DAHA ÇOK ATLAS YAKALI TAKIM ELBİSE"
SMOKİN,RESMİ ERKEK GİYECEĞİ
SMOKİN,"ÖZEL GÜNLERDE ERKEKLERİN GİYDİĞİ ÖNÜ AÇIK, CEKETİ GENELLİKLE İPEK YAKALI TAKIM GİYSİ."
SMS,LANTAN SİMGESİ
SMS,TELEFONDA KISA MESAJ
SN,KALAY (SİMGE)
SN,KALAY (SİMGESİ)
SN,KALAY SİMGESİ
SN,KALAYIN SİMGESİ
SNOP,ZÜPPE
SO,SOMALİ PLAKASI
SOBA,BİR ISINMA ARACI
SOBA,ISITMA ARACI
SODA,BİLLÛRLAŞMIŞ SODYUM KARBONAT
SODA,MİNERALLİ SU
SOF,ASTARLIK BİR KUMAŞ TÜRÜ
SOF,HAM İPEKTEN ASTARLIK KUMAŞ
SOFRA,YEMEK YENEN MASA
SOFRA,YEMEK YENEN MASA?
SOFU,MEDRESE ÖĞRENCİSİ
SOFİ,TASAVVUF EHLİ
SOKET,KISA ÇORAP
SOKU,TAŞ DİBEK
SOL,BİR NOTA
SOL,SAĞ KARŞITI
SOLAK,SOL ELİNİ KULLANAN
SOLO,TEK KİŞİLİK KONSER
SOM,KAPLAMA OLMAYAN
SOM,KIRGIZİSTAN PARA BİRİMİ
SOM,"MASİF, İÇİ DOLU OLAN"
SOM,"İÇİ DOLU OLAN VE DIŞI KAPLAMA OLMAYAN, MASİF."
SOMA,HİNT MİTOLOJİSİNDE AYİN İÇKİSİNİN ELDE EDİLDİĞİ BİTKİYİ KUTSALLAŞTIRMA
SOMA,MANİSA İLÇESİ
SOMAKİ,BİR MERMER TÜRÜ
SOMATA,BADEM ŞERBETİ
SOMATA,BADEMDEN YAPILAN BİR ŞERBET
SOMON,BİR TÜR BALIK
SOMONİ,TACİKİSTAN PARA BİRİMİ
SON,EN ARKADA BULUNAN
SON,"UÇ, SINIR"
SON,‘İLK’ KARŞITI
SONAR,BATIKLARI BULAN SİSTEM
SONAR,"BATMIŞ OLAN NESNENİN, YÜZEYE YAKIN BALIKLARIN YERİNİ VE DURUMUNU YANSILANAN SES DALGALARIYLA BELİRLEYEN SİSTEM"
SONAR,DENİZALTINDA DİNLEME AYGITI
SONDA,DİP TABAKALARI İNCELEME ARACI
SONDA,TOPRAĞA SOKULAN BÜYÜK BURGU
SONGÜLÖDEN,RESİMDEKİ OYUNCU
SORMACA,ANKET
SORU,SUAL
SOS,YARDIM ÇAĞRISI
SOSYAL,TOPLUMSAL
SOSİS,BİR TÜR SUCUK
SOSİS,"KIYILMIŞ, BAHARAT KATILMIŞ ETLE, TÜTSÜLEME VE PİŞİRME GİBİ İŞLEMLERDEN SONRA YAPILAN BİR TÜR SUCUK"
SOTA,ARGODA GİZLİ YER
SOTE,BİR ET YEMEĞİ
SOTE,BİR TÜR ET YEMEĞİ
SOY,BİR ATADAN GELEN KİMSELER
SOY,BİR ATADAN GELEN KİMSELERİN TOPLULUĞU
SOY,"KÖKEN, SÜLALE"
SOYA,BİR TÜR FASULYE
SOYADI,"AİLE ADI, SOY İSMİ"
SOYADI,"AİLE ADI, SOY İSİM"
SPA,BELÇİKA’DA BİR KENT
SPAM,İSTENİLMEYEN E-POSTA
SPASTİK,BEYİN ZEDELENMESİ YÜZÜNDEN KASLARI KASILMIŞ KİMSE
SPATULA,KÜÇÜK MALA
SPAZM,KALP KASI KASILMASI
SPESİFİK,"BİR TÜRÜN, BİR OLAYIN KARAKTERİSTİK YÖNÜNÜ VEREN"
SPESİFİK,ÖZELLİKLİ
SPOR,BAZI KURALLARA GÖRE UYGULANAN BEDEN HAREKETLERİNİN TÜMÜ
SPOR,BİTKİLERDE ÜREME ORGANI
SPOR,"KULLANIŞI RAHAT, KOLAY OLAN"
SPOT,AKILDA KALICI TANITIM SÖZÜ
SPOT,BELLİ BİR ALANA VERİLEN ÇOK GÜÇLÜ IŞIK
SPOT,STÜDYO LAMBASI
SPRİNT,ATLETİZMDE ATAK
SPİL,MANİSA’DA BİR DAĞ
SPİRAL,GEBELİĞİ ÖNLEYİCİ ARAÇ
SPİRAL,SARMAL BİÇİMDE OLAN
SR,STRONSİYUM (SİMGE)
SR,STRONSİYUM SİMGESİ
SR,STRONSİYUM’ UN SİMGESİ
SR,STRONSİYUM’UN SİMGESİ
SRİLANKA,ESKİ ADI SEYLAN OLAN ÜLKE
SRİLANKA,SEYLAN’IN ESKİ ADI
SS,NAZİ PARTİSİNİN ASKERİ POLİS ÖRGÜTÜNÜ SİMGELEYEN HARFLER
SS,NAZİ POLİS ÖRGÜTÜ
STABİL,"KARARLI, DEĞİŞMEZ"
STAD,STADYUM
STAJ,HERHANGİ BİR MESLEK EDİNECEK OLAN KİMSENİN GEÇİRDİĞİ UYGULAMALI ÖĞRENME DÖNEMİ
STAJ,UYGULAMALI ÖĞRENME
STANDART,TEK BİÇİM
STANDART,ÖRNEK VEYA TEMEL OLARAK ALINAN TEK BİÇİM
STANT,AT YARIŞLARINDA SEYİRCİ TRİBÜNÜ
STANT,SERGİLİK
STAR,MÜZİKHOL YILDIZI
STAR,SİNEMA OYUNCUSU
STAR,"SİNEMA, TİYATRO YA DA MÜZİKHOL SANATÇISI, YILDIZ."
STAR,YILDIZ
START,SPORDA ÇIKIŞ
START,YARIŞA BAŞLAMA ÇİZGİSİ
STARTER,START HAKEMİ
STARTER,ÇIKIŞ HAKEMİ
STAT,FUTBOL SAHASI
STAT,STADYUM
STATÜ,TÜZÜK
STATÜKO,SÜREGELEN DURUM
STATİK,DURUK
STATİK,"GELİŞME, İLERLEME GÖSTERMEYEN"
STATİK,"HAREKETİ OLMAYAN, DURUK"
STEN,BİR TÜR MAKİNELİ TÜFEK
STEN,"DOKUZ MİLİMETRE ÇAPINDA, İNGİLİZ YAPISI, HAFİF, KULLANIŞI KOLAY BİR TÜR MAKİNELİ TÜFEK"
STENO,HIZLI YAZMA YÖNTEMİ
STENO,KISA VE YALIN İŞARETLERDEN OLUŞAN BİR YAZI YÖNTEMİNİN KISA YAZILIŞI
STENO,KISA VE YALIN İŞARETLERDEN OLUŞAN YAZI YÖNTEMİ
STENO,STENOGRAFİ
STENO,STENOGRAFİ (KISALTMA)
STENO,"SÖYLENEN SÖZLERİ SÖYLENDİĞİ KADAR ÇABUK YAZMAYA ELVERİŞLİ, KISA VE YALIN İŞARETLERDEN OLUŞAN YAZI YÖNTEMİ."
STENO,İŞARETLERDEN OLUŞAN YAZI YÖNTEMİ
STENÖK,ANCAK BELİRLİ HAYAT ŞARTLARINDA YAŞAYABİLEN
STENÖK,BELİRLİ HAYAT ŞARTLARINDA YAŞAYAN
STEP,BOZKIR
STEPNE,MOTORLU TAŞITLARDA YEDEK OLARAK BULUNDURULAN TEKERLEK
STEPNE,YEDEK TEKERLEK
STEPS,BASKETBOLDA HATALI YÜRÜME
STER,BİR HACİM ÖLÇÜSÜ BİRİMİ
STER,YAKACAK ODUN ÖLÇÜ BİRİMİ
STERLİN,YÜZ PENİDEN OLUŞAN İNGİLİZ PARA BİRİMİ
STERLİN,İNGİLİZ PARA BİRİMİ
STERİL,"ARINIK, KISIR"
STERİL,HER TÜR MİKROPTAN ARINMIŞ
STERİL,MİKROPSUZ
STERİLİZE,KISIRLAŞTIRILMIŞ
STERİLİZE,MİKROPTAN ARINMIŞ
STOK,YIĞILIM
STOPAJ,VERGİDE ÖN KESİNTİ
STOR,AÇILIR KAPANIR PERDE
STOR,AĞAÇ VEYA KUMAŞTAN YAPILMIŞ BİR KANAL İÇİNDE HAREKET EDEREK AÇILIP KAPANAN PERDE
STRATEJİ,ÖNCEDEN BELİRLENEN BİR AMACA ULAŞMAK İÇİN TUTULAN YOL
STRATEJİ,İZLEM
STRATUS,"GRİ RENKLİ, SİSE BENZEYEN FAKAT YERE KADAR İNMEYEN BULUT TABAKASI, KATMANBULUT"
STRATUS,KATMANBULUT
STRES,RUHSAL GERİLİM
STREÇ,ESNEK
STÜDYO,TEK ODALI DAİRE
STİL,TARZ
STİL,"ÜSLUP, TARZ"
STİLO,DOLMA KALEM
STİLİST,GİYİMÇİZER
STİLİST,MODA DESİNATÖRÜ
SU,BAŞLICA İÇECEĞİMİZ
SU,KENAR SÜSÜ. MENDİL VE PEÇETELERDE KENARA YAPILAN İŞLEME
SU,TEMEL İÇECEK
SUAL,SORU
SUARE,SİNEMADA GECE GÖSTERİMİ
SUDOKU,BİR AKIL OYUNU
SUDOKU,RAKAM MANTIK BULMACASI
SULAMA,BİTKİYE SU VERME
SULH,BARIŞ
SULTANBEYLİ,İSTANBUL'UN BİR İLÇESİ
SUMO,JAPON GÜREŞİ
SUNA,ERKEK ÖRDEK
SUNA,GÖL ÖRDEĞİ
SUNU,TAKDİM
SUNİ,YAPAY
SUP,"ÇİKOLATA İLE YAPILAN BİR ÇEŞİT TATLI, SUPANGLE"
SUP,ÇİKOLATA İLE YAPILAN BİR ÇEŞİT TATLI.
SUP,ÇİKOLATALI BİR TATLI
SUPARA,"ESKİ OKUMA KİTABI, ALFABE"
SUR,DİYARBAKIR İLÇESİ
SUR,KALE DUVARI
SURA,İNCE İPEKLİ KUMAŞ
SURET,"GÖRÜNÜŞ, BİÇİM"
SURETA,GÖRÜNÜŞE GÖRE
SURETA,"GÖRÜNÜŞE GÖRE, GÖRÜNÜŞTE"
SURETA,"GÖRÜNÜŞTE, YALANDAN"
SUSAK,SU KABAĞINDAN MAŞRAPA
SUSTA,EMNİYET YAYI
SUSTA,KÖPEĞİN ARKA AYAKLARI ÜZERİNDE DURMASI
SUZİNAK,TÜRK MÜZİĞİNDE MAKAM
SUİKAST,GİZLİCE CANA KIYMA
SUŞİ,BİR JAPON YEMEĞİ
SYR,SURİYE PLAKASI
SYR,SURİYE’NİN PLAKASI
SÖBE,"OVAL, BEYZİ"
SÖKE,AYDIN İLÇESİ
SÖR,İNGİLİZ SOYLULUK UNVANI
SÖVE,"KAPI, PENCERE KASASI"
SÖZ,"KELAM, LAF"
SÜET,HAVLI BİR TÜR DERİ
SÜHEYL,PARLAK BİR YILDIZ
SÜKSE,GÖSTERİŞ
SÜKSE,"GÖSTERİŞ, İLGİ ÇEKECEK DURUM"
SÜKUT,"SUSMA, KONUŞMAMA"
SÜNE,EKİN ZARARLISI BÖCEK
SÜNE,EKİNLERE ZARARLI BİR BÖCEK
SÜNEPE,KILIKSIZ VE UYUŞUK KİMSE
SÜNNET,"PEYGAMBERİN ADET, SÖZ VE HAREKETLERİ"
SÜRAHİ,BİR SU KABI
SÜRELİ,PERİYODİK
SÜT,ERKEK BALIĞIN TOHUMU
SÜT,YARARLI BİR İÇECEK
SÜTLAÇ,BİR TÜR SÜTLÜ TATLI
SÜTLAÇ,RAMAZAN TATLILARINDAN
Sİ,BİR NOTA
Sİ,SİLİSYUM (SİMGE)
Sİ,SİLİSYUM (SİMGESİ)
Sİ,SİLİSYUM SİMGESİ
SİBAK,BİR ŞEYİN GEÇMİŞİ
SİBEL,"‘... CAN’ (ŞARKICI, AKTRİS)"
SİBEL,‘... TÜZÜN’ (ŞARKICI)
SİESTA,ÖĞLE UYKUSU
SİFİLİS,FRENGİ
SİH,DEMİR ŞİŞ
SİH,KEBAPLIK DEMİR ŞİŞ
SİHİR,BÜYÜ
SİHİR,"BÜYÜ, EFSUN"
SİKKE,MADENİ PARA
SİKLON,BİR TÜR ŞİDDETLİ FIRTINA
SİLAH,SAVUNMA YA DA SALDIRI ARACI
SİLAH,SAVUNMAK VEYA SALDIRMAK AMACIYLA KULLANILAN
SİLKME,GÜREŞTE BİR OYUN
SİLKME,HALTERDE BİR KATEGORİ
SİLO,GENELLİKLE SİLİNDİR BİÇİMİNDE TAHIL AMBARI
SİLO,SİLİNDİR ŞEKLİNDE AMBAR
SİLO,SİLİNDİR ŞEKLİNDE BÜYÜK AMBAR
SİLOPİ,ŞIRNAK İLÇESİ
SİLÜET,KARALTI
SİLİ,GİNE’NİN PARA BİRİMİ
SİLİ,KİLİM YÜNDEN DOKUNMUŞ
SİLİ,KİLİM YÜNDEN DOKUNMUŞ YAYGI
SİLİ,"KİLİM, YÜNDEN DOKUNMUŞ YAYGI"
SİM,GÜMÜŞ
SİMA,"KİMSE, İNSAN, TİP"
SİMA,YÜZ
SİMA,"YÜZ, ÇEHRE"
SİMA,"YÜZ,ÇEHRE"
SİMAV,KÜTAHYA İLÇESİ
SİMAYBARLAS,RESİMDEKİ OYUNCU
SİMGE,SEMBOL
SİMURG,ANKA KUŞU
SİMURG,ANKA KUŞUNUN ÖTEKİ ADI.
SİMİT,DÜĞÜRCÜK
SİMİT,SUSAMLI HALKA ÇÖREK
SİN,MEZAR
SİN,"MEZAR, GÖMÜT"
SİN,YAŞ
SİNA,ORTADOĞUDA YARIMADA
SİNA,ORTADOĞU’DA YARIMADA
SİNAMEKİ,BAKLAGİLLERDEN BİR BİTKİ
SİNAMEKİ,BAŞKALARIYLA İLİŞKİ KURMAYAN KİMSE
SİNAMEKİ,"MIZMIZ, SEVİMSİZ"
SİNAN,‘... BENGİER’ (AKTÖR)
SİNANAKÇIL,"RESİMDEKİ BESTECİ, ŞARKICI"
SİNANAKÇIL,RESİMDEKİ MÜZİSYEN
SİNARA,BÜYÜK ZOKA
SİNARİT,"AKDENİZ’DE YAŞAYAN, PULLU, ETİ BEĞENİLEN BİR BALIK"
SİNARİT,BİR AKDENİZ BALIĞI
SİNARİT,İZMARİTGİLLERDEN BİR BALIK
SİNARİT,"İZMARİTGİLLERDEN, ETİ BEĞENİLEN BİR BALIK"
SİNE,GÖĞÜS
SİNE,"GÖĞÜS, BAĞIR"
SİNEK,İSKAMBİLDE BİR GRUP
SİNEK,İSKAMBİLDE SİYAH RENKTE YONCAYI ANDIRAN KART
SİNEMA,BEYAZ PERDE
SİNEMA,BEYAZPERDE
SİNEMA,YEDİNCI SANAT
SİNEMA,YEDİNCİ SANAT
SİNEMATEK,SİNEMA BELGELİĞİ
SİNEMATEK,SİNEMA BİLGELİĞİ
SİNEMATEK,"SİNEMA FİLMLERİNİN KÜLTÜR, EĞİTİM AMACIYLA KORUNDUĞU, SAKLANDIĞI YER"
SİNEMATEK,SİNEMA FİLMLERİNİN TOPLANDIĞI YER
SİNEMKOBAL,RESİMDEKİ OYUNCU
SİNERAMA,ÜÇ BOYUTLU SİNEMA TEKNİĞİ
SİNGLE,TEKLİ
SİNOP,BİR İLİMİZ
SİNOPSİS,FİLM SENARYOSU ÖZETİ
SİNSİN,BİR HALK OYUNU
SİNTİNE,GEMİNİN İÇİNDE EN ALT BÖLÜM
SİNTİNE,GEMİNİN İÇİNDE EN ALT YER
SİNTİNE,GEMİNİN İÇİNDE EN ALT YER.
SİNİ,BÜYÜK TEPSİ
SİNİ,METAL BÜYÜK TEPSİ
SİPSİ,AĞAÇ DALINDAN DÜDÜK
SİRAYET,"(HASTALIK) GEÇME, BULAŞMA"
SİRAYET,BULAŞMA
SİREN,CANAVAR DÜDÜĞÜ
SİREN,TİZ SES ÇIKARAN UYARICI ALET
SİREN,UYARICI SES
SİRK,BÜYÜK GÖSTERİ ÇADIRI
SİRK,CAMBAZ GÖSTERİ YERİ
SİRKAT,"ÇALMA, HIRSIZLIK"
SİRKE,BİT YUMURTASI
SİRKEN,YABANİ ISPANAK
SİROKO,SICAK AKDENİZ RÜZGARI
SİROZ,BİR KARACİĞER HASTALIĞI
SİRTAKİ,YUNAN DANSI
SİS,KALIN SU BUĞUSU
SİSTEM,DÜZEN
SİSTEM,"YOL, YÖNTEM"
SİSTİT,SİDİK TORBASI İLTİHABI
SİT,DEVLETÇE KORUMA ALTINA ALINMIŞ TARİHİ YER VEYA BÖLGE
SİT,KORUMA ALTINA ALINAN BÖLGE
SİT,TARİHİ ESER KALINTISI
SİTAR,HİNT ÇALGISI
SİTAR,"KUZEY HİNDİSTAN’A ÖZGÜ, LAVTA AİLESİNDEN TELLİ ÇALGI"
SİTARE,ESKİ DİLDE YILDIZ
SİTARE,YILDIZ (ESKİ DİL)
SİTAYİŞ,ÖVME
SİTAYİŞ,"ÖVME, ÖVGÜ"
SİTCOM,TV KOMEDİ DİZİSİ
SİTE,KENT
SİTE,"KENT, ŞEHİR"
SİTE,KONUTLAR TOPLULUĞU
SİTİL,"BÜYÜK BAKRAÇ, SU KOVASI"
SİVAS,BİR İLİMİZ
SİVEREK,ŞANLIURFA İLÇESİ
SİYA,KÜREKLERİ TERSİNE KULLANARAK SANDALI GERİYE YÜRÜTME
SİYA,SANDALI GERİYE YÜRÜTME
SİYAKAT,ESKİDEN KULLANILMIŞ YAZI TÜRÜ
SİYAKAT,RAKAMLA YAZI
SİYEK,ÇADIR İÇİN KULLANILAN KAZIK
SİYER,HAZRETİ MUHAMMEDİN HAYATINI ANLATAN KİTAP
SİYER,HAZRETİ MUHAMMED’İN HAYATINI ANLATAN KİTAP
SİZ,ÇOĞUL 2. KİŞİ
SİZ,ÇOĞUL 2.KİŞİ
SİİRT,BİR İLİMİZ
TA,TANGAL (SİMGE)
TA,TANTAL SİMGESİ
TA,TANTAL'IN SİMGESİ
TA,TANTALIN SİMGESİ
TA,TANTALÂÄ±N SİMGESİ
TA,TANTAL’IN SİMGESİ
TA,UZAKLIK ANLATIR
TAAM,YEMEK
TAAM,"YEMEK, AŞ"
TAAM,YİYECEK
TAAMMÜM,YAYILMA
TAANNÜT,"DİRENME, AYAK DİREME , İNAT ETME"
TAARRUZ,SALDIRI
TAARUZ,SALDIRI
TAASSUP,BAĞNAZLIK
TAAT,"ALLAH'IN BUYRUKLARINI YERİNE GETİRME, İBADET ETME"
TAAT,ALLAH’IN BUYRUKLARINA UYMA
TAAT,İBADET ETME
TAAT,İBADET ETMEK
TAB,BASI
TAB,CLUE
TAB,HUY
TABA,KIZILIMSI KAHVERENGİ
TABA,KURU TÜTÜN YAPRAĞINI ANDIRAN KIZILIMSI KAHVERENGİ
TABA,"KURU TÜTÜN YAPRAĞINI ANDIRAN KIZILIMSI KAHVERENGİ, TÜTÜN RENGİ"
TABA,TÜTÜN RENGİ
TABAK,"KOYMAYA YARAR, AZ DERİN VE YAYVAN KAP"
TABAK,YEMEK KABI
TABAK,"YİYECEK KOYMAYA YARAR, AZ DERİN VE YAYVAN KAP"
TABAK,YİYECEK KOYMAYA YARAYAN
TABAKA,"KAT, KATMAN"
TABAKA,KATMAN
TABAKA,SİGARA KUTUSU
TABAKALAMAK,TABAKA DURUMUNA GETİRMEK
TABAN,AYAĞIN ALT YÜZÜ
TABAN,"AYAĞIN ALT YÜZÜ, AYA"
TABAN,AYAĞIN ALT YÜZÜ; AYA
TABANIYANIK,ÇOK GEZİP DOLAŞAN KİMSE
TABANIYARIK,KORKAK GÜVEN VERMEYEN KİMSE
TABELA,TANITICI LEVHA
TABELA,"ÜZERİNDE TANITICI YAZI, AÇIKLAMA, RESİM BULUNAN NESNE, LEVHA"
TABL,DAVUL
TABL,DAVUL (ESKİ DİL)
TABLA,KÜLLÜK
TABLO,RESSAMIN ESERİ
TABLİYE,DÖŞEME PLAĞI
TABLİYE,KÖPRÜYÜ OLUŞTURAN BÖLÜM
TABU,TEKİNSİZ
TABU,YASAKLANARAK KORUNAN
TABU,"YASAKLANARAK KORUNAN (NESNE, KELİME)"
TABU,YASAKLANARAK KORUNAN NESNE
TABURE,ARKALIKSIZ İSKEMLE
TABYA,SİLAHLARLA GÜÇLENDİRİLMİŞ İSTİHKAM
TABİ,BAĞIMLI
TABİ,"BAĞLI, BAĞIMLI"
TABİ,YAYIMLAYAN
TABİAT,DOĞA
TABİR,DEYİM
TABİR,YORUM
TABİİ,DOĞAL
TABİİ,"OLAĞAN ALIŞILMIŞ, HER ZAMANKİ GİBİ OLA, BEKLENİLDİĞİ GİBİ"
TACİR,TÜCCAR
TACİR,"TİCARETLE UĞRAŞAN KİMSE, TÜCCAR"
TADAT,SAYIM
TADAT,SAYIM. TOPLANMA
TADİL,DEĞİŞİKLİK
TADİLAT,DEĞİŞİKLİKLER
TAEL,ÇİN’İN ESKİ PARA BİRİMİ
TAFTA,BİR TÜR SERT KUMAŞ
TAFTA,"BİR TÜR SERT, İPEKLİ KUMAŞ"
TAFTA,"BİR TÜR SERT, İPEKLİ KUMAŞ."
TAHKİR,AŞAĞILAMA
TAHMİN,YAKLAŞIK OLARAK DEĞERLENDİRM E
TAHMİN,YAKLAŞIK OLARAK DEĞERLENDİRME
TAHRA,EĞRİ BUDAMA BIÇAĞI
TAHSİL,ÖĞRENİM
TAHT,"HÜKÜMDARLARIN OTURDUĞU BÜYÜK, SÜSLÜ KOLTUK"
TAHT,PADİŞAH KOLTUĞU
TAHTA,MISIR’DA BİR KENT
TAHTA,UZUN BİÇİLMİŞ AĞAÇ
TAHİN,SUSAMLA YAPILAN
TAHİN,ÖĞÜTÜLMÜŞ SUSAMIN KOYU SIVI DURUMU
TAHİTİ,PASİFİK OKYANUSU NDA ADA
TAHİTİ,PASİFİK OKYANUSUNDA ADA
TAHİTİ,PASİFİK OKYANUSU’ NDA ADA
TAHİTİ,PASİFİK OKYANUSU’ND A ADA
TAHİTİ,PASİFİK OKYANUSU’NDA ADA
TAK,CADDELERDE KUTLAMA İÇİN KURULAN SÜSLER
TAK,SÜSLÜ CADDE KEMERİ
TAK,TOK VE SERT SES
TAK,ŞENLİK KEMERİ
TAKA,BANGLADEŞ PARA BİRİMİ
TAKA,BİR BALIKÇI TEKNESİ
TAKA,DOĞU KARADENİZ BÖLGESİ'NE ÖZGÜ YELKENLİ BİR TÜR KIYI TEKNESİ
TAKA,KARADENİZ KIYI YELKENLİSİ
TAKALAR,BÜLENT ECEVİT’İN ÜNLÜ BİR ŞİİRİ
TAKALAR,"BÜLENT ECEVİT’İN, ŞARKI FORMUNDA BESTELENMİŞ ÜNLÜ BİR ŞİİRİ."
TAKANAK,"ALACAK, BORÇ"
TAKAS,"DEĞİŞ TOKUŞ, TRAMPA"
TAKAS,DEĞİŞİM
TAKAS,MAL ALIP KARŞILIĞINDA MAL VEREREK ÖDEŞME
TAKAS,"MALIN, MALLA DEĞİŞİMİ"
TAKAS,PARASIZ ALIŞVERİŞ
TAKAT,"DERMAN, KUVVET"
TAKAT,"GÜÇ, MECAL, DERMAN"
TAKAT,"HÂL, DERMAN"
TAKAT,MECAL
TAKATUKA,BASIMEVLERİNDE DİZİLMİŞ HARFLERİ İYİCE YERLEŞTİRMEK İÇİN ÜZERLERİNE VURMAYA YARAR TAKOZ
TAKATUKA,GÜRÜLTÜ PATIRTI
TAKATUKA,"GÜRÜLTÜ, PATIRTI"
TAKAZA,AZARLAMA
TAKAZA,"AZARLAMA, BAŞA KAKMA"
TAKAZA,"AZARLAMA, SERZENİŞ"
TAKI,KADINLARIN ZİYNET EŞYASI
TAKI,ZİYNET EŞYASI
TAKIMADA,ADA TÜRÜ
TAKKE,BİR BAŞLIK TÜRÜ
TAKKE,YARIM KÜRE BİÇİMİNDE BAŞLIK
TAKLİT,İMİTASYON
TAKMA,GERÇEĞİNİN YERİNE KONAN
TAKMA,GERÇEĞİNİN YERİNE KONULAN
TAKMA,"GERÇEĞİNİN YERİNE KONULAN, EĞRETİ"
TAKMA,"GERÇEĞİNİN YERİNE KONULAN; EĞRETİ, MÜSTEAR"
TAKOGRAF,HIZÖLÇER
TAKRİR,DERS VERME
TAKRİR,ÖNERGE
TAKSİ,ÜCRETLİ OTOMOBİL
TAKSİ,‘... TAHRAN’ (CAFER PENAHİ FİLMİ)
TAKSİM,BÖLÜŞTÜRME
TAKSİR,KUSUR
TAKYİT,ESKİ DİLDE KISITLAMA
TAKİBAT,KOVUŞTURMA
TAKİM,MİKROPTAN ARINDIRMA
TAKİP,"ARDINDAN GİTME, İZLEME"
TAKİP,İZLEME
TAKİYE,MEZHEBİNİ GİZLEME
TAKİYE,OLDUĞUNDAN FARKLI GÖRÜNME
TAKİYE,ZOR BİR DURUMDAN KURTULMAK İÇİN İSLAM'I İNKÂR ETMEK
TAL,BİTKİ BÜYÜME ORGANI
TAL,"KÖK, SAP VE YAPRAK ŞEKLİNDE FARKLILAŞMAMIŞ BİR BİTKİNİN YAŞAMA VE BÜYÜME ORGANI"
TALAK,BOŞANMA
TALAK,BOŞANMA (ESKİ DİL)
TALAK,EVLİLİĞİN SONA ERMESİ
TALAN,YAĞMA
TALAS,KAYSERİ İLÇESİ
TALASEM,AKDENİZ ANEMİSİ
TALASEMİ,AKDENİZ KANSIZLIK
TALASEMİ,AKDENİZ KANSIZLIK HASTALIĞI
TALAT,‘... BULUT’ (AKTÖR)
TALAZ,"DALGA, KASIRGA"
TALAŞ,TAHTA KIRINTISI
TALAŞ,TAHTA KIRPINTISI
TALAŞ,YONGA
TALEBE,ÖĞRENCİ
TALEP,İSTEK
TALEP,İSTEM
TALK,BİR TÜR PUDRA
TALTİF,GÖNÜL ALMA
TALTİF,İYİLİK EDEREK GÖNÜL ALMA
TALİ,"İKİNCİ DERECEDE OLAN, İKİNCİL"
TALİ,İKİNCİL
TALİH,ŞANS
TALİH,"ŞANS, BAHT, FELEK"
TALİK,"ASMA, YUKARI KALDIRMA"
TALİKA,BOŞANMIŞ KADIN
TALİKA,ESKİDEN KULLANILAN AT ARABASI
TALİKA,ESKİDEN KULLANILAN BİR AT
TALİKA,ESKİDEN KULLANILAN BİR AT ARABASI
TALİKA,ESKİDEN KULLANILAN BİR ATARABASI
TALİKA,YAYLI BİR TÜR AT ARABASI
TALİL,SEBEP GÖSTERME
TALİM,ALIŞTIRMA
TALİMAT,DİREKTİF
TALİMAT,YÖNERGE
TALİMAT,"YÖNERGE, DİREKTİF"
TAM,BÜTÜN
TAM,"BÜTÜN,TÜM"
TAM,EKSİKSİZ
TAMAH,AÇGÖZLÜLÜK
TAMAHKAR,AÇ GÖZLÜ
TAMAM,"BÜTÜN, TÜM"
TAMASALAK,BİTKİ ASALAĞI
TAMASALAK,TOPRAKTAN BESLENEN ASALAK
TAMASALAK,TOPRAĞA VE ÖZÜMLEMEYE BAĞLI BÜTÜN BESİNLERİNİ KONAKÇIDAN SAĞLAYAN BİTKİ ASALAĞI
TAMER,‘... KARADAĞLI’ (AKTÖR)
TAMER,"‘... LEVENT’ (AKTÖR, YAZAR)"
TAMER,"‘... LEVENT’ (AKTÖR,YAZAR)"
TAMTAM,AFRİKA DAVULU
TAMTAM,AFRİKA YERLİLERİNİN ÇALDIĞI
TAMTAM,AFRİKA YERLİLERİNİN ÇALDIĞI DAVUL
TAMTAM,AFRİKA'DA ÇALINAN DAVUL
TAMU,CEHENNEM
TAMU,ESKİ DİLDE CEHENNEM
TAMİK,DERİNLEŞ TİRME
TAMİK,DERİNLEŞTİRME
TAMİM,GENELGE
TAMİM,"GENELGE, SİRKÜLER"
TAMİRAT,ONARIM
TAN,ALACA KARANLIK
TAN,FECİR
TAN,GÜNEŞ DOĞMADAN ÖNCEKİ ALACAKARANLIK.
TAN,SEHER VAKTİ
TAN,‘CANAN ...’ (YAZAR)
TANE,ADET
TANE,"ADET, KITA, PARÇA, PARE"
TANECİK,"FİZİKTE ÇOK KÜÇÜK BOYUTLU MADDE, CİSİM"
TANEM,SEPİCİLİKTE KULLANILIR
TANEN,DERİ TABAKLAMADA KULLANILAN MADDE
TANEN,SEPİCİLİKTE KULLANILAN TADI BURUK MADDE
TANEN,SEPİCİLİKTE VE HEKİMLİKTE KULLANILAN TADI BURUK BİR MADDE
TANI,TEŞHİS
TANIK,ŞAHİT
TANIMA,KARŞILAŞMALARDA KİM VEYA NE OLDUĞUNU HATIRLAMA
TANIMA,SORUMLU BİLME
TANIMA,TANIMAK İŞİ
TANITMA,TAKDİM
TANK,BİR SAVAŞ TAŞITI
TANK,ZIRHLI SAVAŞ ARACI
TANKER,PETROL GEMİSİ
TANKER,"PETROL, BENZİN GİBİ AKARYAKIT ÜRÜNLERİNİ TAŞIYAN GEMİ YA DA KAMYON"
TAO,"ESKİ ÇİN FELSEFESİNDE, EVRENİN BİRLİĞİNİ SAĞLAYAN DÜZEN İLKESİ"
TAPA,"TIKAÇ, TIPA"
TAPU,MÜLKİYET BELGESİ
TAR,AZERİ ÇALGISI
TAR,DOĞU ANADOLU İLE AZERBAYCAN'DA ÇALINAN BİR ÇALGI TÜRÜ
TAR,DOĞU ANADOLU İLE AZERBAYCAN’DA ÇALINAN BİR ÇALGI TÜRÜ
TAR,TELLİ BİR ÇALGI
TARAF,"YÖN, DOĞRULTU"
TARAF,"YÖN, YAN, DOĞRULTU"
TARAK,SAÇ TARAMA GERECİ
TARAMA,BALIK YUMURTASI İLE YAPILAN MEZE
TARAÇA,TERAS
TARAÇA,"TERAS, TAHTABOŞ"
TARH,VERGİ KOYMA
TARH,ÇİÇEK İÇİN AYRILAN YER
TARIKAKAN,RESİMDEKİ AKTÖR
TARIKAKAN,UNUTULMAZ BİR AKTÖR
TARLA,TARIM ARAZİSİ
TARSİN,SAĞLAMLAŞTIRMA
TART,BİR TÜR MEYVELİ PASTA
TART,BİR TÜR PASTA
TART,KALIPTA PİŞEN BİR TÜR MEYVELİ PASTA
TART,"UZAKLAŞTIRMA, KOVMA"
TARTI,"ORAN, ÖLÇÜ (MECAZ)"
TARTI,TARTMA ALETİ
TARTMA,GÜREŞTE RAKİBİ KUCAĞA ALIP AYAĞINI YERDEN KESME
TARUMAR,"DAĞINIK, PERİŞAN"
TARZ,"STİL, ÜSLUP"
TARZ,ÜSLUP
TARZ,"ÜSLUP, STİL"
TARİF,TANIM
TARİFE,FİYAT GÖSTEREN ÇİZELGE
TARİZ,"TAŞLAMA, İĞNELİ SÖZ"
TAS,METAL SU KABI
TAS,ORTASI ÇUKUR KAP
TASA,KAYGI
TASA,"ÜZÜNTÜLÜ DÜŞÜNCE DURUMU, KAYGI"
TASAR,PLAN
TASARI,PROJE
TASARIM,DİZAYN
TASARIM,TASAVVUR
TASLAK,"BİR ŞEYİ, BİR SANAT YA DA EDEBİYAT ESERİNİ ANA ÇİZGİLERİYLE, TÜRLÜ BÖLÜMLERİYLE BELİRTEN ÖN ÇALIŞMA"
TASLAK,ESKİZ
TASMA,HAYVAN BOYUNDURUĞU
TASMA,HAYVAN BOYUNLUĞU
TASMA,NALIN VE TERLİĞİN AYAĞI TUTAN ÜSTTEKİ MEŞİN BÖLÜMÜ
TASNİF,BÖLÜMLEME
TASNİF,"BÖLÜMLEME, SINIFLAMA"
TAT,ESKİDEN TÜRK’E YABANCI OLAN KİMSE VE TOPLULUKLARA VERİLEN AD
TAT,LEZZET
TATAMİ,JAPON HASIRI
TATAMİ,JUDO GİBİ SPORLARDA MİNDER OLARAK KULLANILAN VE PİRİNÇ SAPLARININ ÖRÜLMESİYLE YAPILAN KALIN HALI
TATAMİ,"TEKVANDO, JUDO GİBİ SPORLARDA KULLANILAN YER MİNDERİ"
TATAR,"ESKİDEN, POSTA ARABASI SÜRÜCÜSÜ"
TATAR,POSTA SÜRÜCÜSÜ
TATAR,POSTAYI SÜREN KİMSE
TATAVA,ARGODA KURU GÜRÜLTÜ
TATAVA,ARGO’DA KURU GÜRÜLTÜ
TATLI,KIŞIN YENEN TATLI?
TATLI,ÖĞLE YEMEĞİ VE AKŞAM YEMEĞİNDEN SONRA YENİLEN YEMEK TÜRÜ.
TATLI,ŞEKER TADINDA OLAN
TATMİN,DOYGUNLUK
TATU,ZIRHLI HAYVAN
TATULA,BORU ÇİÇEĞİ
TATVAN,BİTLİS İLÇESİ
TATVAN,BİTLİS'İN BİR İLÇESİ
TATİL,DİNLENCE
TAUN,VEBA HASTALIĞI
TAV,EN UYGUN DURUM VE ZAMAN
TAV,HAYVANDA TEMİZLİK
TAV,HAYVANLARDA SEMİZLİK
TAVA,BİR MUTFAK GERECİ
TAVA,KİREÇ KARIŞTIRILAN TEKNE
TAVAS,DENİZLİ İLÇESİ
TAVAS,DENİZLİ'NİN BİR İLÇESİ
TAVİZ,ÖDÜN
TAY,AT YAVRUSU
TAY,HAYVANIN BİR YANINDAKİ YÜK
TAY,ÜÇ YAŞINA KADAR OLAN AT YAVRUSU
TAYA,DADI
TAYF,"GÖRÜNTÜ, HAYALET, RUH"
TAYFA,GEMİ İŞÇİSİ
TAYIN,ASKER AZIĞI
TAYT,BİR TÜR PANTOLON
TAYT,SIKI PANTOLON
TAYİN,ATAMA
TAZARRU,YAKARMA
TAZE,BAYAT KARŞITI
TAZE,BAYAT OLMAYAN
TAZE,BAYATLAMA MIŞ OLAN
TAZI,ÇEVİK BİR KÖPEK CİNSİ
TAZİP,"SIKINTIYA SOKMA, ÜZME"
TAZİYE,BAŞSAĞLIĞI DİLEME
TAÇ,KRAL BAŞLIĞI
TAÇ,ÇİÇEĞİN DIŞTAN İKİNCİ HALKASINDA BULUNAN YAPRAKLARIN HEPSİ
TAİFE,ESKİ DİLDE MÜRETTEBAT
TAİFE,MÜRETTEBAT TAYFA
TAİPEİ,TAYVAN'IN BAŞKENTİ
TAİR,"UÇAN, UÇUCU"
TAŞ,SERT VE KATI MADDE
TAŞIL,FOSİL
TAŞOVA,AMASYA İLÇESİ
TAŞOVA,AMASYA'NIN BİR İLÇESİ
TB,TERBİYUM (SİMGE)
TB,TERBİYUM SİMGESİ
TB,TERBİYUM'UN SİMGESİ
TCDD,'TÜRKİYE CUMHURİYETİ DEVLET DEMİRYOLLARI’
TCDD,TÜRKİYE CUMHURİYETİ DEVLET DEMİRYOLLARI
TCDD,TÜRKİYE CUMHURİYETİ DEVLET DEMİRYOLLARI (KISACA)
TCDD,TÜRKİYE CUMHURİYETİ DEVLET DEMİRYOLLARI’
TDK,12 TEMMUZ 1932’DE MUSTAFA KEMAL ATATÜRK TARAFINDAN KURULAN KURUMUN KISA YAZILIŞI
TDK,TÜRK DİL KURUMU
TDK,TÜRK DİL KURUMU (KISACA)
TE,BİR NOTA
TE,BİR TÜR CETVEL
TE,MÜHENDİS CETVELİ
TE,TELKÜR (SİMGE)
TE,TELLÜR SİMGESİ
TEALİ,"YÜKSELME, YÜCELME"
TEAMÜL,BİR YERDE ÖTEDEN BERİ OLAGELEN DAVRANIŞ.
TEAMÜL,"İŞ, DAVRANIŞ"
TEATİ,KARŞILIKLI ALIP VERME
TEB,"ESKİ DİLDE SICAKLIK, HARARET"
TEBAA,UYRUK
TEBERRU,BAĞIŞ
TECELLİ,"KADER, ALINYAZISI"
TECRÜBE,DENEYİM
TECİM,ESKİ DİLDE TİCARET
TEDAİ,ÇAĞRIŞIM
TEDBİR,BİR ŞEYİN SONUCU DÜŞÜNÜLEREK ÖNCEDEN YAPILAN HAZIRLIK
TEDBİR,ÖNLEM
TEDRİSAT,ÖĞRETİM
TEF,BİR ÇALGI
TEF,VURMALI BİR ÇALGI
TEF,ZİLLİ BİR KASNAĞA GEÇİRİLMİŞ KURSAK ZARINDAN OLUŞAN ÇALGI
TEFE,TOPTAN EŞYA FİYATLARI ENDEKSİ
TEFRİKA,DEVAMI OLAN GAZETE YAZISI
TEFRİKA,YAZI DİZİSİ
TEHİ,BOŞ
TEHİR,"SONRAYA BIRAKMA, ERTELEME"
TEK,BİRİCİK
TEK,"EŞİ OLMAYAN, BİRİCİK"
TEK,YEGANE
TEKAÜT,EMEKLİYE AYRILMA
TEKE,ANTALYA VE FETHİYE KÖRFEZLERİ ARASINDA YER ALAN YARIMADANIN ADI
TEKE,ERKEK KEÇİ
TEKEL,MONOPOL
TEKEL,"MONOPOL, İNHİSAR"
TEKKE,BİR ŞEYHİN YÖNETİMİNDE TASAVVUF EĞİTİMİNİN VERİLDİĞİ MEKAN
TEKKE,DERGAH
TEKKE,DERGÂH
TEKLİF,KABUL EDİLMEK İÇİN BİR ŞEY SUNMA
TEKLİF,ÖNERME
TEKLİF,ÖNERİ
TEKME,"AYAKLA VURUŞ, TEPİK"
TEKRAR,"BİR DAHA, YİNE"
TEKSAS,ABD’DE BİR EYALET
TEKST,"BASILI YA DA EL YAZMASI PARÇA, METİN"
TEKST,BASILI YADA EL YAZMASI PARÇA
TEKST,EL YAZMASI
TEKZİP,YALANLAMA
TEKİL,ÇOĞUL KARŞITI
TEKİN,"GÜVENİLİR (KİŞİ, YER)"
TEKİN,UĞURLU
TEKİR,BARBUNYAYA BENZER BİR BALIK
TEKİR,BİR KEDİ CİNSİ
TEL,LİF
TEL,MADENİ İP
TELA,KOLALI BEZ
TELA,KUMAŞLA ASTAR ARASINA KONULARAK GİYSİNİN DİK DURMASINI SAĞLAYAN KOLALI BEZ
TELAFİ,KÖTÜ BİR ETKİYİ BAŞKA BİR ETKİ İLE YOK ETME
TELAFİ,"KÖTÜ BİR ETKİYİ YA DA SONUCU BAŞKA BİR ETKİ İLE YOK ETME, KARŞILAMA, YERİNE KOYMA"
TELAFİ,YERİNE KOYMA
TELAKİ,"BULUŞMA, KAVUŞMA"
TELAŞE,ACELECİLİK
TELEFERİK,ASILI TAŞIT
TELEFERİK,"BİRBİRİNDEN UZAK İKİ YÜKSEK YER ARASINDA, HAVADA GERİLMİŞ BİR YA DA BİRKAÇ ÇELİK HALAT ÜZERİNDE KAYARAK HAREKET EDEN ASILI TAŞIT."
TELEKS,UZ YAZIM
TELEME,TUZSUZ VE YUMUŞAK BİR PEYNİR TÜRÜ
TELEME,TUZSUZ VE YUMUŞAK BİR PEYNİR TÜRÜ.
TELESİMEK,"YORULMAK, GÜÇSÜZ"
TELESİMEK,"YORULMAK, GÜÇSÜZ KALMAK"
TELESİMEK,ÇOK YORULMAK
TELKARİ,GÜMÜŞ YA DA ALTIN İNCE TELLER DURUMUNA GETİRİP ÖREREK YAPILAN (TAKI VB.)
TELKARİ,"GÜMÜŞ, ALTIN TELLERDEN SÜSLEME"
TELKARİ,KUYUMCULUKTA EL İŞİ
TELLAK,HAMAMDA KESECİ ERKEK
TELVE,KAHVE TORTUSU
TEM,"ASIL KONU, TEMA"
TEM,"ASIL KONU, TEMEL MOTİF"
TEM,"ASIL KONU, TEMEL MOTİF (TEMA)"
TEM,"ASIL KONU, TEMEL MOTİF."
TEM,ULUSLARARASI KARAYOLU
TEMA,ANA KONU
TEMA,ASIL KONU
TEMA,"ASIL KONU, TEMEL MOTİF"
TEMA,EDEBİ ESERDE İŞLENEN DÜŞÜNCE
TEMAS,"DEĞME, DOKUNMA"
TEMAS,"DEĞME, DOKUNMA."
TEMAS,"DEĞMEK, DOKUNMAK"
TEMATİK,BİR TEMA ETRAFINDA OLUŞAN
TEMAŞA,HOŞLANARAK BAKMA
TEMAŞA,"HOŞLANARAK BAKMA, SEYRETME"
TEMEL,"BELLİ BAŞLI, ASIL"
TEMEL,‘... REİS’ (ÇİZGİ FİLM KAHRAMANI)
TEMENNA,ÖNCE EĞİLİP DOĞRULURKEN ELİN BAŞA GÖTÜRÜLDÜĞÜ SELAM
TEMENNA,ÖNE DOĞRU EĞİLDİKTEN SONRA DOĞRULURKEN ELİ BAŞA GÖTÜREREK VERİLEN SELAM.
TEMENNA,ÖNE DOĞRU EĞİLİP DOĞRULURKEN ELİ BAŞA GÖTÜREREK VERİLEN SELAM
TEMLİK,BİRİNE BİR MÜLKÜ SAHİP KILMA
TEMLİK,MÜLK OLARAK VERME
TEMRE,BİR DERİ HASTALIĞI
TEMİNAT,GÜVENCE
TEN,"CİLT, DERİ"
TEN,"DERİ, CİLT"
TEN,VÜCUDUN DIŞ YÜZÜ
TEN,İNSAN VÜCUDUNUN DIŞ YÜZÜ
TENAKUZ,ÇELİŞKİ
TENAKUZ,"ÇELİŞME, ÇELİŞKİ"
TENEKE,KALAYLI SAC
TENEKE,YUMUŞAK ÇELİKTEN YAPILMIŞ ÜZERİ KALAY KAPLI İNCE SAC
TENHA,ISSIZ
TENNURE,MEVLEVİ DERVİŞİ GİYSİSİ
TENOR,EN TİZ ERKEK SESİ
TENOR,EN TİZ ERKEK SESİ VE SESİ BÖYLE OLAN SANATÇI.
TENTE,"GENELLİKLE GÜNEŞTEN KORUNMAK İÇİN BİR YERİN ÜZERİNE GERİLEN BEZ, NAYLON VB.NDEN YAPILMIŞ ÖRTÜ"
TENTE,GÖLGELİK
TENTE,GÜNEŞTEN KORUNMAK İÇİN BİR YERE GERİLEN ÖRTÜ
TENTE,GÜNEŞTEN KORUNMAK İÇİN KULLANILAN
TENİS,ALAN TOPU
TENİS,ALANTOPU
TENİS,BİR SPOR DALI
TEOLOJİ,İLAHİYAT
TEOREM,KANITLANABİLEN BİLİMSEL ÖNERME
TEORİ,KURAM
TEORİ,"KURAM, NAZARİYE"
TEORİK,KURAMSAL
TEORİK,"KURAMSAL, NAZARİ"
TEPİ,"İÇTEPİ,İTKİ"
TEPİK,AYAKLA VURUŞ
TEPİK,"AYAKLA VURUŞ, TEKME"
TER,ARAK
TER,DERİDEN SIZAN TUZLU SIVI
TERAKKİ,"TEK SANATÇININ, TEK ÇALGIYLA VERDİĞİ KONSER"
TERAKKİ,İLERLEME
TERAKKİ,"İLERLEME, YÜKSELME"
TERAKKİ,"İLERLEME, YÜKSELME,"
TERAKKİ,"İLERLEME, YÜKSELME, GELİŞME"
TERANE,"EZGİ, MAKAM"
TERANE,"EZGİ, MAKAM, NAĞME"
TERANE,"EZGİ, NAĞME"
TERAS,"DAMIN, GENELLİKLE ÇAMAŞIR SERMEYE YARAYAN VE ÜSTÜ ÇİNKO İLE DÖŞELİ BULUNAN DÜZ BÖLÜMÜ, TAHTABOŞ"
TERAS,TARAÇA
TERAVİH,RAMAZAN NAMAZI
TERAZİ,BİR BURÇ
TERAZİ,MİZAN
TERAZİ,"TARTI, MİZAN"
TERE,BAHARLI BİR BİTKİ
TERE,TURPGİLLERDEN BİR BİTKİ
TEREK,YÜKSEKÇE YERDE YAPILAN RAF
TEREKE,BIRAKIT
TEREKE,"HUKUKTA, MİRAS"
TEREKE,MİRAS
TERK,"BIRAKMA, AYRILMA"
TERK,TARİKAT EHLİNİN BAŞLIĞINDA BULUNAN KABARIK DİLİMLER
TERMAL,YALOVA İLÇESİ
TERMOS,ISI YALITIMLI KAP
TERMİNAL,YOLCULARIN ALINIP BIRAKILDIĞI YER
TERMİNAL,YOLCULARIN TAŞITA BİNDİĞİ YER
TERS,"BİR ŞEYİN AKSİ, KARŞITI"
TERSANE,GEMİ YAPILAN YER
TERSANE,GEMİ YAPILAN YER.
TERSO,ARGODA ELVERİŞSİZ DURUM
TERSO,ARGO’DA ELVERİŞSİZ DURUM
TERÖR,TEDHİŞ
TERİLEN,YAPAY POLYESTER LİFLERİ YA DA İPLİĞİ
TESCİL,RESMİ KAYDA GEÇİRME
TESKERE,SEDYE
TESLİM,BİR ŞEYİ SAHİBİNE VERME
TEST,SINAMA
TEST,ÖĞRENCİLERİN OKULDA YAPTIĞI SINAV?
TESTİ,TOPRAK SU KABI
TESİR,ETKİ
TESİS,KURULUŞ
TET,VİETNAM TAKVİMİNDE ‘YILBAŞI
TET,VİETNAM TAKVİMİNDE ‘YILBAŞI'
TET,VİETNAM TAKVİMİNDE ‘YILBAŞI’
TETE,BABAANNE
TETE,BABAANNE (HALK AĞZI)
TETE,BABAANNE (HALK DİLİ)
TETE,BÜYÜK TEYZE
TETE,BÜYÜKTEYZE
TETE,"TEYZE, HALA (GÖÇMENLERDE)"
TETKİK,İNCELEME
TETRA,BİR AKVARYUM BALIĞI
TETİR,CEVİZİN YEŞİL KABUĞU
TETİR,CEVİZİN YEŞİL KABUĞU VEYA YAPRAĞI
TEV,TÜRK EĞİTİM VAKFI (KISALTMA)
TEVALİ,ARASI KESİLMEKSİZİN SÜRME
TEVAZU,ALÇAK GÖNÜLLÜLÜK
TEVCİH,TERFİ ETTİRME
TEVCİH,YÖNELTME
TEVDİ,"VERMA, BIRAKMA"
TEVSİ,GENİŞLETME
TEVZİ,"DAĞITMA, ÜLEŞTİRME"
TEYEL,EĞRETİ DİKİŞ
TEYEL,SEYREK VE EĞRETİ DİKİŞ
TEYP,SES ALICI
TEYYARE,ESKİ DİLDE UÇAK
TEZ,SÜR'ATLİ
TEZ,ÇABUK OLAN
TEZ,"ÇABUK OLAN, SÜRATLİ"
TEZ,"İDDİA, SAV"
TEZEK,KURUMUŞ SIĞIR GÜBRESİ
TEZENE,MIZRAP
TEZER,"ÇABUK, ERKEN"
TEZER,"ÇABUK, HIZLI, ÇEVİK KİMSE"
TEİN,ÇAYDAKİ ETKİN MADDE
TEİN,ÇAYIN ETKİLİ MADDESİ
TEŞBİH,BENZETME
TEŞT,BÜYÜK LEĞEN
TEŞT,ÇAMAŞIR LEĞENİ
TEŞYİ,UĞURLAMA
TH,TORYUMUN SİMGESİ
TH,TORYUM’UN SİMGESİ
THK,TÜRK HAVA KURUMU
THOR,"İSKANDİNAV MİTOLOJİSİNDE, GÖKSEL GÜÇLERİN TANRISI"
TIMAR,YARA BAKIMI
TIN,TINLAMA SESİ
TINI,SES FARKLILIĞI
TIP,HEKİMLİK
TIP,TABABET
TIR,ESKİ DİLDE OK
TIR,UZUN KAMYON
TIRNAK,BOYNUZSU TABAKA
TJ,TACİKİSTANIN PLAKA İŞARETİ
TJ,TACİKİSTAN’IN PLAKA İŞARETİ
TJ,ÇİN’İN PLAKASI
TK,TAKIM
TK,TAKIM (KISACA)
TK,THY UÇUŞ KODU
TL,TALYUM
TL,TALYUM (SİMGE)
TL,TALYUM'UN SİMGESİ
TLOS,MUĞLA İLİNDE ANTİK BİR LİKYA KENTİ
TM,KISACA TÜRK MALI
TM,TESCİLLİ MARKA
TM,TESCİLLİ MARKA (KISACA)
TM,TULYUM (SİMGE)
TM,TÜRK MALI (KISALTMA)
TMO,TOPRAK MAHSULLERİ OFİSİ
TN,ETNA’NIN ORTASI
TN,TUNUSUN PLAKASI
TN,TUNUS’UN PLAKASI
TNT,TRİ NİTRO TOLUEN
TNT,TRİ NİTRO TOLUEN (KISACA)
TO,JAPONYA’DA KULLANILMIŞ ESKİ BİR HACİM ÖLÇÜSÜ BİRİMİ
TOFU,SOYA ETİ
TOFU,SOYA ETİ.
TOGO,AFRİKA’DA BİR ÜLKE
TOK,AÇ OLMAYAN
TOK,COKEYLERİN GİYDİĞİ BİR TÜR BAŞLIK
TOKA,EL SIKIŞMA
TOKA,TÜRLÜ BİÇİMLERDE TUTTURMALIK
TOKA,"İÇKİ İÇERKEN BİRİNİN ŞEREFİNE, SAĞLIĞINA KADEH TOKUŞTURULMASI"
TOKAT,BİR İLİMİZ
TOKAÇ,ÇAMAŞIR YIKAMA TOKMAĞI
TOKAÇ,ÇAMAŞIR YIKAMADA KULLANILAN YASSI TOKMAK
TOKLU,BİR YILLIK KUZU
TOKMAK,AĞAÇTAN İRİ ÇEKİÇ
TOKSİN,CANLI ORGANİZMADA GÖRÜLEN ZEHİR
TOKSİN,CANLI ORGANİZMALARD A GÖRÜLEN ZEHİR
TOKSİN,CANLI ORGANİZMALARDA GÖRÜLEN ZEHİR
TOL,KÜÇÜK KÖY
TOL,YAYLA VEYA BAHÇE KULÜBESİ
TOLERANS,HOŞGÖRÜ
TOLGASARITAŞ,RESİMDEKİ OYUNCU
TOLGATEKİN,RESİMDEKİ OYUNCU
TOM,‘... CRUİSE’ (AKTÖR)
TOMAR,DÜRÜLÜ KAĞITLAR
TOMAR,"YIĞIN, KÜME"
TOMARZA,KAYSERİ İLÇESİ
TOMARZA,KAYSERİ'NİN BİR İLÇESİ
TOMRUK,KESİLMİŞ AĞAÇ GÖVDESİ
TON,BİN KİLO
TON,BİN KİLOGRAM
TON,BİN KİLOGRAMLIK BİRİM
TONİK,CİLT BAKIM LOSYONU
TOP,GENELLİKLE KAUÇUKTAN YAPILMIŞ TOPARLAK
TOP,MEŞİN YUVARLAK
TOPATAN,BİR TÜR KAVUN
TOPAZ,SARI RENKTE DEĞERLİ SÜS TAŞI
TOPRAK,"ARAZİ, TARLA"
TOPRAK,BİTKİLERİN KÖKLERİNİN OLDUĞU KISIM?
TOR,SIK GÖZLÜ AĞ
TORAMAN,"TOMBUL, İRİ YAPILI, GENÇ İRİSİ"
TORAMAN,İRİ YAPILI GENÇ
TORERO,BOĞA GÜREŞÇİSİ
TORF,ÇİÇEK TOPRAĞI
TORK,BİR KUVVETİN UYGULANDIĞI KÜTLEYİ BİR EKSEN ETRAFINDA DÖNDÜRME EĞİLİMİ
TORK,MOTORLU ARAÇLARDA GÜÇ
TORNA,"MADEN, AĞAÇ TEZGAHI"
TORNADO,AFRİKA KIYILARINDA KUVVETLİ FIRTINA
TORNADO,BATI AFRİKA KIYILARINDA ESEN ÇOK KUVVETLİ FIRTINA
TORPİL,BİRİNİ KAYIRMA
TORTU,ÇÖKELTİ
TORTUM,ERZURUM İLÇESİ
TORTUM,ERZURUM’ DA BİR ŞELALE
TORUL,GÜMÜŞHANE İLÇESİ
TORUL,GÜMÜŞHANE'NİN BİR İLÇESİ
TORİK,İRİ PALAMUT
TORİK,İRİ PALAMUT BALIĞI
TOS,ALIN VEYA BOYNUZLA VURUŞ
TOS,ALINLA VURUŞ
TOST,KIZARTILMIŞ EKMEK DİLİMİ
TOST,ÖZEL MAKİNEDE KIZARTILMIŞ EKMEK DİLİMİ
TOSUN,GENÇ BOĞA
TOSYA,KASTAMONU İLÇESİ
TOSYA,KASTAMONU'NUN BİR İLÇESİ
TOTAL,BÜTÜNSE
TOTAL,BÜTÜNSEL
TOTALİTER,BÜTÜNCÜL
TOY,ACEMİ
TOY,KIZIL TÜYLÜ BİR KUŞ
TOY,YEMEKLİ EĞLENCE
TOY,"ZİYAFET, ŞÖLEN"
TOYNAK,"AT, EŞEK TIRNAĞI"
TOYNAK,"AT, EŞEK VB. HAYVANLARIN TIRNAĞI"
TOYNAK,"AT, EŞEK VB. TEK TIRNAKLI HAYVANLARIN TIRNAĞI"
TOZ,UFALANMIŞ TOPRAK
TR,TÜRKİYE PLAKASI
TR,TÜRKİYE’NİN PLAKA İŞARETİ
TR,ÜLKEMİZİN PLAKASI
TRABZAN,MERDİVEN PARMAKLIĞI
TRAFO,DÖNÜŞTÜRÜCÜ
TRAFO,TRANSFORMATÖR'ÜN KISALTMASI
TRAFİK,SEYRÜSEFER
TRAKE,EKLEM BACAKLILARDA BULUNAN ÖZEL SOLUNUM KANALLARI
TRAKE,SOLUK BORUSU
TRAKE,ZOOLOJİDE SOLUK BORUSU
TRAKİT,BİR FELDİSPAT TÜRÜ
TRAKİT,YANARDAĞ KAYALIKLARI ARASINDA BULUNAN BİR FELDİSPAT TÜRÜ
TRAM,FOTOĞRAFTA NOKTA SIKLIĞI
TRAMPA,"DEĞİŞ TOKUŞ, TAKAS"
TRAMPET,KÜÇÜK DAVUL
TRAMPET,İKİ DEĞNEKLE ÇALINAN KÜÇÜK DAVUL
TRANS,İNEK YA DA DANA BUDUNUN ORTA BÖLÜMÜ
TRANSİT,BEKLEMEDEN GEÇMEK
TRANÇA,BİR BALIK TÜRÜ
TRANŞ,İNEK BUDUNUN ORTA BÖLÜMÜ
TRAP,ATICILIKTA BİR DAL
TRAP,HAVAYA FIRLATILAN BİR PLAKANIN VURULMASI İLKESİNE DAYANAN ATICILIK DALI
TRAP,"HENDEK, TUZAK"
TRAP,TİYATRO SAHNESİNDEKİ KAPAK
TRAPEZ,BİR JİMNASTİK ARACI
TRATA,TORBALI BALIK AĞI
TRATA,"ÇEKİLEREK BALIK AVLAMAYA YARAYAN, GENELLİKLE DAİRE ŞEKLİNDE EL AĞI"
TRAVERTEN,KALKERLİ TORTU
TRAVERTEN,"PAMUKKALE ÖRNEĞİNDE OLDUĞU GİBİ, KİMİ KAYNAK SULARININ YIĞDIĞI KALKER TORTU"
TRAVMA,RUHSAL SARSINTI
TREN,"DEMİRYOLU KATARI, ŞİMENDİFER"
TREN,DEMİRYOLU TAŞITI
TREN,"VAGONLAR DİZİSİ; KATAR, ŞİMENDİFER"
TREN,ŞİMENDİFER
TREND,EĞİLİM
TRETMAN,SENARYO Ã¶ZETİ
TRETMAN,SENARYO ÖZETİ
TREYLER,KAMYON ARKASI TAŞIMA ARACI
TREYLER,"TRAKTÖR VEYA KAMYONLARA, DAHA ÇOK YÜK TAŞIMALARINI SAĞLAMAK İÇİN TAKILAN ARABA"
TROL,BİR TÜR BALIK AĞI
TROL,DİP BALIK AĞI
TROL,"TEKNELERLE SUYUN DİBİNDE SÜRÜKLENEREK ÇEKİLEN, GENİŞ AĞIZLI BALIK AĞI"
TROMBON,NEFESLİ BİR ÇALGI
TROY,KUYUMCU TARTISI
TROY,KUYUMCU TARTÄ±SÄ±
TRT,TÜRKİYE RADYO TELEVİZYON KURUMU’NUN KISA YAZILIŞI
TRUP,AYNI TİYATRO OYUNCULARI
TRUP,AYNI TİYATRODA ÇALIŞAN OYUNCULAR TOPLULUĞU.
TRÖST,TEKELCİ SERMAYE BİRLİĞİ
TRÖST,TEKELCİ SERMAYEDARLIĞA DAYALI ORTAKLIKLAR BİRLİĞİ
TRÜF,DEĞERLİ BİR MANTAR
TRİBÜN,STATTA SEYİRCİ BÖLÜMÜ
TRİKO,ÖRGÜ KUMAŞ
TRİMARAN,ÜÇ GÖVDELİ KATAMARAN
TRİMARAN,ÜÇ GÖVDELİ TEKNE TÜRÜ
TRİO,MÜZİKTE ÜÇLÜ
TRİO,"MÜZİKTE, ÜÇLÜ"
TS,TRABZONSPOR
TS,TRABZONSPOR (KISALTMA)
TSE,BİR BAĞLAÇ
TSE,TÜRK STANDARDLARI ENSTİTÜSÜ
TSE,TÜRK STANDARDLARI ENSTİTÜSÜ (KISALTMA)
TSE,TÜRK STANDARTLARI ENSTİTÜSÜ
TSE,TÜRK STANDARTLARI ENSTİTÜSÜ’NÜN KISA YAZILIŞI
TSUNAMİ,DEPREM DALGASI
TSUNAMİ,DEV DALGA
TSİ,TÜRKİYE SAATİ İLE
TT,TREND TOPİC (KISACA)
TTK,TÜRK TARİH KURUMU
TU,YAZIKLAR OLSUN
TUAL,ÜZERİNE RESİM YAPILAN BEZ
TUBA,BAKIRDAN NEFESLİ ÇALGI
TUBA,CENNETTE BULUNAN AĞAÇ.
TUBA,KÖKÜ YUKARIDA DALLARI AŞAĞIDA OLDUĞUNA İNANILAN CENNET AĞACI
TUFAN,ŞİDDETLİ YAĞMUR
TUFEYLİ,ASALAK
TUL,ESKİ DİLDE BOYLAM
TULANİ,UZUNLAMASINA
TULANİ,"UZUNLUĞUNA, BOYUN"
TULU,GÜNEŞİN DOĞMASI
TULU,GÜNEŞİN DOĞUŞU
TULUAT,DOĞAÇLAMA TİYATRO
TULUM,GÖĞÜS VE PANTOLON BÖLÜMÜ BİTİŞİK GİYSİ
TULUM,"ÜFLEMELİ BİR ÇALGI, GAYDA"
TULUMBA,SU ÇIKARTMA GERECI
TULUP,EĞRİLMEYE HAZIRLANMIŞ YÜN
TUN,"GİZLİ YER, KÖŞE BUCAK"
TUNA,AVRUPADA NEHİR
TUNA,AVRUPA’DA BİR NEHİR
TUNA,AVRUPA’DA NEHİR
TUNA,‘... ORHAN’ (AKTÖR)
TUNÇ,BRONZ
TUR,"BAŞLADIĞI NOKTADA BİTEN, BİR YA DA DAHA FAZLA YERE ÖNCEDEN BELİRLENMİŞ BİR PROGRAMA GÖRE YAPILAN SEYAHAT"
TUR,BELİRLENMİŞ BİR PROGRAMA GÖRE YAPILAN SEYAHAT
TUR,DOLAŞMA
TURA,HALAT GİBİ ÖRÜLMÜŞ İPLİK ÇİLESİ
TURA,METAL PARANIN RESİMLİ YÜZÜ
TURA,PARANIN RESİMLİ YÜZÜ
TURBA,YARI KÖMÜRLEŞMİŞ BİTKİ YAKITI
TURGAYDEMİR,ÜNLÜ BİR THM SANATÇISI
TURNA,"GÖÇEBE, İRİ BİR KUŞ"
TURNİKE,DÖNER KAPI
TURTA,BİR PASTA ÇEŞİDİ
TURTA,"ÜZERİ YUFKA KAPLI, MEYVELİ PASTA TÜRÜ"
TURTA,"ÜZERİ YUFKA KAPLI, MEYVELİ YA DA KAKAOLU BİR PASTA TÜRÜ."
TURİST,"GEZGİN, SEYYAH"
TUT,ADIYAMAN İLÇESİ
TUTAK,AĞRI İLÇESİ
TUTAK,AĞRI'NIN BİR İLÇESİ
TUTAR,MEBLAĞ
TUTKU,İHTİRAS
TUTMA,DESTEKLEME
TUTU,"İPOTEK, REHİN"
TUTYA,ÇİNKO
TUTİ,ESKİ DİLDE PAPAĞAN
TUVAL,YAĞLIBOYA RESİM YAPILAN BEZ
TUZ,SODYUM KLORÜR
TUZ,İYONLARI İÇEREN MADDE
TUZLA,İSTANBUL İLÇESİ
TUZLA,İSTANBUL'UN BİR İLÇESİ
TUĞ,KUŞ TEPESİNDEKİ SORGUÇ
TUĞ,SORGUÇ
TUĞÇEKOÇAK,RESİMDEKİ OYUNCU
TUŞ,GÜREŞTE BİR YENİLGİ TÜRÜ
TUŞ,GÜREŞTE İKİ OMZUN YERE DEĞMESİ
TUŞBA,VAN'IN BİR İLÇESİ
TÖR,BAŞKÖŞE
TÖRE,"GELENEK, GÖRENEK"
TÖRE,‘... ANADOLU’ (TÜRKÜCÜ)
TÖREN,MERASİM
TÖZ,"KÖK, ASIL, CEVHER"
TÜ,YAZIKLAR OLSUN (ÜNLEM)
TÜF,YANARDAĞLARIN PÜSKÜRTTÜĞÜ TAŞ
TÜF,ÇÖKELTİ TAŞI
TÜFE,TÜKETİCİ FİYAT ENDEKSİ
TÜH,YAZIKLAR OLSUN
TÜH,‘VAH VAH’ ANLAMINDA PİŞMANLIK BİLDİREN BİR ÜNLEM
TÜL,GÖZENEKLİ İNCE PERDE
TÜLÜ,GÜREŞÇİ ERKEK DEVE
TÜM,BÜTÜN
TÜMÖR,UR
TÜN,GECE
TÜR,"CİNS, ÇEŞİT"
TÜR,"ÇEŞİT, CİNS"
TÜRBAN,BİR TÜR BAŞÖRTÜSÜ
TÜRBE,ERMİŞ MEZARI
TÜRKANŞORAY,RESİMDEKİ AKTRİS
TÜRKANŞORAY,RESİMDEKİ AKTRİST
TÜSTÜ,BACA DUMANI
TÜTÜ,BALERİN ETEKLİĞİ
TÜTÜ,BALERİN KOSTÜMÜ
TÜVANA,"KUVVETLİ, DİNÇ, CANLI"
TÜYO,GİZLİ BİLGİ
TÜZE,HUKUK
Tİ,BORAZAN SESİ
Tİ,BORU SESİ
Tİ,TİTAN (SİMGE)
Tİ,TİTAN (SİMGESİ)
TİARA,ESKİDEN PAPALARIN KULLANDIĞI TÖREN BAŞLIĞI
TİCARETHANE,TİCARİ İŞLERİN YÖNETİLDİĞİ YER
TİCARİ,TİCARETLE İLGİLİ
TİFLİS,GÜRCİSTAN BAŞKENTİ
TİFLİS,GÜRCİSTANIN BAŞKENTİ
TİFLİS,GÜRCİSTAN’IN BAŞKENTİ
TİFO,"ATEŞLİ VE TEHLİKELİ BİR BAĞIRSAK HASTALIĞI, KARAHUMMA"
TİFO,BİR BAĞIRSAK HASTALIĞI
TİFTİK,KEÇİ YÜNÜ
TİH,ÇÖL (ESKİ DİL)
TİH,ÇÖL (ESKİDİL)
TİK,SICAK BÖLGELERDE YETİŞEN KERESTESİNDEN KAPLAMADA YARARLANILAN ÇOK SERT BİR AĞAÇ
TİK,İSTEM DIŞI KAS HAREKETİ
TİK,İSTENÇ DIŞI KAS
TİK,İSTENÇ DIŞI KAS HAREKETİ
TİKE,"AZ, AZICIK"
TİKE,"ET, EKMEK, PEYNİR VB. NDE PARÇA, LOKMA, DİLİM"
TİKE,"KÜÇÜK PARÇA, LOKMA"
TİKEL,"CÜZİ, KISMİ"
TİKO,ARGODA PEŞİN PARA
TİKO,ARGO’DA PEŞİN PARA
TİM,EN KÜÇÜK ASKERİ BİRLİK
TİMUÇİN,'......ESEN' (AKTÖR)
TİMUÇİN,......ESEN' (AKTÖR)
TİN,RUH
TİNER,İNCELTİCİ
TİP,DEĞİŞİK VE İLGİ ÇEKİCİ KİMSE
TİP,"TÜR, ÇEŞİT"
TİP,"İLGİ ÇEKİCİ, DEĞİŞİK (KİMSE)"
TİPİ,KAR FIRTINASI
TİPİK,GÜÇLÜ ÖZGÜNLÜĞÜ OLAN
TİPİK,KARAKTERİSTİK
TİR,ESKİ DİLDE OK
TİR,ESKİ DİLDE OK.
TİR,OK
TİRAMOLA,GEMİNİN DÖNMESİ İÇİN YELKENLERİ HAREKET ETTİRME
TİRAMOLA,"GEMİNİN RÜZGARÜSTÜNE YA DA RÜZGARALTINA DÖNMESİ İÇİN YELKENLERİN BAZISINI GEVŞETME, BAZISINI GERME İŞLEMİ"
TİRAMOLA,GEMİNİN YELKENLERİNİN BAZISINI GEVŞETME
TİRAMOLA,MAKARALARI BİRBİRİNE KAVUŞAN BİR PALANGAYI AÇIP UZATMA
TİRAMOLA,MAKARALARI BİRBİRİNE KAVUŞAN PALANGAYI AÇIP UZATMA
TİRAN,ARNAVUTLUK BAŞKENTİ
TİRAN,ARNAVUTLUKUN BAŞKENTİ
TİRAN,ARNAVUTLUK’UN BAŞKENTİ
TİRAN,ESKİ YUNAN'DA SİYASAL GÜCÜ ZORLA ELİNE GEÇİREN KİMSE
TİRAT,"UZUN, TUMTURAKLI KONUŞMA"
TİRE,KISA ÇİZGİ
TİRE,İZMİR İLÇESİ
TİREK,KÜÇÜK OK
TİRSİ,ALOSA DA DENİLEN BALIK
TİRSİ,ALOSA’DA DENİLEN BALIK
TİRİT,ET SUYU YEMEĞİ
TİTAN,PARLAK RENKLİ BİR ELEMENT
TİTAN,‘Tİ’ SİMGESİYLE GÖSTERİLEN ELEMENT
TİTR,"AD, UNVAN, ETİKET"
TİTR,"AD, ÜNVAN, ETİKET"
TİTR,ÜNVAN
TİTİZ,MÜŞKÜLPE
TİTİZ,MÜŞKÜLPESENT
TİTİZ,TEMİZLİĞE AŞIRI DÜŞKÜN
TİTİZ,TEMİZLİĞE AŞIRI DÜŞKÜN OLAN
TİYATRO,OYUNEVİ
TİYATRO,TİYATROLARIN SERGİLENDİĞİ BİNA?
TİYNET,"YARADILIŞ, HUY, MAYA"
TİZ,İNCE KESKİN SES
TİZ,İNCE SES
TİZ,İNCE VE KESKİN SES
TİZ,"İNCE, KESKİN (SES)"
TİŞÖRT,"GENELLİKLE KISA KOLLU, PAMUKLU SPOR GİYSİ"
TİŞÖRT,PAMUKLU SPOR GÖMLEK
TİŞÖRT,YAZIN GİYİLEN HAFİF GİYSİ?
UA,UKRAYNA PLAKASI
UA,UKRAYNANIN PLAKA İŞARETİ
UA,UKRAYNA’NIN PLAKA İŞARETİ
UA,UKRAYNA’NIN PLAKASI
UA,ÖĞÜTÜLMÜŞ TAHIL
UAÖ,ULUSLAR ARASI AF ÖRGÜTÜ
UBA,ULUSLARARASI BOKS BİRLİĞİ
UBUDİYET,"KÖLELİK, KULLUK"
UCA,BİR YENGEÇ TÜRÜ
UCA,HALK DİLİNDE YÜCE
UCA,"KUYRUKSOKUMU KEMİĞİ, PÖÇ"
UCA,‘METİN ...’ (UNUTULMAZ SUNUCU)
UCUBA,"ÇOK ACAYİP, ŞAŞILACAK KADAR ÇİRKİN OLAN"
UCUZ,DÜŞÜK FİYATLI
UCUZ,FİYATI YÜKSEK OLMAYAN
UCUZ,"FİYATI YÜKSEK OLMAYAN, PAHASI AZ, DÜŞÜK FİYATLI"
UCUZ,PAHASI AZ
UDİ,UD ÇALAN
UDİ,UD ÇALAN SANATÇI
UDİ,UT ÇALAN
UDİ,UT ÇALAN ÇALGICI
UDİ,"UT ÇALAN ÇALGICI, UTÇU"
UDİNE,İTALYA’DA BİR KENT
UEFA,AVRUPA FUTBOL BİRLİĞİ KISALTMASI
UEFA,AVRUPA FUTBOL BİRLİĞİ’NİN KISALTMASI
UEFA,AVRUPA FUTBOL FEDERASYONLARI BİRLİĞİ
UEFA,AVRUPA FUTBOL FEDERASYONU
UFA,BAŞKIRDİSTAN ÖZERK CUMHURİYETİ’NİN BAŞKENTİ
UFAK,BOYUTLARI KÜÇÜK OLAN
UFAK,NORMALDEN KÜÇÜK
UFAKLIK,KÜÇÜK ÇOCUK
UFANTI,KIRINTI
UFAZE,PAMUK KOZASI
UFKİ,YATAY
UFO,KİMLİĞİ BİLİNEMEYEN GÖK CİSMİ
UFO,TANIMLANAMA YAN UÇAN CİSİM
UFO,TANIMLANAMAY AN UÇAN CİSİM
UFO,TANIMLANAMAYA N UÇAN CİSİM
UFO,TANIMLANAMAYAN UÇAN CİSİM
UFO,UÇAN DAİRE
UFUK,DÜZ ARAZİDE VEYA AÇIK DENİZDE GÖKLE YERİN BİRLEŞMİŞ GİBİ GÖRÜNDÜĞÜ YER
UFUK,GÖZ ERİMİ
UFUL,YILDIZIN BATMASI
UFUNET,İRİNLİ YARA
UHDE,SORUMLULUK
UHLAN,BİR ÇOK AVRUPA ORDUSUNDA MIZRAKLI SÜVARİLERE VERİLEN AD
UHREVİ,AHRET İLE İLGİLİ
UHREVİ,AHİRET İLE İLGİLİ
UHREVİ,"ÖBÜR DÜNYA İLE İLGİLİ, AHRET İLE İLGİLİ"
UK,'BİRLEŞİK KRALLIK' ANLAMINDAKİ KISALTMA
UK,BİRLEŞİK KRALLIK
UK,’BİRLEŞİK KRALLIK’ ANLAMINDA KULLANILAN İNGİLİZCE KISALTMA
UKALA,BİLGİÇLİK TASLAYAN
UKALA,BİLGİÇLİK TASLAYAN (KİMSE)
UKALA,"KENDİNİ AKILLI VE BİLGİLİ SANAN, BİLGİÇLİK TASLAYAN (KİMSE)"
UKBA,HAZRETİ MUHAMMED’İN SİYAH RENKLİ SANCAĞININ ADI
UKDE,İÇE DERT OLAN ŞEY
UKE,JUDO’DA TEKNİK OLARAK RAKİBİNDEN ZAYIF KALAN TARAF
UKR,UKRAYNANIN KODU
UKR,UKRAYNA’NIN KODU
UKUBET,ÇOK ÇİRKİN
UKUBET,ÖBÜR DÜNYADA VERİLECEK OLAN CEZA
UKULELE,HAWAİ ADALARINA ÖZGÜ GİTARA BENZER DÖRT TELLİ ÇALGI
ULA,MUĞLA İLÇESİ
ULA,MUĞLA'NIN İLÇESİ
ULAK,"HABER GÖTÜREN KİMSE, HABERCİ."
ULAK,HABERCİ
ULAM,"ARALARINDA HERHANGİ BİR BAKIMDAN İLGİ YA DA BENZERLİK BULUNAN ŞEYLERİN TÜMÜ, KATEGORİ"
ULAM,BAĞINTI
ULAM,"GRUP, KATEGORİ"
ULAMA,"EKLEME, KATMA, İLAVE ETME"
ULAMA,KURT SESİ ÇIKARMA
ULAMA,"ULANAN PARÇA, EK, İLAVE"
ULAMA,"ULANAN PARÇA, İLAVE"
ULAMAK,EKLEMEK
ULAMAK,"EKLEMEK, KATMAK"
ULAMAK,"İLAVE ETMEK, EKLEMEK"
ULAÇ,"FİİLLERİN ZARF OLARAK KULLANILAN ŞEKİLLERİ, BAĞFİİL"
ULAŞ,SİVAS İLÇESİ
ULAŞ,SİVAS'IN BİR İLÇESİ
ULEMA,DİN BİLGİNLERİ
ULEMA,ESKİDEN SARIKLI DİN BİLGİNLERİNE VERİLEN AD
ULEMA,OSMANLI DEVLETİNDE KADILARA VE MÜDERRİSLERE VERİLEN AD
ULEMA,SARIKLI DİN BİLGİNLERİ
ULTRA,"AŞIRI, ÇOK FAZLA"
ULU,EN BÜYÜK
ULU,YÜCE
ULUBAT,BURSA’DA BİR GÖL
ULUBAT,MARMARA BÖLGESİNDE GÖL
ULUBEY,UŞAK İLÇESİ
ULUDERE,ŞIRNAK İLÇESİ
ULUDERE,ŞIRNAK'IN BİR İLÇESİ
ULUFE,"OSMANLILARDA KAPIKULU ASKERLERİNE, SARAY VE DEVLET KURULUŞLARINDAKİ BAZI GÖREVLİLERE ÜÇ AYDA BİR VERİLEN ÜCRET"
ULUFE,YENİÇERİ MAAŞI
ULUS,BARTIN İLÇESİ
ULUS,BARTIN’IN BİR İLÇESİ.
ULUS,MİLLET
ULUSAL,MİLLÎ
ULUSAL,MİLLİ
ULVİ,YÜCE
UMACI,ÖCÜ
UMAMİ,BEŞİNCİ TAT
UMAR,ÇARE
UMDE,"İLKE, PRENSİP"
UMMAN,"ANA DENİZ, OKYANUS"
UMMAN,OKYANUS
UMRE,HAC DIŞINDA KABE ZİYARETİ
UMRE,HAC DIŞINDA KABE'Yİ ZİYARET ETME
UMRE,KUTSAL YERLERİ HAC ZAMANI DIŞINDA ZİYARET ETME
UMU,"İSTEK, ARZU"
UMU,"İSTEK, ARZU, UMUT"
UMUM,"BÜTÜN, TÜM, KAMU"
UMUMİ,GENEL
UMUR,ALDIRIŞ ETME
UMUR,"ALDIRIŞ ETME, ÖNEM VERME"
UMUT,ÜMİT
UMUT,‘... KURT’ (AKTÖR)
UMİAK,DERİYLE KAPLI BİR ÇEŞİT ESKİMO KAYIĞI
UN,EKMEK MADDESİ
UN,HUBUBAT TOZU
UN,TAHIL TOZU
UN,ÖGE
UN,ÖĞÜTÜLEREK TOZ DURUMUNA GETİRİLMİŞ BESİN
UN,ÖĞÜTÜLMÜŞ TAHIL
UNEP,BİRLEŞMİŞ MİLLETLER ÇEVRE PROGRAMI
UNESCO,BİRLEŞMİŞ MİLLETLER EĞİTİM BİLİM VE KÜLTÜR ÖRGÜTÜ’NÜN KISA YAZILIŞI
UNESCO,"BİRLEŞMİŞ MİLLETLER EĞİTİM, BİLİM VE KÜLTÜR ÖRGÜTÜ’NÜN KISA YAZILIŞI"
UNSUR,ÖGE
UNSUR,"ÖGE, ELEMAN"
UNUTKAN,ÇOK UNUTAN
UNVAN,SAN
UNİCEF,BİRLEŞMİŞ MİLLETLER ÇOCUKLARA YARDIM TEŞKİLATI
UPAS,CAVA YERLİLERİNİN SİLAHLARINA SÜRDÜKLERİ ÇOK GÜÇLÜ BİTKİSEL ZEHİR
UR,ESKİ DİLDE KALE HENDEĞİ
UR,TÜMÖR
URA,MERSİN’DE ANTİK BİR KENT
URA,İÇEL’İN SİLİFKE İLÇESİNDE BİR ANTİK KENT.
URAN,SANAYİ
URAN,"SANAYİ, ENDÜSTRİ"
URANÜS,BİR GEZEGEN
URAY,BELEDİYE
URAY,ESKİ DİLDE BELEDİYE
URAĞAN,YAĞMUR GETİRMEYEN FIRTINA
URBA,GİYSİ
URBA,HALK DİLİNDE GİYSİ
URBAN,ESKİDEN ÇÖL ARAPLARINA VERİLEN AD
URBAN,ÇÖL ARAPLARI
URDUCA,PAKİSTAN’IN RESMİ DİLİ
URFA,BİR İLİMİZ
URGAN,"KETEN, KENEVİR, PAMUK, JÜT GİBİ TÜRLÜ DOKUMA MADDELERİNDEN YAPILAN İNCE HALAT"
URGAN,İNCE HALAT
URLA,İZMİR İLÇESİ
URMİYE,ORTADOĞUDA GÖL
URMİYE,ORTADOĞU’DA GÖL
URS,DÜĞÜN YEMEĞİ
URS,ESKİ DİLDE DÜĞÜN YEMEĞİ
URS,ÜRETERORENOSKOPİ (KISALTMA)
URUK,ANTİK BİR SÜMER ŞEHRİ
URUK,"SÜLALE, SOY"
URUP,ARŞININ SEKİZDE BİR UZUNLUĞUNDA ÖLÇÜ BİRİMİ
URİ,İSVİÇRE’Yİ OLUŞTURAN KANTOLANLARDAN BİRİ
URİ,İSVİÇRE’Yİ OLUŞTURAN KANTONLARDAN BİRİ
URİ,İSVİÇRE’Yİ OLUŞTURAN KANTONLARDAN BİRİ.
US,AKIL
US,AKÄ±L
USA,AMERİKA PLAKASI
USA,JOHN DOS PASSOS’UN ÜNLÜ ÜÇLEME ROMANI
USANÇ,"BIKMA, BIKKINLIK, MELAL"
USARE,ÖZ SU
USARE,ÖZSU
USKUNA,İKİ DİREKLİ YELKENLİ BİR GEMİ
USKUR,GEMİ PERVANESİ
USKURU,CIVATA VE SOMUNLARDA Kİ YİV
USKURU,CIVATA VE SOMUNLARDAKİ YİV
USLU,YARAMAZ OLMAYAN
USTA,"ELİ UZ, İŞİNİN ERİ, MAHİR"
USTA,SANAT ÖĞRETİCİSİ
USTA,ZANAAT ÖĞRETİCİSİ
USTA,İŞİNİN ERİ
USTURA,AÇILIR KAPANIR TIRAŞ BIÇAĞI
USTURA,TIRAŞ BIÇAĞI
USUL,"BİR AMACA ERİŞMEK İÇİN İZLENEN DÜZENLİ YOL, YÖNTEM, TARZ"
USUL,YAVAŞ BİR BİÇİMDE
UT,BİR ÇALGI
UT,UTANMA DUYGUSU
UTA,JAPON HALK TÜRKÜSÜ
UTAH,ABD’DE BİR EYALET
UTANÇ,"UTANMA DUYGUSU, HİCAP"
UTARİT,GÜNEŞE EN YAKIN GEZEGEN
UTARİT,MERKÜR
UTARİT,MERKÜR'ÜN ESKİ ADI
UTARİT,MERKÜR. GÜNEŞE EN YAKIN GEZEGEN
UTEKA,"SERBEST BIRAKILMIŞ CARİYELER, VEYA KÖLELER, AZATLILAR"
UTEKA,SERBEST BIRAKILMIŞ KÖLELER
UTKU,ZAFER
UTKU,"ZAFER, YENGİ"
UTKU,"ZAFER, ÜSTÜNLÜK SAĞLAMA, YENME"
UTKUATEŞ,RESİMDEKİ OYUNCU
UVERTÜR,OPERADA İLK PARÇA
UYAK,KAFİYE
UYARI,İHTAR
UYARI,İKAZ
UYARI,"İKAZ, İHTAR"
UYARMA,"TEMBİH, İKAZ"
UYARMA,"İHTAR, TEMBİH"
UYDU,PEYK
UYGAR,MEDENİ
UYMA,RİAYET
UYUM,AHENK
UYUNTU,"UYUŞUK, TEMBEL"
UYUZ,KAŞINDIRICI BİR DERİ HASTALIĞI
UYUŞUK,"TEMBEL, SÜNEPE"
UZ,"İYİ, GÜZEL"
UZ,"‘AZ OLSUN, ... OLSUN’ (ATASÖZÜ)"
UZAK,IRAK
UZAMAK,"BOYU, BÜYÜMEK"
UZANIM,"NİTELİK, ÖZELLİK"
UZANIM,YERDEN GEZEGENE VE GÜNEŞ’E UZANAN İKİ DOĞRULTUNUN AÇISI
UZANMAK,BOYLU BOYUNCA YATMAK
UZAY,BÜTÜN GÖK CİSİMLERİNİN İÇİNDE BULUNDUĞU SINIRSIZ BOŞLUK
UZAY,FEZA
UZMAN,KOMPETAN
UZMAN,MÜTEHASSIS
UZMAN,"MÜTEHASSIS, KOMPETAN"
UZO,YUNAN RAKISI
UZUV,ORGAN
UÇ,BİR UZAKLIĞIN SON NOKTASI
UÇ,BİR ŞEYİN KENARI
UÇ,DIŞ KENAR
UÇ,"DIŞ KENAR, PERİFERİ"
UÇAK,MOTORLU HAVA TAŞITI
UÇAK,TAYYARE
UÇANTOP,VOLEYBOL
UÇARI,ELE AVUCA SIĞMAZ KİMSE
UÇARI,"ELE AVUCA SIĞMAZ, ÇOK HAŞARI KİMSE"
UÇKUN,ATEŞTEN FIRLAYAN KIVILCIM
UÇKUN,ATEŞTEN FIRLAYAN VE ETRAFA SAÇILAN KIVILCIM
UÇKUN,"UÇMUŞ, FIRLAMIŞ"
UÇKUR,ŞALVAR VEYA DONUN BELDE DURMASINI SAĞLAYAN BAĞ
UÇMAN,PİLOT
UÇUM,UÇMA İŞİ
UÇURUM,"DENİZ, GÖL IRMAK KENARINDA YA DA KARADA DİK YER"
UÇURUM,"DENİZ, GÖL IRMAK KENARINDA YA DA KARADA DİK YER, YAR"
UÇURUM,"DENİZ, GÖL, IRMAK VB. SU KIYILARINDA VEYA KARADA DİK YER"
UÇURUM,DİK VE DERİN YAMAÇ
UĞRA,HAMUR AÇILIRKEN TEZGAHA YAPIŞMAMASI İÇİN SERPİLEN UN
UĞRU,HIRSIZ
UĞURGÜNEŞ,RESİMDEKİ OYUNCU
UŞAK,BİR İLİMİZ
UŞAK,ERKEK HİZMETÇİ
UŞŞAK,TÜRK MÜZİĞİNDE ANA MAKAMLARDAN BİRİ
UŞŞAK,TÜRK MÜZİĞİNDE MAKAM
VA,VOLTAMPER (KISACA)
VAAT,BİR İŞİ YERİNE GETİRMEK İÇİN VERİLEN SÖZ
VAAT,SÖZ VERME
VAAT,İŞ İÇİN VERİLEN SÖZ
VAAZ,"CAMİ, MESCİT GİBİ YERLERDE, VAİZLERİN GENELLİKLE ÖĞÜT ŞEKİLNDE OLAN KONUŞMA"
VAAZ,CAMİDE DİNİ KONUŞMA
VAAZ,DİNİ NASİHAT
VADE,BORÇ SÜRESİ
VADE,"BİR İŞİN YAPILMASI, BİR BORCUN ÖDENMESİ İÇİN TANINAN SÜRE"
VADE,MÜHLET
VADE,"MÜHLET, MEHİL"
VADELİ,SÜRESİ SINIRLANMIŞ
VADELİ,VADESİ OLAN
VADİ,KOYAK
VADİ,İKİ DAĞ ARASINDAKİ ÇUKURCA ARAZİ VEYA GEÇİT
VAH,ACIMA ANLATAN SÖZCÜK
VAH,YAZIK
VAHA,ÇÖLDE SULAK YER
VAHA,ÇÖLDEKİ YERLEŞİM BÖLGESİ
VAHA,ÇÖLLERDE YÜZE ÇIKAN YER ALTI SULARININ YARATTIĞI YERLEŞME BÖLGESİ
VAHA,ÇÖLLERDE ÇOĞU KEZ YÜZE ÇIKAN YER ALTI SULARININ YARATTIĞI TARIM YA DA YERLEŞME BÖLGESİ
VAHİY,BUYRUKLARIN PEYGAMBERLERE BİLDİRİLMESİ
VAHİY,BUYRUKLARIN TANRI TARAFINDAN PEYGAMBERLERE BİLDİRİLMESİ
VAHİY,BİR BUYRUK VE DÜŞÜNCENİN TANRI TARAFINDAN PEYGAMBERLERE BİLDİRİLMESİ
VAHİY,İLAHİ DUYURU
VAHŞİ,YABANİ
VAK,"ESKİ DİLDE AĞIRBAŞLILIK, VAKAR."
VAK,ÖRDEK SESİ
VAKA,"OLAY, HADİSE"
VAKAR,AĞIRBAŞLILIK
VAKETA,BİR TÜR İNCE MEŞİN
VAKETA,İNEK DERİSİNDEN İNCE MEŞİN
VAKIA,OLGU
VALA,BAŞ ÖRTÜSÜ OLARAK KULLANILAN BİR TÜR İPEKLİ DOKUMA
VALA,"YÜKSEK, YÜCE"
VALF,VANA
VALS,BİR TÜR SALON DANSI
VALİ,İL YÖNETİCİSİ
VALİ,İLBAY
VALİ,İLDE EN YETKİLİ DEVLET GÖREVLİSİ
VALİDE,ANNE
VAMP,"ERKEKLERİ PEŞİNDE KOŞTURAN, TAVIR VE KIYAFETİYLE BAKIŞLARI ÜZERİNDE TOPLAYAN KADIN"
VAN,ATLARIN TAŞINMASI İÇİN YAPILMIŞ KAPALI TAŞIMA ARACI
VAN,BİR İLİMİZ
VANA,VALF
VAR,ELDE BULUNAN HER ŞEY
VAR,MEVCUT
VAR,"MEVCUT, EVRENDE YA DA DÜŞÜNCEDE YER ALAN"
VARAKA,"YAZILI KAĞIT, VARAK"
VARANT,EMRE YAZILI SENET
VARDELA,KÖSELE ŞERİT
VARDELA,İNCE KÖSELE ŞERİT
VARDİYA,NÖBETLEŞE ÇALIŞMA
VARESTE,ESKİ DİLDE KURTULMUŞ
VARESTE,"KURTULMUŞ, UZAK"
VARTA,TEHLİKELİ DURUM
VARYANT,YAN YOL
VARİDE,GELEN EVRAK
VARİS,TOPLARDAMAR GENİŞLEMESİ
VARŞOVA,POLONYA'NIN BAŞKENTİ
VARŞOVA,POLONYANIN BAŞKENTİ
VARŞOVA,POLONYA’NIN BAŞKENTİ
VASAT,ORTA
VASAT,"ORTA, NE İYİ NE KÖTÜ"
VASATİ,ORTALAMA
VASITA,ARAÇ
VASİ,BİR YETİMİN VEYA AKILCA ZAYIF BİRİNİN MALINI YÖNETEN KİMSE
VASİ,BİRİNİN MALINI YÖNETEN KİMSE
VASİ,"ENGİN, GENİŞ"
VASİ,"GENİŞ, ENGİN"
VASİ,LÜTFU BOL OLAN
VASİ,YETİM MALINI YÖNETEN
VASİ,ÖLEN BİR KİMSENİN VASİYETİNİ YERİNE GETİREN
VAT,MOTOR GÜÇ BİRİMİ
VAT,MOTOR GÜÇ BİRİMİ (FİZİK)
VAT,SANİYEDE BİR JUL DEĞERİNDE İŞ YAPAN BİR MOTORUN GÜÇ BİRİMİ
VAT,SANİYEDE BİR JULLÜK İŞ YAPAN BİR MOTORUN GÜÇ BİRİMİ
VATAN,YURT
VATKA,GİYSİLERDE OMUZ DESTEĞİ
VATMAN,TRAMVAY SÜRÜCÜSÜ
VAV,ARAP ALFABESİNDE BİR HARF
VAVEYLA,"ÇIĞLIK, FERYAT"
VAZ,KONMA
VAZ,"KONMA, KONULMA"
VAZO,ÇİÇEK KABI
VAZO,ÇİÇEK KOYMAYA YARAR KAP
VAZİFE,GÖREV
VAİD,DOĞRU YOLA YÖNLENDİRME
VAİZ,CAMİDE DİNÎ KONUŞMALAR YAPAN KİMSE
VAİZ,CAMİDE VAAZ VEREN
VAİZ,"İBDET YERLERİNDE DİNİ KONUŞMALAR YAPAN KİMSE, ÖĞÜTÇÜ"
VAŞAK,"KEDİGİLLERDEN, KÜRKÜNDEN YARARLANILAN ÇOK YIRTICI HAYVAN"
VAŞAK,YIRTICI BİR HAYVAN
VAŞAK,ÇOK YIRTICI HAYVAN
VE,BİR BAĞLAÇ
VEBA,SALGIN BİR HASTALIK
VEBA,"ÖLDÜRÜCÜ BİR HASTALIK, TAUN"
VEBA,ÖLDÜRÜCÜ BİR HASTALIK; TAUN
VEBA,ÖLÜMCÜL BİR HASTALIK
VECA,AĞRI
VECD,KENDİNDEN GEÇME
VECİ,"SIZLATAN, AĞRI VEREN"
VECİBE,BOYUN BORCU
VECİBE,YÜKÜMLÜLÜK
VEDA,AYRILIRKEN ESENLEŞME
VEDA,ESENLİK DİLEME
VEDA,HİNDULARIN KUTSAL KİTABI
VEDİA,EMANET İNAM
VEDİA,"EMANET, İNAM"
VEHHAB,ÇOK BAĞIŞLAYAN
VEKİL,"BAKAN, NAZIR"
VEKİL,MİLLETVEKİLİ
VELİ,ERMİŞ
VELİ,‘ORHAN ...’ (UNUTULMAZ ŞAİR)
VENA,TOPLAR DAMAR
VENA,TOPLARDAMAR
VERANDA,CAMLI TARAÇA
VERE,BİR KALENİN TESLİMİ
VEREM,TÜBERKÜLOZ
VEREM,"İNCE AĞRI, İNCE HASTALIK, TÜBERKÜLOZ"
VERESİYE,PEŞİN KARŞITI
VERESİYE,‘PEŞİN’ KARŞITI
VERESİYE,‘PEŞİN’KARŞITI
VEREV,"BİR KÖŞEDEN KARŞI KÖŞEYE DOĞRU KESİLMİŞ, KATLANMIŞ YA DA KONULMUŞ OLAN"
VEREV,ÇAPRAZLAMA KESMEK
VERNİK,AHŞAP CİLASI
VERONİKA,YAVŞAN OTU DA DENİLEN MAVİ VE BEYAZ RENKTE ÇİÇEKLER AÇAN BİR BİTKİ
VERONİKA,YAVŞANOTU
VERİM,RANDIMAN
VERİM,"İSTENİLEN SONUÇ, RANDIMAN"
VESAYET,VASİLİK
VESAİK,"BELGELER, VESİKALAR"
VESVESE,"ŞÜPHE, KURUNTU"
VESİKA,BELGE
VESİLE,"SEBEP, BAHANE"
VETO,"KARŞI ÇIKMA, ENGELLEME"
VETO,"KARŞI ÇIKMA, ENGELLEME, REDDETME"
VETİRE,ESKİ DİLDE SÜREÇ
VEÇHE,YÖN
VN,VİETNAM PLAKASI
VOLE,FUTBODA TOPA BİR VURUŞ TÜRÜ
VOLT,GERİLİM BİRİMİ
VOLİ,ARGODA VURGUN
VOLİ,"BALIKÇILARIN, BALIKLARI ÇEVİRMEK İÇİN KAYIKLARLA DENİZE FIRDOLAYI AĞ SALMALARI"
VS,VESAİRE (KISACA)
VUALET,KADIN ŞAPKALARINA KONULAN VE YÜZÜ ÖRTEN İNCE TÜL
VUALET,KADIN ŞAPKASI ÖRTÜSÜ
VUKUAT,GÜVENLİĞİ İLGİLENDİREN OLAY
VURAL,VURUP ALMAKLA İLGİLİ
VURAL,‘TONGUÇ ...’ (MÜZİSYEN SANATÇI)
VURAÇ,RAKET
VUSLAT,SEVGİLİYE KAVUŞMA
VÜKELA,"OSMANLI'DA BAKANLAR, VEKİLLER"
VÜKELA,"VEKİLLER, BAKANLAR"
VÜSAT,GENİŞLİK
VİDA,BURMALI ÇİVİ
VİDA,DÖNDÜRÜLEREK BİR YERE SOKULAN BURMALI ÇİVİ
VİDALA,SEPİLENMİŞ DANA DERİSİ
VİDALA,ÇANTA VE AYAKKABI YAPIMINDA KULLANILAN SEPİLENMİŞ DANA DERİSİ
VİKAYE,"KORUMA, ESİRGEME, GÖZETME"
VİKAYE,"KORUMA, GÖZETME"
VİLLA,BAHÇELİ VE GÜZEL EV
VİLLA,BAĞIMSIZ LÜKS EV
VİLNİUS,LİTVANYA'NIN BAŞKENTİ
VİLNİUS,LİTVANYANIN BAŞKENTİ
VİLNİUS,LİTVANYA’NIN BAŞKENTİ
VİNA,HİNT MÜZİĞİNE ÖZGÜ TELLİ BİR ÇALGI
VİNÇ,AĞIR YÜK KALDIRMAYA VE BİR YERE TAŞIMAYA YARAYAN ARAÇ
VİNÇ,YÜK KALDIRMA ARACI
VİRA,DENİZCİLİKTE ÇALIŞTIRMA KOMUTU
VİRA,"DURMADAN, ARALIKSIZ"
VİRANE,HARAP OLMUŞ YAPI
VİRANE,YIKILMIŞ VEYA ÇOK HARAP OLMUŞ YAPI
VİRANELİK,EV YIKINTILARI BULUNAN YER
VİRT,ÇOK TEKRARLAMA
VİRÜS,GÖZLE GÖRÜLEMEYEN MİKROORGANİZMA?
VİSAL,KAVUŞMA
VİSAL,SEVGİLİYE KAVUŞMA
VİTES,OTODA HIZ DEĞİŞTİRİCİ
VİTRAY,PENCERE SÜSLEME SANATI
VİTRAY,SAYDAM PENCERE SÜSLEMESİ
VİTRAY,SAYDAM PENCERE SÜSLEMESİ YA DA RESİM
VİYA,GEMİYİ DÜZ YÜRÜTME
VİYANA,AVUSTURYA BAŞKENTİ
VİYANA,AVUSTURYANIN BAŞKENTİ
VİYANA,AVUSTURYA’NIN BAŞKENTİ
VİYOLA,BİR TÜR KEMAN
VİYOLA,"KEMANA BENZER, KEMANDAN BÜYÜK BİR ÇALGI"
VİYOLA,KEMANDAN BÜYÜK ÇALGI
VİZİTE,HEKİME ÖDENEN ÜCRET
VİZİTE,MUAYNE ÜCRETİ
VİŞNE,BİR MEYVE
VİŞNE,KIRMIZI RENKTE EKŞİMTIRAK MEYVE
YA,'EVET’ ANLAMINDA ÜNLEM
YA,BİR BAĞLAÇ
YA,BİR ŞAŞMA ÜNLEMİ
YA,EVET’ ANLAMINDA ÜNLEM
YA,"ŞAŞMA, ŞAŞKINLIK BİLDİREN BİR SÖZ"
YABA,BİR HARMAN ARACI
YABA,HARMAN SAVURMA ARACI
YABA,"HARMAN SAVURMAKTA KULLANILAN, ÇATAL BİÇİMİNDE TAHTADAN TARIM ARACI"
YABA,ÇATAL BİÇİMİNDE TAHTADAN TARIM ARACI
YABAN,BİR ROMAN
YABAN,MEMLEKETTEN UZAK
YABAN,YAKUP KADRİ KARAOSMAN OĞLU’NUN BİR ROMANI
YABAN,İNSAN YAŞAMAYAN ISSIZ YER
YABANİ,"DOĞADA YAŞAYAN, EVCİL OLMAYAN"
YABANİ,EVCİL OLMAYAN
YABRAK,KAT KAT AYRILABİLEN ŞEYLERDE KAT
YAD,ANMA
YAD,YABANCI
YAFA,BİR PORTAKAL TÜRÜ
YAFA,KALIN KABUKLU PORTAKAL
YAFTA,ETİKET
YAFTA,HAKSIZ SUÇLAMA
YAFTA,KİŞİYE İSNAT EDİLEN HAKSIZ SUÇLAMA
YAFTA,"MECAZEN, HAKSIZ"
YAFTA,"MECAZEN, HAKSIZ SUÇLAMA"
YAHNİ,BİR TÜR ET YEMEĞİ
YAHNİ,"ETLİ, SEBZELİ YEMEK"
YAHNİ,SOĞANLI ET YEMEĞİ
YAK,TİBET ÖKÜZÜ
YAKA,"KIYI, KENAR"
YAKA,SEMT
YAKAKENT,SAMSUN İLÇESİ
YAKAKENT,SAMSUN'UN BİR İLÇESİ
YAKALAMA,KAÇAĞI ELE GEÇİRME
YAKALAMAK,ELE GEÇİRME
YAKALAMAK,KAÇAĞI ELE GEÇİRME
YAKALAMAK,KAÇAĞI ELE GEÇİRMEK
YAKARI,DUA
YAKI,AĞRI KESİCİ BANT
YAKI,VÜCUDA KONULAN ECZALI BEZ
YAKLAŞIM,"BİR SORUNU ELE ALIŞ, ONA BAKIŞ BİÇİMİ"
YAKMA,HALK DİLİNDE ŞARBON
YAKMA,HALK DİLİNDE ŞARBON HASTALIĞINA VERİLEN AD
YAKUT,DEĞERLİ BİR TAŞ
YAKUT,"PEMBE YA DA ERGUVAN TONLARI İLE KARIŞIK KOYU KIRMIZI RENKTE, SAYDAM BİR KORİNDON TÜRÜ OLAN DEĞERLİ TAŞ"
YAKUZA,JAPON MAFYASI
YAKİNEN,"KESİN OLARAK, İYİCE"
YAL,KÖPEK VE İNEKLERE YEDİRİLMEK ÜZERE UN VE KEPEKLE HAZIRLANAN YİYECEK
YAL,İNEK YİYECEĞİ
YALAK,HAYVANLARIN SU İÇTİKLERİ TAŞ YA DA AĞAÇTAN OYMA KAP
YALAK,HAYVANLARIN SU İÇTİĞİ KAP
YALAKA,"ARSIZ, SIRNAŞIK"
YALAKA,DALKAVUK
YALAMUK,"ÇAM AĞACININ ÇİĞNENİP EMİLEN İÇ BÖLÜMÜ VE BUNU ALMAK İÇİN AĞACIN GÖVDESİNE AÇILAN YARA, SOYMUK"
YALAN,"ASILSIZ, UYDURMA SÖZ"
YALAN,DOĞRU OLMAYAN SÖZ
YALAN,UYDURMA SÖZ
YALI,SU KIYISINDA GÖRKEMLİ EV
YALI,"SU KIYISINDA YAPILMIŞ BÜYÜK, GÖRKEMLİ EV"
YALI,SU KIYISINDAKİ GÖRKEMLİ EV
YALIN,"GÖSTERİŞSİZ, SADE"
YALIN,RESİMDEKİ ŞARKICI
YALIN,"SÜSSÜZ, SADE"
YALITKAN,"ELEKTRİK İLETKENLİĞİ SIFIR VEYA ÇOK ZAYIF OLAN (CİSİM VEYA MADDE); YALITICI, İZOLATÖR, İLETKEN KARŞITI"
YALITKAN,İLETKEN KARŞITI
YALITKAN,İZOLATÖR
YALIYAR,FALEZ
YALOVA,BİR İLİMİZ
YALPA,İKİ YANA SALLANARAK YÜRÜME
YALPI,İKİ TEPE ARASINDAKİ DÜZLÜK
YAM,POSTA BEYGİRİ
YAMA,ARAÇ LASTİĞİ ONARMA
YAMA,DELİK VE YIRTIĞI UYGUN BİR PARÇA İLE ONARMA
YAMA,DERİDE GENİŞ LEKE
YAMA,DERİDEKİ GENİŞ LEKE
YAMAK,BİR İŞTE YARDIMCI ERKEK
YAMAK,ERKEK YARDIMCI
YAMUK,BİR YANA EĞİK OLAN
YAN,TARAF
YANAK,YÜZDE BİR BÖLÜM
YANAL,"ALACA, İKİ RENKLİ"
YANAŞMA,GENELLİKLE BİR ÇİFTÇİ YANINDA ÇALIŞAN İŞÇİ
YANAŞMA,ÇİFTÇİ YARDIMCISI
YANIKARA,ŞARBON
YANIT,CEVAP
YANSIMA,DOĞA SESLERİNE BENZER SESLERLE YAPILAN KELİME
YANSIMA,"YANSINIM, YANSILAMA, AKSETME"
YANİ,SÖZÜN KISASI
YANİ,"SÖZÜN KISASI, DOĞRUSU"
YAPI,BİNA
YAR,SEVGİLİ
YAR,UÇURUM
YARA,CERİHA
YARA,"DERT, ÜZÜNTÜ, ACI"
YARA,VÜCUTTA DERİN KESİK
YARA,"YARIK, GEDİK"
YARADAN,TANRI
YARAN,DOSTLAR
YARAR,FAYDA
YARAR,"FAYDA, ÇIKAR"
YARASA,GECE KUŞU
YARASA,UÇABİLEN MEMELİ HAYVAN
YARASA,UÇAN MEMELİ HAYVAN
YARASA,"ÖN AYAKLARI PERDELİ KANAT BİÇİMİNDE GELİŞMİŞ, VÜCUDU YUMUŞAK SIK KILLARLA KAPLI, İSKELETLERİ HAFİF YAPILI, UÇABİLEN MEMELİ HAYVAN"
YARASA,"ÖN AYAKLARI PERDELİ, KANAT BİÇİMİNDE GELİŞMİŞ, İSKELETLERİ HAFİF YAPILI, UÇABİLEN MEMELİ HAYVAN"
YARDA,BİR İNGİLİZ UZUNLUK ÖLÇÜSÜ BİRİMİ
YARDA,İNGİLİZ UZUNLUK ÖLÇÜSÜ BİRİMİ
YAREN,ARKADAŞ
YAREN,"ARKADAŞ, YAKIN DOST"
YARIN,BU GÜNDEN SONRAKİ İLK GÜN
YARKA,BÜYÜK PİLİÇ
YARMA,"GELİŞİGÜZEL KIRILMIŞ BUĞDAY, DÖVME"
YARMA,İRİ TANELİ TAHIL
YARMA,"İRİ YARI, KABA KİMSE"
YAS,MATEM
YAS,YAYVAN BİR KAP
YASA,KANUN
YASA,KANUN (HUKUK)
YASAK,YAPILMAMASI İSTENEN
YASAK,YAPILMAMASI İSTENMİŞ
YASAK,YAPILMAMASI İSTENMİŞ OLAN
YASAL,"LEGAL, KANUNİ"
YASAMA,YASA KOYMA
YASAMA,"YASA KOYMA, TEŞRİ"
YASAMA,"YASA KOYMA, YASA YAPMA, TEŞRİ"
YASEMİN,GÜZEL KOKULU BİR AĞAÇÇIK
YAT,ÖZEL GEZİNTİ GEMİSİ
YAT,ÖZEL GEZİNTİ TEKNESİ
YATA,TÜRK ATLANTİK GENÇLİK KONSEYİ (KISALTMA)
YATA,ÖZEL GEZİNTİ GEMİSİ
YATA,ÖZEL GEZİNTİ GEMİSİ.
YATAK,DÖŞEK
YATALAK,YATAĞA MAHKUM HASTA
YATALAK,İNME NEDENİYLE YATAKTAN KALKAMAYAN KİMSE
YATAY,UFKİ
YATAY,ZEMİNE PARALEL
YATAĞAN,MUĞLA İLÇESİ
YATAĞAN,MUĞLA'NIN BİR İLÇESİ
YAVAŞA,BURUNDURUK
YAVAŞA,HUYSUZ ATLARI YOLA GETİRMEK İÇİN DUDAKLARINA TAKILAN TAHTA KISKAÇ
YAVE,SAÇMA SAPAN SÖZ
YAVŞAK,BİT YAVRUSU
YAY,BİR BURÇ
YAY,OK ATMA ARACI
YAY,ZEMBEREK
YAYA,YÜRÜYEREK GİDEN
YAZ,BİR MEVSİM
YAZANAK,RAPOR
YAZAR,MUHARRİR
YAZIHAN,MALATYA İLÇESİ
YAZIHAN,MALATYA'NIN BİR İLÇESİ
YAZIT,KİTABE
YAZMA,DESENLİ BAŞÖRTÜSÜ
YAZMA,KABAKULAK HASTALIĞI
YAĞI,DÜŞMAN
YAĞI,"DÜŞMAN, HASIM"
YAĞMURCA,DAĞ KEÇİSİ
YAĞMURLAMAK,"HAVA YAĞMURA ÇEVİRMEK, YAĞMUR YAĞACAK GİBİ OLMAK"
YAŞ,"ISLAK, ISLANMIŞ"
YAŞ,"NEMLİ, ISLAK"
YAŞAM,HAYAT
YAŞARSEYMAN,‘KENTLERİN KALBİ’ ADLI KİTABIN YAZARI
YB,İTERBİYUM (SİMGE)
YB,İTERBİYUM SİMGESİ
YB,İTERBİYUM'UN SİMGESİ
YEDİSU,BİNGÖL İLÇESİ
YEGAN,"BİRLER, TEKLER"
YEGANE,"BİRİCİK, TEK"
YEGANE,TEK
YEK,"BİR, TEK"
YEK,TAVLADA ‘BİR’
YEKE,DÜMEN KOLU
YEKE,DÜMENİN BAŞ TARAFINA TAKILAN KOL
YEKE,KAYIKTA DÜMEN KOLU
YEKE,KAYIKTA DÜMENİ KULLANMAK İÇİN DÜMENİN BAŞ TARAFINA TAKILAN KOL
YEKSAN,DÜZ
YEKTA,"TEK, EŞSİZ, BİRİCİK"
YEL,RÜZGAR
YEL,"RÜZGAR, BAD"
YEL,"RÜZGÂR, BAD"
YELE,ASLAN ENSESİNDEKİ UZUN KILLAR
YELE,ATIN BOYNUNDAKİ KILLAR
YELEKEN,HAVADAR
YELEKEN,"YELEÇ, HAVADAR"
YEM,AĞIZOTU
YEM,HAYVAN YİYECEĞİ
YEMEK,AKŞAM YEMEKLERİNDE KULLANILAN BÜYÜK MASA?
YEMEK,"YEMEK YEME, KARIN DOYURMA İŞİ"
YEMENİ,BİR TÜR HAFİF AYAKKABI
YEMENİ,"YAZMA, ÇİT"
YEMLİK,YEM İÇİN AYRILAN
YEMİN,ANT
YEN,GİYSİ KOLU
YEN,JAPON PARA BİRİMİ
YENGE,AKRABA KARISI
YENGE,BİRİNİN DAYISININ KARISI
YENİ,"CEDİT, ESKİ KARŞITI"
YENİ,EN SON EDİNİLEN
YENİ,ESKİ KARŞITI
YENİ,KULLANIL MAMIŞ OLAN
YENİ,KULLANILMAMIŞ
YENİ,KULLANILMAMIŞ OLAN
YENİ,"TANINMAYAN, BİLİNMEYEN"
YENİCE,ÇANAKKALE İLÇESİ
YENİCE,ÇANAKKALE'NİN BİR İLÇESİ
YENİCİ,YENİLİK YANLISI
YENİK,BİR HAYVANIN VEYA BÖCEĞİN BİR ŞEYİ YİYEREK O ŞEYDE BIRAKTIĞI İZ
YENİK,"YENİLMİŞ, MAĞLUP"
YENİMAHALLE,ANKARA'NIN BİR İLÇESİ
YER,MEKAN
YER,"MEKAN, MAHAL"
YEREGEÇEN,HAVUÇ
YEREGEÇEN,HAVUÇ.
YEREL,MAHALLİ
YEREY,YER KABUĞUNUN OLUŞUMU BAKIMINDAN ELE ALINAN HERHANGİ BİR PARÇASI
YERLEŞKE,KAMPÜS
YES,İNGİLİZCE EVET
YES,İNGİLİZCEDE EVET
YESARİ,"SOLA AİT, SOLA İLİŞKİN"
YESARİ,SOLAK
YETENEK,KABİLİYET
YETKİ,SALAHİYET
YETKİN,"OLGUN, KAMİL"
YETKİN,‘... DİKİNCİLER’ (AKTÖR)
YETİ,HİMALAYALAR’DA YAŞADIĞINA İNANILAN “KAR ADAM”A VERİLEN AD
YETİ,"KUVVE, MELEKE"
YETİ,MELEKE
YETİM,BABASI ÖLMÜŞ (ÇOCUK)
YETİM,BABASI ÖLMÜŞ ÇOCUK
YEĞ,"DAHA İYİ, EVLA"
YEİS,"UMUTSUZLUKTAN DOĞAN KARAMSARLIK, ÜZÜNTÜ"
YEİS,ÜMİTSİZLİK
YFARAK,BİRAZ UFAK
YIL,SENE
YILAN,SÜRÜNGEN BİR HAYVAN
YIR,"EZGİ, TÜRKÜ, NAĞME"
YIR,ŞİİR
YO,HAYIR
YOGA,HİNT FELSEFE SİSTEMİ
YOGA,RUH VE BEDENİ DENGELEYEN HİNT FELSEFESİ
YOGA,RUHA VE BEDENE EGEMEN OLAN FELSEFE
YOGA,RUHSAL YAŞAMA VE BEDENE EGEMEN OLMAYI AMAÇLAYAN HİNT FELSEFE SİSTEMİ
YOGA,RUHSAL YAŞAMA VE BEDENE EGEMEN OLMAYI AMAÇLAYAN HİNT FELSEFE SİSTEMİ.
YOK,NAMEVCUT
YOK,"OLMAYAN, BULUNMAYAN ŞEY"
YOK,‘VAR’ KARŞITI
YOL,BİR YERE ULAŞMAK İÇİN KULLANILAN YOL?
YOL,ULAŞIM ŞERİDİ
YOLAK,PATİKA
YOMRA,TRABZON İLÇESİ
YOMRA,TRABZON'UN BİR İLÇESİ
YONGA,YONTULMUŞ TAHTA PARÇASI
YONT,BAŞIBOŞ HAYVAN
YORTU,HIRİSTİYAN BAYRAMI
YOSUN,"TALLI BİTKİLERİN, ÇOĞU SULARDA YETİŞEN İLKEL YAPIDAKİ ÖRNEKLERİNE VERİLEN GENEL AD"
YOSUN,İLKEL SU BİTKİSİ
YOZ,DEJENERE
YOZ,"SOYSUZ, DEJENERE"
YOĞ,ESKİ TÜRKLERDE ÖLÜLER İÇİN YAPILAN TÖREN
YSK,YÜKSEK SEÇİM KURULU
YUAN,ÇİN PARA BİRİMİ
YUAN,ÇİN’İN PARA BİRİMİ
YUF,"KINAMA, ÜZÜNTÜ, NEFRET BİLDİREN BİR SÖZ"
YULAR,BİR YERE BAĞLAMAK YA DA ÇEKEREK GÖTÜRMEK İÇİN HAYVANIN BAŞLIĞINA YA DA TASMASINA BAĞLANAN İP
YULAR,HAYVAN TASMASINA BAĞLANAN İP
YULAR,HAYVANIN BAŞLIĞINA BAĞLANAN İP
YUNA,EYER ALTINA KONULAN KEÇE
YUNAK,HAMAM
YUNAK,KONYA İLÇESİ
YUNUS,BİR DENİZ HAYVANI
YURT,"BİR HALKIN ÜZERİNDE YAŞADIĞI, KÜLTÜRÜNÜ OLUŞTURDUĞU TOPRAK PARÇASI"
YURT,VATAN
YUSUFİ,"PADİŞAH, SADRAZAM, VEZİRLER VE YÜKSEK DERECELİ DEVLET ERKANININ GİYDİĞİ KAVUK"
YUĞ,ESKİ TÜRKLERDE ÖLÜLER İÇİN YAPILAN TÖREN
YY,YÜZYIL (KISACA)
YÖNEY,VEKTÖR
YÖRE,CİVAR
YÖRE,"HAVALİ, MAHAL"
YÜCE,YÜKSEK
YÜN,KOYUN TÜYÜ
YÜREK,KALP
YÜZBAŞI,TEĞMENDEN SONRA GELEN
YİDİŞ,ALMANYA DIŞINA SÜRÜLMÜŞ MUSEVİLERİN 14. ASIRDAN BAŞLAYARAK KULLANMIŞ OLDUKLARI ALMANCA-YAHUDİCE KARMASI DİL
YİLBİK,SARA HASTALIĞI
YİNE,"BİR DAHA, TEKRAR"
YİNE,"BİR DAHA, TEKRAR, GENE"
YİNEKE,BİZANS KİLİSELERİNDE KADINLARA AYRILAN BÖLÜM
YİNELEME,TEKRARLAMA
YİNELEMEK,"İKİLEMEK, TEKRARLAMAK"
YİNG,ÇİN DÜŞÜNCESİNDE DİŞİ İLKE
YİRİK,"HALK DİLİNDE YANIK, YIRTIK."
YİSA,BİR ÇOK KİŞİNİN YAPTIĞI İŞLERDE GAYRET VERMEK İÇİN KULLANILAN ÜNLEM
YİTİK,"KAYIP, ZAYİ"
YİTİK,"ZAYİ, KAYIP"
YİTİM,KAYIP
YİTİM,KAYIP.
YİV,EK ÇİZGİSİ
YİV,SAÇTA AYIRMA YERİ
YİĞİT,"GÜÇLÜ VE YÜREKLİ, KAHRAMAN, ALP"
ZA,FAS'TA BİR NEHİR
ZA,FAS’TA BİR NEHİR
ZA,GÜNEY AFRİKA CUMHURİYETİNİN PLAKASI
ZA,GÜNEY AFRİKA PLAKASI
ZA,GÜNEY AFRİKA'NIN PLAKASI
ZA,UZAY’IN ORTASI
ZAAF,"DAYANAMAMA, DÜŞKÜNLÜK"
ZAAF,DÜŞKÜNLÜK
ZAAF,"İRADE YETERSİZLİĞİ, DÜŞKÜNLÜK"
ZAAF,İRADE ZAYIFLIĞI
ZABIT,TUTANAK
ZABT,ZORLA ELE GEÇİRME
ZABİT,RÜTBESİ TEĞMENDEN BİNBAŞIYA KADAR OLAN SUBAY
ZABİT,SUBAY
ZABİTAN,SUBAYLAR
ZADE,"ERKEK EVLAT, OĞUL"
ZADE,OĞUL
ZAFER,SAVAŞTA KAZANILAN BAŞARI
ZAFERALGÖZ,RESİMDEKİ OYUNCU
ZAFERERGİN,RESİMDEKİ OYUNCU
ZAGREB,HIRVATİSTAN'IN BAŞKENTİ
ZAGREB,HIRVATİSTAN IN BAŞKENTİ
ZAGREB,HIRVATİSTANIN BAŞKENTİ
ZAGREB,HIRVATİSTAN’ IN BAŞKENTİ
ZAGREB,HIRVATİSTAN’IN BAŞKENTİ
ZAHM,ESKİ DİLDE YARA
ZAHME,MIZRAP
ZAHMET,GÜÇLÜK
ZAHİR,BELLİ
ZAHİRE,AMBARDAKİ TAHIL
ZAHİRE,GEREKTİĞİ ZAMAN KULLANILMAK İÇİN SAKLANAN TAHIL
ZAHİRİ,GÖRÜNEN
ZAHİRİ,"GÖRÜNEN, GÖRÜNÜRDEKİ"
ZAHİT,DİNDE YASAK OLAN ŞEYLERDEN KAÇINIP BUYRUKLARINI UYGULAYAN
ZAHİT,DİNİ YASAKLARDAN SAKINAN
ZAHİT,DİNİN YASAK ETTİĞİ ŞEYLERDEN KAÇINIP BUYRUKLARINI YERİNE GETİREN
ZAHİT,KABA SOFU
ZAKKUM,AĞI AĞACI
ZAKKUM,BİR MÜZİK GRUBU
ZAKKUM,"PEMBE, BEYAZ ÇİÇEK AÇAN, KIŞIN YAPRAK DÖKMEYEN, ZEHİRLİ BİR AĞAÇÇIK"
ZAKKUM,ZEHİRLİ BİR AĞAÇÇIK
ZAKİR,"ZİKREDEN, ANAN"
ZALİMANE,ACIMASIZCA
ZALİMANE,"ACIMASIZCA, ZALİMCE"
ZAM,"ARTTIRMA, BİNDİRME"
ZAM,BİR ŞEYİN FİYATINI ARTIRMA
ZAM,BİR ŞEYİN FİYATINI ARTIRMA; BİNDİRİM
ZAM,FİYAT ARTIRIMI
ZAMAN,VAKİT
ZAMANE,"İÇİNDE BULUNULAN ZAMAN, DÖNEM"
ZAMANE,ŞİMDİKİ ZAMAN (HAFİFSEME YOLUYLA)
ZAMANSIZLIK,UYGUN ZAMANIN OLMAMASI DURUMU
ZAMK,YAPIŞTIRICI
ZAMK,YAPIŞTIRICI MADDE
ZAMK,YAPIŞTIRICI OLARAK KULLANILAN BİR TÜR ERİYİK
ZAMİR,ADIL
ZAMİR,"BEN, SEN, O, BİZ, SİZ, ONLAR"
ZAMİR,"İÇYÜZ, İÇ"
ZAN,SANI
ZAN,"SANMA, SANI"
ZANAAT,EL BECERİSİ GEREKTİREN İŞLER
ZANAAT,EL USTALIĞI İSTEYEN İŞLER
ZANAAT,ESKİ DİLDE EL USTALIĞI
ZANKA,İKİ ATLI KIZAK
ZAPT,"TUTMA, HAKİM OLMA"
ZAPT,ZORLA ELE GEÇİRME
ZAR,BİR KUMAR ARACI
ZAR,ÇEPER
ZAR,İNCE PERDE VEYA ÖRTÜ
ZAR,İNCE PERDE YADA ÖRTÜ
ZARA,SİVAS İLÇESİ
ZARAR,BİR ŞEYİN EKSİLMESİ VEYA YİTİRİLMESİ SONUCU ORTAYA ÇIKAN DURUM
ZARAR,ZİYAN
ZARF,MEKTUP KESESİ
ZARURİ,ZORUNLU
ZAT,"KİMSE, KİŞİ"
ZAT,KİŞİ
ZAT,"KİŞİ, KİMSE, ŞAHIS"
ZATEN,"DOĞRUSUNU İSTERSENİZ, ESASEN"
ZATEN,ESASEN
ZATİ,KİŞİSEL
ZATİ,"KİŞİSEL, ÖZEL"
ZAVİYE,"BİR TARİKATIN MÜRİTLERİNİN YOLCULUKLARI SIRASINDA KONAKLADIKLARI, İBADET VE AYİN YAPTIKLARI TEKKELERE VERİLEN AD"
ZAVİYE,KÜÇÜK TEKKE
ZAYIF,BAŞARISIZLIĞI GÖSTEREN NOT
ZAYIF,"ETİ, YAĞI AZ OLAN, ŞİŞMAN OLMAYAN"
ZAYIF,"SISKA, CILIZ"
ZAYİ,KAYIP
ZAYİ,"KAYIP, KAYBOLMA, YİTME"
ZAYİ,"KAYIP, YİTİK"
ZAYİAT,"BOŞA ELDEN ÇIKAN ŞEYLER, YİTİKLER"
ZAYİAT,"YİTİKLER, KAYIPLAR"
ZAÇ,KÜKÜRTLE DEMİR BİLEŞİMLERİN DEN BİRİ
ZAÇ,KÜKÜRTLE DEMİR BİLEŞİMLERİNDEN BİRİ
ZAÇ,KÜKÜRTLE DEMİR BİLEŞİMİ
ZAĞ,"BİLENMİŞ KESİCİ BİR ARACIN YÜZÜNDE KALAN VE BİLEYİ TAŞIYLA GİDERİLEN METAL ÇAPAĞI, KIL AĞI"
ZAĞAR,BİR AV KÖPEĞİ CİNSİ
ZAĞAR,YERDE YAŞAYAN HAYVANLARIN AVLANMASINDA KULLANILAN BİR TÜR AV KÖPEĞİ
ZAĞAR,YERDEKİ HAYVANLARI AVLAYAN AV KÖPEĞİ
ZAĞARA,YAKA ÜZERİNE DİKİLEN KÜRK
ZAĞARA,YAKANIN ÜZERİNE DİKİLEN KÜRK
ZAİM,‘DERVİŞ ...’ (YÖNETMEN)
ZAİR,ZİYARET EDEN
ZAİRE,KONGO DEMOKRATİK CUMHURİYETİNİN ESKİ ADI
ZAİRE,KONGO'NUN ESKİ ADI
ZAİT,"ÇOĞALTAN, ARTIRAN"
ZEAMET,OSMANLI İMPARATORLUĞUNDA SİPAHİLERİN ALDIĞI EN BÜYÜK TIMAR
ZEAMET,"TARİHTE, TIMAR"
ZEAMET,TIMAR
ZEBAN,"KONUŞULAN DİL, LİSAN"
ZEBANİ,CEHENNEM BEKÇİSİ
ZEBANİ,CEHENNEMDE GÖREVLİ MELEK
ZEBRA,"ATA BENZEYEN, DERİSİ ÇİZGİLİ BİR HAYVAN"
ZEBRA,DERİSİ ÇİZGİLİ BİR HAYVAN
ZEBRA,ÇİZGİLİ AT
ZECRİ,ZORLAYICI
ZECRİ,"ZORLAYICI, YASAKLAYAN"
ZECİR,ZORLAMA
ZECİR,"ZORLAMA, BİR İŞİ ZORLA YAPTIRMA"
ZEDELEMEK,BERELEMEK
ZEKA,ANLAK
ZEKA,"ANLAK, DİRAYET"
ZEKA,"ANLAK, DİRAYET, FERASET"
ZEKAİ,"‘... TUNCA’ (BESTECİ, ŞARKICI)"
ZEKİ,OYUNCU (… ALASYA)
ZEKİ,ÇABUK VE KOLAY KAVRAYAN
ZELZELE,DEPREM
ZELİHASUNAL,BİR ŞARKICI
ZELİL,"HOR GÖRÜLEN, AŞAĞILANAN"
ZEM,BOYANMAMIŞ SERAMİK RENGİ
ZEM,"KÖTÜLEME, YERGİ"
ZEM,"YERME, YERGİ"
ZEMHERİ,ARAPÇA KIŞ
ZEMİN,"TABAN, DÖŞEME"
ZEMİN,"TABAN, DÖŞEME, YER"
ZEN,ESKİ DİLDE KADIN
ZEN,KADIN
ZENAN,KADINLAR
ZENCİ,SİYAHİ
ZENGİN,"PARASI, MALI ÇOK OLAN, VARLIKLI"
ZENGİN,VARLIKLI
ZEPLİN,HAVA GEMİSİ
ZEPLİN,ÇOĞUNLUKLA HİDROJEN VEYA HELYUMLA ŞİŞİRİLMİŞ GÜDÜMLÜ BALON
ZER,ALTIN (ESKİ DİL)
ZER,ESKİ DİLDE ALTIN
ZERDEVA,AĞAÇ SANSARI
ZERK,ENJEKSİYON
ZERK,"İÇİTME, İÇİTİM"
ZERRE,ÇOK KÜÇÜK PARÇACIK
ZEUS,YUNAN MİTOLOJİSİNDE OLİMPOS'UN KRALI
ZEVAL,"SUÇ, KABAHAT, SORUMLULUK"
ZEVAL,"YOK OLMA, YOK EDİLME"
ZEYBEK,EFE
ZEYTAN,ZEYTİNYAĞI ÇIKARAN KİMSE
ZEYTİN,İFTAR VE SAHURSA TÜKETİLEN KAHVALTILIK
ZEYTİNBURNU,İSTANBUL'UN BİR İLÇESİ
ZIBIK,KAMIŞ DÜDÜK
ZIBIN,BEBEK İÇ ÇAMAŞIRI
ZIBIN,BEBEKLERE İÇ ÇAMAŞIRI OLARAK GİYDİRİLEN İNCE PAMUKLUDAN KISA KOLLU GİYSİ
ZIH,SAYFA ÇEVRESİNE ÇEKİLEN ÇİZGİ
ZIMBA,DELGEÇLE AÇILAN DELİK
ZIMNİ,"KAPALI OLARAK YAPILAN YA DA SÖYLENEN, KAPALI, GİZLİ"
ZIMNİ,"KAPALI, GİZLİ"
ZIMPARA,AŞINDIRICI BİR TÜR KAYA
ZIMPARA,AŞINDIRICI DOĞAL KAYA
ZIMPARA,AŞINDIRICI OLARAK KULLANILAN DOĞAL KAYA
ZIPKA,KARADENİZ KIYISI HALKININ GİYDİĞİ DAR PAÇALI POTUR
ZIPKA,KARADENİZ POTURU
ZIRH,SAVAŞLARDA SİLAHLARDAN KORUNMAK İÇİN GİYİLEN GİYSİ
ZIT,KARŞIT ANLAMLI
ZIT,"KARŞIT, TERS"
ZIVANA,İKİ UCU AÇIK KÜÇÜK BORU
ZLOTİ,POLONYA PARA BİRİMİ
ZN,ÇİNKO SİMGESİ
ZN,ÇİNKO'NUN SİMGESİ
ZN,ÇİNKONUN SİMGESİ
ZOBU,ESKİ VEZİR KONAKLARINDA BİR KISIM MÜSTAHDEME VERİLEN AD
ZOBU,ESKİDEN VEZİR KONAKLARINDAKİ BİR BÖLÜM MÜSTAHDEME VERİLEN AD
ZOE,BİRÇOK ONAYAKLI KABUKLUDA ORTA SULARDA YAŞAYAN LARVA BİÇİMİ
ZOKA,"ALDATICI ŞEY, HİLE"
ZOKA,BAZI OLTALARDA KÖSTEĞİ AĞIRLAŞTIRMAK İÇİN KULLANILAN KURŞUN PARÇASI
ZOKA,"BÜYÜK BALIKLARI TUTMAKTA KULLANILAN, KÜÇÜK BALIK BİÇİMİNDE, UCU İĞNELİ KURŞUN PARÇASI"
ZOM,"OLGUN (KİMSE), ÇOK SARHOŞ OLAN"
ZOM,ÇOK SARHOŞ (ARGO)
ZONA,BİR DERİ HASTALIĞI
ZONA,"DERİDE, SİNİRLER BOYUNCA, ÖZELLİKLE GÖVDE, BACAK VE YÜZDE BİR TAKIM AĞRILI FİSKELERİN DÖKÜLMESİYLE BELİREN MİKROPLU BİR HASTALIK"
ZONA,MİKROPLU DERİ HASTALIĞI
ZOOLOG,HAYVAN BİLİMCİ
ZOOLOG,"ZOOLOJİ UZMANI, HAYVAN BİLİMCİ"
ZOR,KOLAY KARŞITI
ZOR,KOLAY OLMAYAN
ZOR,"SIKINTI, GÜÇLÜK"
ZORAKİ,İSTEMEYEREK YAPILAN
ZORBA,"DESPOT, DİKTATÖR"
ZORBA,GÜCÜNE GÜVENEREK HÜKMÜ ALTINDA BULUNANLARA SÖZ HAKKI TANIMAYAN
ZORLAMAZSIZ,"KOLAY, İÇTEN"
ZR,ZİRKONYUM (SİMGE)
ZR,ZİRKONYUM (SİMGESİ)
ZR,ZİRKONYUM SİMGESİ
ZR,ZİRKONYUM'UN SİMGESİ
ZUHURİ,BİR ORTA OYUNU TİPİ
ZUHURİ,ORTA OYUNUNDA TAKLİTÇİ
ZULA,ARGODA KAÇAK VE ŞEYLERİN SAKLANDIĞI GİZLİ YER
ZUM,OPTİK KAYDIRMA
ZUM,OPTİK KAYDIRMA.
ZURNA,ÜFLEMELİ BİR ÇALGI
ZÜL,ALÇALMA
ZÜL,"ALÇALMA, DÜŞKÜNLÜK; AYIPLANACAK ŞEY"
ZÜLAL,"SAF, TATLI SU"
ZÜLAL,İÇİMİ HOŞ VE TATLI SU
ZÜMRE,"TOPLULUK, TAKIM, CAMİA"
ZÜMRE,"TOPLULUK, TAKIM, GRUP, CAMİA"
ZÜMRE,"TOPLULUK, TÜR, CİNS"
ZÜMRÜDÜANKA,"MASALLARDA GEÇEN VE GERÇEKTE VAR OLMAYAN BÜYÜK BİR KUŞ, ANKA"
ZÜMRÜTLENME,ZÜMRÜTLENMEK İŞİ VEYA DURUMU
Zİ,ZİRKONYUM
Zİ,ZİRKONYUM SİMGESİ
ZİBA,"SÜSLÜ, GÜZEL"
ZİBİDİ,GÜLÜNÇ DERECEDE DAR VE KISA GİYİNMİŞ OLAN
ZİBİDİ,GÜLÜNÇ GİYİMLİ KİMSE
ZİFOS,YERDEN SIÇRAYAN ÇAMUR
ZİFT,ASFALT MALZEMESİ
ZİFT,"AZ ISI İLE ERİYEN, KATI, SİYAH, PARLAK MADDE, KARASAKIZ"
ZİFT,KATRAN VE DİĞER ORGANİK MADDELERDEN ELDE EDİLEN
ZİFT,KATRANDAN ELDE EDİLEN
ZİFİR,KOYU KARANLIK
ZİFİR,TÜTÜN DUMANININ BIRAKTIĞI SİYAH KİR
ZİFİR,TÜTÜN KİRİ
ZİGANA,"GÜMÜŞHANE İLİNDE, KAYAK MERKEZİ OLAN BİR DAĞ"
ZİGANA,GÜMÜŞHANEDE DAĞ
ZİGANA,GÜMÜŞHANE’ DE DAĞ
ZİGANA,GÜMÜŞHANE’DE DAĞ
ZİHAF,EDEBİYATTA ‘İMALE’ KARŞITI
ZİHAYAT,"CANLI, YAŞAYAN"
ZİKİR,"ADINI ANMA, SÖZÜNÜ ETME"
ZİKİR,"ANMA, SÖYLEME, SÖZÜNÜ ETME"
ZİL,KÜÇÜK ÇAN
ZİL,ÇINGIRAK
ZİLE,TOKAT İLÇESİ
ZİLİ,"KİLİME BENZER, RENKLİ VE MOTİFLİ UZUN YOLLUK, YAYGI"
ZİLİ,RENKLİ UZUN YOLLUK
ZİNDAN,"MECAZEN, ÇOK KARANLIK YER"
ZİNDAN,İÇİNE İNSAN KONAN KAPALI YER
ZİNDAN,‘... ADASI’ (MARTİN SCORSESE FİLMİ)
ZİNDE,"DİNÇ, CANLI"
ZİNDE,"DİNÇ, DİRİ"
ZİNNUR,"NURLU, IŞIKLI"
ZİR,"ALT, AŞAĞI"
ZİR,SAZIN EN İNCE SES VEREN TELİ
ZİRA,BİR UZUNLUK ÖLÇÜSÜ
ZİRA,ÇÜNKÜ
ZİRA,"ÇÜNKÜ, ŞUNDAN DOLAYI"
ZİRAAT,TARIM
ZİRAAT,"TARIM, ÇİFTÇİLİK"
ZİRAİ,TANIMSAL
ZİRAİ,TARIMSAL
ZİRVE,DORUK
ZİRVE,"DORUK, TEPE"
ZİVANA,İKİ UCU AÇIK KÜÇÜK BORU
ZİVER,ESKİ DİLDE SÜS
ZİVER,SÜS
ZİVER,"SÜS, ZİYNET"
ZİYA,IŞIK
ZİYADAR,IŞIKLI
ZİYAN,ZARAR
ZİYANKARLIK,ZİYAN VERME DURUMU VEYA HUYU
ZİYARET,BİRİNİ GÖRMEYE GİTME
ZİYARET,GÖRÜŞME
ZİYNET,"SÜS, BEZEK"
ZİYNETSALİ,RESİMDEKİ ŞARKICI
ÇABA,"EFOR, GAYRET"
ÇABA,GAYRET
ÇABA,"GAYRET, CEHT, EFOR"
ÇAD,AFRİKA'DA BİR ÜLKE
ÇAD,AFRİKA’DA BİR ÜLKE
ÇAK,ESKİ DİLDE YIRTMA
ÇAKALARMUDU,AHLAT
ÇAKI,KÜÇÜK CEP BIÇAĞI
ÇAKIR,AÇIK MAVİ GÖZ
ÇAKIR,MAVİ HARELİ ELA GÖZ
ÇAKMAK,TAŞA VURULUP KIVILCIM ÇIKARILAN ÇELİK PARÇASI
ÇAL,DENİZLİ İLÇESİ
ÇAL,"TAŞLIK YER, ÇIPLAK TEPE"
ÇALACAK,YOĞURT MAYASI
ÇALAKALEM,"DURMADAN, ÇABUCAK YAZARAK"
ÇALAKAŞIK,SOLUKLANMADAN YEMEK
ÇALAP,ALLAH
ÇALAR,AYIRTI
ÇALATABAN,"KOŞARAK, KAÇARAK"
ÇALÇENE,GEVEZE
ÇAM,BİR AĞAÇ
ÇAM,BİR ORMAN AĞACI
ÇAMAŞ,ORDU İLÇESİ
ÇAMELİ,DENİZLİ İLÇESİ
ÇAMLIHEMŞİN,RİZE'NİN BİR İLÇESİ
ÇAMOLUK,GİRESUN İLÇESİ
ÇAN,ÇANAKKALE İLÇESİ
ÇANAK,GÖZ ÇUKURU
ÇANAK,"TOPRAK, METAL VB. BİR MADDEDEN YAPILMIŞ YAYVAN, ÇUKURCA KAP."
ÇANAK,YAYVAN KASE
ÇANDIR,YOZGAT İLÇESİ
ÇANDIR,YOZGAT'IN BİR İLÇESİ
ÇANK,KANUNA BENZER ÖZBEK ÇALGISI
ÇANKAYA,ANKARA İLÇESİ
ÇAP,CİSİMLERİN GENİŞLİĞİ
ÇAP,"CİSİMLERİN GENİŞLİĞİ, KUTUR"
ÇAP,KUTUR
ÇAP,"ÖLÇÜ, ÖLÇEK"
ÇAPA,GEMİ DEMİRİ
ÇAPA,TARLALARDA TOPRAĞI İŞLEMEK İÇİN KULLANILAN KAZI ARACI
ÇAPA,TOPRAĞI İŞLEYEN ARAÇ
ÇAPAR,BENEKLİ HAYVAN
ÇAPAR,HALK DİLİNDE ÇİÇEK BOZUĞU YÜZ
ÇAPAR,ÇİÇEK BOZUĞU YÜZ
ÇAPUL,"YAĞMA, TALAN"
ÇARE,"TEDAVİ YOLU, DEVA"
ÇARE,"ÇIKAR YOL, ÇÖZÜM YOLU"
ÇAT,ERZURUM İLÇESİ
ÇAT,ERZURUM’UN BİR İLÇESİ.
ÇAT,KAVŞAK. İKİ YOLUN BİRLEŞTİĞİ YER
ÇATAK,VAN İLÇESİ
ÇATAK,"YAPIŞIK, İKİZ (MEYVE)"
ÇATAK,İKİ DAĞ YAMACININ KESİŞMESİ İLE OLUŞMUŞ DERE YATAĞI
ÇATAL,BİR SOFRA ARACI
ÇATAL,UCU KOLLARA AYRILMIŞ
ÇATAL,YEMEK YEME ARACI
ÇATALZEYTİN,KASTAMONU'NUN BİR İLÇESİ
ÇATANA,"BİR TÜR KÜÇÜK VAPUR, İSTİMBOT"
ÇATANA,"KÜÇÜK VAPUR, İSTİMBOT"
ÇATANA,KÜÇÜK VAPUR; İSTİMBOT
ÇATMA,SEMERİN AĞAÇ KISMI
ÇAVUŞ,ASKERİ BİR RÜTBE
ÇAVUŞ,MANGA KOMUTANI
ÇAY,AFYON İLÇESİ
ÇAY,AFYONKARAHİSAR'IN BİR İLÇESİ
ÇAY,IRMAK İLE DERE ARASI BÜYÜKLÜKTE AKARSU
ÇAYELİ,RİZE İLÇESİ
ÇAYELİ,RİZE'NİN BİR İLÇESİ
ÇAÇA,ESKİ VE USTA GEMİCİ
ÇAÇA,TİCARET GEMİLERİNDE ESKİ VE USTA GEMİCİ
ÇAÇARON,YANDAN ÇARKLI
ÇAÇARON,YÜKSEK SESLE KONUŞAN
ÇAÇARON,"YÜKSEK SESLE, ŞİRRETLE KARŞISINDAKİ YILDIRACAK ŞEKİLDE KONUŞAN"
ÇAÇARON,"ÇENESİ KUVVETLİ, GEVEZE"
ÇAĞA,KÜÇÜK ÇOCUK
ÇAĞA,"ÇOCUK, BEBEK"
ÇAĞANAK,ZİLLİ TEF VEYA DANSÖZLERİN KULLANDIĞI ZİL
ÇAĞATAYULUSOY,RESİMDEKİ OYUNCU
ÇEK,BİR ÖDEME ARACI
ÇEK,PARA YERİNE GEÇER KAĞIT
ÇEKİ,"ODUN, AĞIRLIK ÖLÇÜ BİRİMİ"
ÇEKİ,"ODUN, KİREÇ İÇİN AĞIRLIK ÖLÇÜ BİRİMİ"
ÇEKİ,TARTI
ÇEKİ,YAKACAK AĞIRLIK ÖLÇÜSÜ
ÇEKİ,İKİYÜZELLİ KİLOLUK BİR AĞIRLIK BİRİMİ
ÇEKİM,"FİZİKTE, CAZİBE"
ÇELENK,ÇİÇEKTEN HALKA
ÇEMBALO,KLAVSENE VERİLEN BİR AD
ÇENGEL,"EĞRİ, UCU SİVRİ DEMİR"
ÇERAĞ,"MUM, KANDİL, LAMBA VB. IŞIK VEREN ARAÇ, ÇIRAĞI"
ÇEREZ,ATIŞTIRMALIK
ÇERÇEVE,RESİM KENARLIĞI
ÇERÇİ,GEZGİN ESNAF
ÇERİ,ASKER
ÇERİ,ESKİ DİLDE ASKER
ÇETELE,ÇİZİLEREK AÇILAN KERTİK
ÇETİN,‘... ALTAY’ (KOMEDİ OYUNCUSU)
ÇETİN,‘... TEKİNDOR’ (AKTÖR)
ÇEÇ,TAHIL YIĞINI
ÇEÇİL,BİR CİNS PEYNİR
ÇEŞM,GÖZ
ÇIKAR,MENFAAT
ÇIKI,KÜÇÜK BOHÇA
ÇIKI,ÇIKIN
ÇIMA,HALAT UCU
ÇIN,"DOĞRU, GERÇEK"
ÇIN,DÜNYA’ NIN EN KALABALIK ÜLKESİ
ÇIRA,REÇİNELİ AĞAÇ
ÇIRA,ÇAMIN YAĞLI KISMI
ÇIRPI,DAL VE BUDAK KIRPINTISI
ÇIT,HAFİF VE ANLIK SES
ÇITA,DÜZGÜN BİÇİLMİŞ UZUN VE ENSİZ TAHTA
ÇITA,UZUN VE ENSİZ TAHTA
ÇOK,AZ KARŞITI
ÇOMA,HALK DİLİNDE LOR PEYNİRİNE VERİLEN AD
ÇOMAK,DEĞNEK
ÇOR,"HASTALIK, DERT"
ÇOR,SIĞIR VEBASI
ÇORLU,TEKİRDAĞ İLÇESİ
ÇORLU,TEKİRDAĞ'IN BİR İLÇESİ
ÇORUM,LEBLEBİSİ İLE ÜNLÜ İL
ÇU,KIRGIZİSTAN VE KAZAKİSTAN’DA BİR IRMAK
ÇUHA,SIK DOKUNMUŞ YÜN KUMAŞ
ÇUHA,SIK DOKUNMUŞ YÜNLÜ BİR KUMAŞ TÜRÜ
ÇUKURCA,HAKKARİ İLÇESİ
ÇUL,KIL DOKUMA
ÇUL,KILDAN KABA DOKUMA
ÇUMRA,KONYA İLÇESİ
ÇÖMLEK,TOPRAK TENCERE
ÇİL,DAĞ TAVUĞU
ÇİL,DAĞTAVUĞU
ÇİLE,İPLİK KANGALI
ÇİLEME,BÜLBÜL ŞAKIMA
ÇİLEME,"ISPANAK, PANCAR GİBİ SEBZELERLE PİRİNÇ VE BULGUR KARIŞTIRILARAK YAPILAN BİR YEMEK"
ÇİM,BAHÇE BİTKİSİ
ÇİM,"BUĞDAYGİLLERDEN, BAHÇELERİN, YOL KENARLARININ VE PARKLARIN YEŞİLLENDİRİLMESİNDE YARARLANILAN BİR BİTKİ"
ÇİM,YEŞİLLİK İÇİN DİKİLEN BİTKİ
ÇİMENTO,İNŞAATTA KULLANILAN MALZEME?
ÇİN,ASYA'DA BİR ÜLKE
ÇİN,BİR ÜLKE
ÇİNAKOP,LÜFE BALIĞININ KÜÇÜĞÜ
ÇİNAKOP,LÜFER BALIĞININ KÜÇÜĞÜ
ÇİNAKOP,LÜFERİNKÜÇÜĞÜ
ÇİNE,AYDIN İLÇESİ
ÇİR,"BAŞKA, ÖTEKİ, DİĞER"
ÇİR,"KAYISI, ERİK KURUSU"
ÇİRKEF,PİS VE BULANIK
ÇİRİŞ,AYAKKABI YAPIŞTIRICISI
ÇİT,BAHÇE DUVARI
ÇİT,"BAĞ, BAHÇE GİBİ YERLERİN ÇEVRESİNE ÇALI, KAMIŞ, AĞAÇ GİBİ ŞEYLERDEN ÇEKİLEN DUVAR"
ÇİT,"YAZMA, YEMENİ"
ÇİT,ÇALI ÇIRPIDAN DUVAR
ÇİTA,HIZLI KOŞAN HAYVAN
ÇİTA,KEDİGİLLERDEN BİR HAYVAN
ÇİTA,UZUN VE ENSİZ TAHTA
ÇİTA,ÇOK HIZLI KOŞAN BİR HAYVAN
ÇİTARİ,İZMARİTGİLLER DEN BİR BALIK
ÇİTARİ,İZMARİTGİLLERDEN BİR BALIK
ÇİTEN,KUZU AĞILI
ÇİVRİL,DENİZLİ İLÇESİ
ÇİVRİL,DENİZLİ'NİN BİR İLÇESİ
ÇİY,ŞEBNEM
ÖBEK,KÜME
ÖBEK,"KÜME, GRUP"
ÖCÜ,"KÜÇÜK ÇOCUKLARI KORKUTMAK İÇİN UYDURULMUŞ HAYALİ YARATIK, UMACI"
ÖCÜ,UMACI (HALK AĞZI)
ÖD,SAFRA
ÖDEM,VÜCUTTA AŞIRI MİKTARDA SIVI BİRİKMESİ
ÖDEM,VÜCUTTA SIVI BİRİKMESİ
ÖDEM,İLTİHAPSIZ ŞİŞ
ÖDEME,TEDİYE
ÖDEME,"İFA, TEDİYE"
ÖDEMİŞ,İZMİR İLÇESİ
ÖDETİ,AİDAT
ÖDEV,"VAZİFE, VECİBE"
ÖDEV,"YAPILMASI, YERİNE GETİRİLMESİ, GEREKLİ OLAN İŞ VEYA DAVRANUŞ, VAZİFE"
ÖDÜNÇ,İLERİDE GERİ VERİLMEK VEYA ALINMAK ŞARTIYLA (ALINAN VEYA VERİLEN)
ÖDÜNÇ,"İLERİDE GERİ VERİLMEK VEYA ALINMAK ŞARTIYLA VERİLEN, ALINAN ŞEY"
ÖFKE,"ENGELLEME, İNCİNME GİBİ DURUMLARA GÖSTERİLEN SALDIRGANKLIK TEPKİSİ"
ÖFKE,HİDDET
ÖFKE,"KIZGINLIK, HIŞIM, HİDDET"
ÖGE,BAŞKA ŞEYLERİN KENDİSİNDEN TÜREDİĞİ İLK MADDE
ÖGE,"ELEMAN, UNSUR"
ÖGE,"UNSUR, UZUV, ELEMAN"
ÖKE,DAHİ
ÖKE,"DAHİ, DEHA SAHİBİ"
ÖKE,"DEHA SAHİBİ, DAHİ"
ÖKE,MİHRAK
ÖKSE,"KUŞ TUTMAKTA KULLANILAN, AYNI ADLI MACUNLA BULANMIŞ DEĞNEK"
ÖKSE,KUŞ TUZAĞI
ÖKÇE,TOPUĞUN ARKA BÖLÜMÜ
ÖKÜZ,BİR HİZMET HAYVANI
ÖL,TOPRAĞIN NEMİ
ÖLET,ÖLDÜRÜCÜ HASTALIK SALGINI
ÖLM,ÖLÜM TARİHİ (KISACA)
ÖLÇEK,BİRİM KABUL EDİLEN HERHANGİ BİR ŞEYİN ALABİLDİĞİ KADAR ÖLÇÜ
ÖLÇEK,TAHIL ÖLÇME KABI
ÖLÜK,HALSİZ
ÖMER,‘... GÜMELİ’ (ŞAİR)
ÖMERLİ,MARDİN İLÇESİ
ÖMERLİ,MARDİN'İN BİR İLÇESİ
ÖNAL,"‘FÜSUN ...’ (ŞARKICI, YAZAR)"
ÖNALIM,ŞUFA HAKKI
ÖNDER,"LİDER, ŞEF"
ÖNEL,"EK SÜRE, MEHİL"
ÖNEL,MEHİL
ÖNEM,EHEMMİYET
ÖNERERKAN,RESİMDEKİ OYUNCU
ÖNERİ,TEKLİF
ÖNEZE,AVCILARIN AV BEKLEMEK İÇİN TAŞ YIĞINLARINDAN YAPTIKLARI PUSU
ÖNEZE,PUSUDAKİ AVCI
ÖNGÖRÜ,BİR İŞİN İLERİSİNİ KESTİRME VEYA BİR İŞİN NASIL BİR YOL ALACAĞINI ÖNCEDEN ANLAYABİLME
ÖNTASAR,BİR TASARIN İLK BİÇİMİ
ÖP,“. BABANIN ELİNİ” (FİLM)
ÖRDEK,BADİ
ÖRE,"DANİMARKA, İSVEÇ VE NORVEÇ’İN KÜÇÜK PARA BİRİMİ"
ÖREK,BAŞIBOŞ GEZEN HAYVAN SÜRÜSÜ
ÖREK,HALK DİLİNDE DUVAR
ÖREKE,BİR UCU ÇATAL DEĞNEK
ÖREKE,"EĞRİLMEKTE OLAN YÜN, KETEN VB. ŞEYLERİN TUTTURULDUĞU BİR UCU ÇATAL DEĞNEK"
ÖREKE,ÇATAL YÜN EĞİRME DEĞNEĞİ
ÖREN,ESKİ KENT KALINTISI
ÖRF,GELENEK
ÖRGE,MOTİF
ÖRGÜ,TRİKOTAJ
ÖRGÜ,ÖRME İŞİ VEYA BİÇİMİ
ÖRK,HAYVAN BAĞLAMA İPİ
ÖRK,HAYVANLARI ÇAYIRA BAĞLAMAYA YARAYAN KALIN İP. HAYVAN BAĞLANAN İP
ÖRS,BİÇİMLERİ YAPILACAK İŞE GÖRE DEĞİŞEN DEMİR
ÖRS,DEMİRCİ ARACI
ÖRS,KUNDURACI ARACI
ÖRÜ,HALK DİLİNDE OTLAK
ÖRÜ,YAMA ÖRGÜSÜ
ÖRÜ,ÖRME İŞİ
ÖRÜK,SAÇ ÖRGÜSÜ
ÖSTAKİ,ORTA KULAKTA KANAL
ÖTANAZİ,ÖLME HAKKI
ÖTE,BERİ KARŞITI
ÖTE,MAVERA
ÖTEKİ,"ÖBÜRÜ, DİĞERİ"
ÖTELEME,ERTELEME
ÖTELENEN,‘... HAYATLAR’ (ALİ HAYDAR KOYUN KİTABI)
ÖTV,ÖZEL TÜKETİM VERGİSİ
ÖTV,ÖZEL TÜKETİM VERGİSİ (KISACA)
ÖVEÇ,İKİ VEYA ÜÇ YAŞINDAKİ ERKEK KOYUN
ÖVEÇ,"İKİ, ÜÇ YAŞINDAKİ ERKEK KOYUN"
ÖVGÜ,METHİYE
ÖVÜNÇ,"KIVANÇ, İFTİHAR"
ÖYKÜ,HİKAYE
ÖYKÜKARAYEL,RESİMDEKİ OYUNCU
ÖZ,NEFİS
ÖZ,ÜVEY KARŞITI
ÖZ,ÜVEY OLMAYAN
ÖZALP,VAN İLÇESİ
ÖZALP,VAN'IN BİR İLÇESİ
ÖZE,"HAS, MAHSUS"
ÖZEK,BİR ŞEYİN MERKEZİ
ÖZEL,HUSUSİ
ÖZELLİK,"HUSUSİYET, SPESİYALİTE"
ÖZEN,"İTİNA, İHTİMAM"
ÖZENÇ,İMRENME
ÖZERK,"MUHTAR, OTONOM"
ÖZET,"HÜLASA, FEZLEKE"
ÖZGE,BAŞKA
ÖZGETORER,RESİMDEKİ OYUNCU
ÖZGEYAĞIZ,RESİMDEKİ OYUNCU
ÖZGEÖZACAR,RESİMDEKİ OYUNCU
ÖZGÜKAYA,RESİMDEKİ OYUNCU
ÖZGÜNAMAL,RESİMDEKİ OYUNCU
ÖZÜR,MAZERET
ÖÇ,İNTİKAM
ÖŞÜR,ESKİDEN TOPRAK VERGİSİ
ÜCRA,UZAKTA OLAN
ÜCRA,ÇOK UZAKTA BULUNAN
ÜCRA,"ÇOK UÇTA, KENARDA OLAN"
ÜCRA,"ÇOK UÇTA, KENARDA VEYA KIYIDA KÖŞEDE OLAN"
ÜCRET,İŞ GÜCÜNÜN KARŞILIĞI
ÜCRET,İŞ GÜCÜNÜN KARŞILIĞI OLAN PARA VEYA MAL
ÜCRET,İŞ İÇİN ÖDENEN PARA
ÜDEBA,EDEBİ ESER YAZANLAR
ÜDEBA,"EDEBİ ESER YAZANLAR, YAZARLAR, EDİPLER"
ÜDEBA,EDİPLER
ÜDEBA,"YAZARLAR, EDİPLER"
ÜFLEÇ,ALEV PÜSKÜRTEN ARAÇ
ÜFTADE,DÜŞKÜN
ÜLEŞ,PAY
ÜLFET,ALIŞMA
ÜLKE,DEVLET
ÜLKE,MEMLEKET
ÜLKER,"BİR YILDIZ KÜMESİ, SÜREYYA"
ÜLKER,"YEDİKIZKARDEŞ, SÜREYYA, PEREN OLARAK DA BİLİNEN YILZID KÜMESİ"
ÜLKER,"YEDİKIZKARDEŞ, SÜREYYA, PERVİN"
ÜLKÜ,ATATÜRK'ÜN MANEVİ KIZININ İSMİ
ÜLKÜ,"DAVA, İDEAL"
ÜLKÜ,İDEAL
ÜLSER,YARA
ÜLSER,ÖZELLİKLE MİDEDE GÖRÜLEN YARA
ÜMERA,AMİRLER
ÜMMET,BİR PEYGAMBERE İNANIP ONUN YOLUNU SEÇEN KİMSELERİN TÜMÜ
ÜMMET,BİR PEYGAMBERİN GETİRDİKLERİNE İNANIP ONA TABİ OLANLAR
ÜMMET,MÜSLÜMANLARI N TÜMÜ
ÜMMİ,OKUMA YAZMASI OLMAYAN
ÜMMİ,OKUYUP YAZMASI OLMAYAN
ÜMRAN,BAYINDIRLIK
ÜMİT,"UMMA, UMUT"
ÜMİT,UMUT
ÜMİT,"‘... PARSIL’ (RESSAM, YAZAR)"
ÜMİTLİ,UMUTLU
ÜMİTVAR,UMUTLU
ÜN,SES
ÜN,ŞÖHRET
ÜN,"ŞÖHRET, ŞAN"
ÜNAL,‘ÜMİT ...’ (YÖNETMEN)
ÜNKAN,TANINMIŞ SOYDAN GELEN
ÜNLÜ,NAMLI
ÜNLÜ,ÜN SALMIŞ OLAN
ÜNLÜ,ŞÖHRETLİ
ÜNS,"ALIŞKANLIK, ALIŞMA"
ÜNSAL,‘ONUR ...’ (AKTÖR)
ÜNYE,ORDU İLÇESİ
ÜNYE,ORDU'NUN BİR İLÇESİ
ÜNİK,"TEK, EŞİ OLMAYAN"
ÜNİTE,BİRİM
ÜNİTER,MERKEZİYETÇİ
ÜRAT,SİDİK ASİDİ TUZU
ÜRAT,ÜRİK ASİT TUZU
ÜRE,AZOTLU BESİNLERİN VÜCUTTA YANMASIYLA OLUŞAN AZOTLU MADDE
ÜRE,CLUE
ÜRE,VÜCUTTA BİRİKEN AZOTLU MADDE
ÜRE,İDRARDAKİ AZOTLU MADDE
ÜRE,İDRARDAKİ MADDE
ÜRE,İDRARLA DIŞARI ATILAN AZOTLU MADDE
ÜREM,"FAİZ, GETİRİ"
ÜREM,"FAİZ, NEMA"
ÜRETEÇ,"DİNAMO, JENERETÖR"
ÜRETEÇ,JENERATÖR
ÜRETEÇ,"JENERATÖR, DİNAMO"
ÜRETİM,İSTİHSAL
ÜRGÜP,NEVŞEHİR İLÇESİ
ÜRGÜP,NEVŞEHİR'İN BİR İLÇESİ
ÜRKEK,ÇEKİNGEN
ÜRKÜ,PANİK
ÜROLOG,BEVLİYECİ
ÜRTİKER,"CİLTTE ÇEŞİTLİ SEBEPLERLE OLUŞAN KAŞINTILI DÖKÜNTÜLER, KURDEŞEN"
ÜRTİKER,KURDEŞEN
ÜRYAN,ÇIPLAK
ÜRYANİ,İNCE KABUKLU BİR ERİK
ÜRYANİ,İNCEKABUKLU BİR ERİK
ÜRÜN,MAHSUL
ÜRİSEMİ,KANDAKİ ÜRİK ASİT MİKTARI
ÜS,ASKERİ HAREKAT MERKEZİ
ÜS,ASKERİ TOPLANMA BÖLGESİ
ÜS,SÜREKLİ VEYA GEÇİCİ OLARAK KONAKLANILAN YER
ÜSARE,ESİRLER
ÜSERA,ESİRLER KÖLELER
ÜSKÜRE,ÇUKUR ÇANAK
ÜST,'ALT' KARŞITI
ÜST,ALT KARŞITI
ÜST,ALT' KARŞITI
ÜST,YÜZEY
ÜSTAT,BİLİM VEYA SANAT ALANLARINDAN BİRİNDE ÜSTÜN BİLGİSİ VE YETENEĞİ OLAN KİMSE
ÜSTAT,BİR ALANDA YETENEĞİ OLAN KİMSE
ÜSTAT,SANATTA YETENEKLİ KİMSE
ÜSTELEMEK,ISRAR
ÜSTÜN,"BENZERLERİNE GÖRE DAHA YÜKSEK BİR DÜZEYDE OLAN, ONLARI GERİDE BIRAKAN"
ÜSTÜN,DAHA NİTELİKLİ
ÜSTÜPÜ,SANAYİ PAMUĞU
ÜTME,ATEŞTE KIZARTILMIŞ TAZE BUĞDAY
ÜTOPYA,HAYAL DÜNYASI
ÜTOPİK,HAYALİ
ÜTÜ,BİR EV ALETİ
ÜTÜ,KIRIŞIK GİDERME ARACI
ÜTÜ,ÜTÜLEME ARACI
ÜVEY,"YALNIZ YASACA AKRABA SAYILAN, ARALARINDA KAN BAĞI BULUNMAYAN"
ÜVEY,ÖZ OLMAYAN
ÜVEYİK,BİR AV KUŞU
ÜVEYİK,ETİ İÇİN AVLANAN BİR KUŞ
ÜVEYİK,ETİ İÇİN AVLANAN KUŞ
ÜVEZ,GÜLGİLLERDEN BİR AĞAÇ VE BU AĞACIN MUŞMULAYA BENZEYEN YEMİŞİ
ÜVEZ,MUŞMULA BENZERİ YEMİŞ
ÜYE,AZA
ÜZERLİK,NAZAR OTU
ÜZERLİK,"SUSAMA BENZEYEN, TOHUMLARI ACI OLAN, HALK HEKİMLİĞİNDE TEDAVİ ETTİĞİNE İNANILAN BİR BİTKİ"
ÜZERİ,"BİR ŞEYİN DIŞ YÜZÜ, YÜZEY"
ÜZÜM,BİR MEYVE
ÜZÜM,SALKIM DURUMUNDA BULUNAN MEYVESİ
ÜZÜMLÜ,ERZİNCAN İLÇESİ
ÜÇAYAK,SACAYAĞI
ÜÇETEK,ANADOLU'YA ÖZGÜ KADIN GİYECEĞİ
ÜÇETEK,BİR TÜR KÖYLÜ GİYECEĞİ
ÜÇETEK,ŞALVARIN ÜSTÜNE GİYİLEN VE ÖNDE UZUN İKİ PARÇASI OLAN BİR GİYSİ
ÜÇÜNCÜ,‘... SAYFA’ (ZEKİ DEMİRKUBUZ FİLMİ)
İADE,ALINMIŞ BİR ŞEYİ GERİ VERME
İADE,GERİ VERME
İADE,GERİ ÇEVİRME
İADELİ,"DİVAN ŞİİRİNDE HER BEYTİN SON SÖZCÜĞÜNÜ, SONRAKİ BEYTİN İLK SÖZCÜĞÜ YAPMA BİÇİMİNDE ORTAYA ÇIKAN SÖZ SANATI"
İANE,YARDIM
İANE,YARDIM PARASI
İARE,"EĞRETİ, ÖDÜNÇ"
İARE,ÖDÜNÇ VERME
İASOS,EGE BÖLGESİNDE GÜLLÜK KÖRFEZİ KIYISINDA ANTİK BİR KENT
İAŞE,YEDİRİP İÇİRME
İB,YEMEN'DE BİR KENT
İBA,"ÇEKİNME, SAKINMA"
İBAD,ESKİ DİLDE KOVMA
İBADET,ALLAHIN EMİRLERİNİ YERİNE GETİRME
İBADET,ALLAH’IN EMİRLERİNİ YERİNE GETİRME
İBADET,İNSANIN İNANDIĞI GÜCE KULLUĞUNU GÖSTERMEK İÇİN YAPTIĞI HAREKETLER
İBADETGAH,TAPINAK
İBARE,BİR DÜŞÜNCEYİ ANLATAN BİR VEYA BİRKAÇ CÜMLELİK SÖZ
İBARE,BİR DÜŞÜNCEYİ ANLATAN SÖZ
İBARE,BİRKAÇ CÜMLELİK SÖZ
İBATE,BARINDIRMA
İBDA,"YARATMA, YOKTAN VAR ETME"
İBDAİ,ÖZGÜN
İBER,AVRUPA’DA BİR YARIMADA
İBKA,YERİNDE BIRAKMA
İBLAĞ,"ULAŞTIRMA,ERİŞTİRME"
İBLİS,ŞEYTAN
İBN,"ESKİ DİLDE OĞUL, EVLAT"
İBO,İBRAHİM (KISA)
İBO,İBRAHİM İSMİNİN KISA SÖYLENİŞİ
İBOGA,GABON’DA YETİŞEN ZAKKUMGİLLERDEN BİR AĞAÇ
İBRA,AKLAMA
İBRA,"AKLAMA, TEMİZE ÇIKARMA"
İBRADI,ANTALYA İLÇESİ
İBRADI,ANTALYA'NIN BİR İLÇESİ
İBRANİ,ESKİ YAHUDİLERE VERİLEN AD
İBRAZ,"GÖSTERME, ORTAYA ÇIKARMA"
İBRAZ,"ORTAYA KOYMA, GÖSTERME"
İBRE,HAREKETLİ İĞNE
İBRE,"ÇAM, ARDIÇ, SEDİR GİBİ AĞAÇLARIN YAPRAĞI"
İBRE,"ÖLÇÜ ALETLERİ, SAAT VE GÖSTERGELERDE SAYI VEYA İŞARETLERİ GÖSTEREN HAREKETLİ İĞNE"
İBRE,ÖLÇÜ ALETLERİNDE HAREKETLİ İĞNE
İBRET,KÖTÜ BİR OLAYDAN ALINMASI GEREKEN DERS
İBRİK,EMZİKLİ SU KABI
İBRİK,KULPLU VE EMZİKLİ SU KABI
İBİBİK,"ÇAVUŞKUŞU, HÜTHÜT"
İBİK,HOROZ TEPELİĞİ
İBİK,"HOROZ TEPELİĞİ, KÖŞE-KENAR-UÇ"
İBİK,"HOROZ, HİNDİ VB.NİN TEPESİNDE BULUNAN KIRMIZI DERİ UZANTISI"
İBİK,"KÖSE, KENAR, UÇ"
İBİK,"KÖŞE, KENAR, UÇ"
İBİS,LEYLEĞE BENZER BİR KUŞ
İBİS,MISIR TURNASI
İBİZA,BİR İSPANYOL ADASI
İBİŞ,ARGODA ŞAPŞAL
İBİŞ,ORTA OYUNDA OYNAYAN KOMİK
İBİŞ,ORTA OYUNUNDA APTAL UŞAK ROLÜ
İBİŞ,ORTA OYUNUNDA APTAL UŞAK ROLÜNÜ OYNAYAN KOMİK
İBİŞ,ŞAPŞAL
İCABET,BİR ÇAĞRIYI YERİNE GETİRME
İCAR,KİRA
İCAT,BULUŞ
İCAT,YENİ BİR ŞEY YARATMA
İCAZ,AZ SÖZLE ÇOK ŞEY ANLATMA
İCAZET,DİPLOMA
İCAZET,İZİN
İCLAL,AĞIRLAMA
İCLAL,"‘... AYDIN’ (YAZAR, AKTRİS)"
İCLALAYDIN,RESİMDEKİ OYUNCU
İCMA,ESKİ DİLDE TOPLAMA
İCRA,BİR İŞİ YÜRÜTME
İCRA,KİRA
İCRA,YÜRÜTME
İD,BAYRAM
İD,BAYRAM (ESKİ DİL)
İDA,KAZ DAĞININ ESKİ ADI
İDA,KAZ DAĞININ MİTOLOJİDEKİ ADI
İDA,KAZDAĞLARI’ NIN ESKİ ADI
İDA,KAZDAĞLARI’NIN ESKİ ADI
İDADİ,ESKİDEN LİSE DÜZEYİNDE OKUL
İDAM,ÖLÜM CEZASI
İDAME,"SÜRDÜRME, DEVAM"
İDAME,"SÜRDÜRME, DEVAM ETTİRME"
İDARE,YÖNETİM
İDARECİ,HOŞGÖRÜLÜ
İDARECİ,YÖNETİCİ
İDAREHANE,"GAZETE, DERGİ VB. YAYIM KURUMLARINDA YAZI İŞLERİNE BAKILAN YER"
İDAREHANE,YÖNETİM YERİ
İDARELİ,TUTUMLU
İDARETEN,İDARE ETMEK ÜZERE
İDARİ,YÖNETİM
İDARİ,YÖNETİMSEL
İDDİANAME,SAVCININ HAZIRLADIĞI
İDE,(FELSEFEDE) DÜŞÜNCE
İDE,DÜŞÜNCE
İDE,FELSEFEDE FİKİR
İDEA,DÜŞÜNCE
İDEA,"DÜŞÜNCE, İDE"
İDEA,ÜLKÜ (FELSEFE)
İDEAL,ÜLKÜ
İDEAL,"ÜLKÜ, MEFKURE"
İDEFİKS,"SABİT FİKİR, SAPLANTI"
İDEFİKS,"SAPLANTI, SABİT FİKİR"
İDMAN,ALIŞTIRMA
İDOL,TARİH ÖNCESİ ÇAĞLARDA TANRILARA ADAK OLARAK SUNULAN HEYKELCİKLERE VERİLEN AD
İDOL,ÖRNEK ALINAN KİMSE
İDRAK,"ANLAMA, KAVRAMA YETENEĞİ"
İDRAK,"ANLAYIŞ, AKIL ERDİRME"
İDİ,“. AMİN DADA OUMEE” (1971-1979 ARASINDA DEVLET BAŞKANLIĞI DA YAPMIŞ OLAN UGANDALI ASKER)
İDİL,KIR YAŞAMI İÇİNDE AŞK KONUSUNU İŞLEYEN KISA ŞİİR
İDİL,ŞIRNAK İLÇESİ
İDİL,‘... FIRAT’ (AKTRİS)
İETT,İSTANBUL ELEKTRİK TRAMVAY VE TÜNEL İŞLETMELERİ
İFA,"BİR İŞİ YAPMA, YERİNE GETİRME"
İFA,BİR İŞİ YERİNE GETİRME
İFA,DEVEKUŞUNUN YELEĞİ
İFA,ÖDEME
İFADE,ANLATIM
İFAKAT,HASTALIKTAN KALKMA
İFAKAT,HASTALIKTAN SONRAKİ İYİLEŞME
İFLAS,"BATKINLIK, BATKI"
İFLAS,BORCUNU ÖDEYEMEYEN TÜCCARIN DURUMU
İFLAS,"MALİ OLARAK ÇÖKME, BORÇLARI ÖDEYEMEME DURUMU"
İFNA,"YOK ETME, TÜKETME"
İFRAZ,ARAZİ PARSELLEME
İFSAT,"DÜZENİ BOZMA, KARIŞIKLIK ÇIKARMA."
İFSAT,KARGAŞALIK
İFTAR,AKŞAM EZANIYLA BİRLİKTE ORUCUN SONA ERDİĞİ VAKİT
İFTAR,ORUÇ AÇMA VAKTİ; AKŞAM YEMEĞİ
İFTAR,ORUÇ AÇMA ZAMANI
İFTİRA,"BİR KMSEYE KASITLI VE ASILSIZ SUÇ YÜKLEME, KARA ÇALMA"
İFTİRA,SUÇ YÜKLEME
İFŞA,AÇIĞA ÇIKARMA
İGAN,IGA NEFROPATİSİ (KISALTMA)
İGAN,İKİ ÇATALLI YABA
İGLU,BUZDAN ESKİMO KULÜBESİ
İGUANA,HİNT KERTENKELESİ
İHA,İNSANSIZ HAVA ARACI
İHA,İNSANSIZ HAVA ARACI (KISALTMA)
İHAM,"EDEBİYATTA, İKİ YADA İKİDEN DAHA ÇOK ANLAMI OLAN BİR SÖZCÜĞÜ YAYGIN OLMAYAN ANLAMLARINI DÜŞÜNDÜRECEK YOLDA KULLANMA SANATI"
İHAM,KURUNTUYA DÜŞÜRME
İHANET,"HAİNLİK, HIYANET"
İHANET,SEVGİDE ALDATMA
İHATA,"KUŞATMA, SARMA"
İHATA,"KUŞATMA, ÇEVİRME"
İHATA,"KUŞATMA, ÇEVİRME, SARMA"
İHBAR,ELE VERME
İHBAR,HABER VERMEK
İHLAS,KURANDA 112. SURE
İHLAS,KURAN’DA 112. SURE
İHLAS,YÜREKTEN BAĞLILIK
İHMAL,"BOŞLAMA, SAVSAKLAMA"
İHMAL,SAVSAKLAMA
İHRACAT,DIŞ SATIM
İHTAR,UYARI
İHTİLAF,"ANLAŞMAZLIK, UYUŞMAZLIK"
İHTİMAL,BİR ŞEYİN OLABİLMESİ DURUMU
İHVAN,"DOSTLAR, ARKADAŞLAR"
İHVAN,YAKIN DOSTLAR
İHYA,YENİDEN CANLANDIRMA
İHYA,"YENİDEN CANLANDIRMA, DİRİLTME"
İHYA,"YENİDEN CANLANDIRMA, DİRİLTME."
İHZAR,"HAZIRLAMA, HAZIR ETME"
İK,ARABA OKUNUN EKSENİ
İK,İNSAN KAYNAKLARI
İK,İNSAN KAYNAKLARI (KISACA)
İKA,YAPMA ETME
İKA,"YAPMA, ETME"
İKABE,YERİNE KOYMA
İKABE,"YERİNE KOYMA, YERİNE KULLANMA"
İKAKO,AMERİKA’NIN SICAK BÖLGELERİNDE YETİŞEN BİR AĞAÇÇIK
İKAME,"YERİNE KOYMA, YERİNE KULLANMA"
İKAME,YERİNE KULLANMA
İKAMET,BİR YERDE OTURMA
İKAMET,"BİR YERDE OTURMA, EĞLEŞME"
İKAMET,EĞLEŞME
İKAMETGAH,"KONUT, MESKEN"
İKAMETGAH,"MESKEN, KONUT"
İKAR,ESKİ DİLDE DERİN HALE GETİRME
İKAZ,UYARI
İKAZ,"UYARI, İHTAR"
İKBAL,BAHT AÇIKLIĞI
İKDAM,GAYRETLE ÇALIŞMA
İKE,ABD BAŞKANI EİSENHOWER’İN TAKMA ADI
İKEBANA,JAPON ÇİÇEK DÜZENLEME SANATI
İKLİM,"ÜLKE, DİYAR"
İKNA,"KANDIRMA, İNANDIRMA"
İKNA,RAZI ETME
İKNA,"İNANDIRMA, KANDIRMA"
İKONA,"BİR KİŞİ, DÜŞÜNCE, AKIM YA DA HERHANGİ BİR ŞEYİ TEK BAŞINA SİMGELEYEN VE ANLATAN ŞEKİL YA DA RESİM"
İKONA,DOĞU KİLİSELERİNDE ERMİŞLERİN TAHTA PANO ÜZERİNE YAPILAN RESİMLERİNE VERİLEN AD
İKRAM,"ARMAĞAN ETME, SUNMA"
İKRAM,KONUĞU AĞIRLAMA
İKRAM,SUNULAN ŞEY
İKRAMİYE,BİR YERDE ÇALIŞAN KİMSELERE GENELLİKLE KAZANÇTAN DAĞITILAN YA DA İYİ ÇALIŞTIKLARI İÇİN VERİLEN AYLIK DIŞI PARA
İKRAMİYE,PİYANGODA ÇIKAN PARA
İKRAMİYE,PİYANGODAN ÇIKAN PARA
İKRAR,AÇIKÇA SÖYLEME
İKRAR,"ONAMA, TASDİK"
İKRAR,"ONAY, TASDİK"
İKRAZ,BORÇ VERME
İKS,İLKÖĞRETİM KURUM STANDARTLARI
İKSİR,İÇ FERAHLATICI İLAÇ
İKTİFA,YETİNME
İKTİSAT,EKONOMİ
İKTİZA,"GEREKLİ OLMA, GEREKME"
İKU,HİTİTLERDE ARAZİ FİYATLARININ SAPTANMASINDA KULLANILAN BİR ÖLÇÜ BİRİMİ
İKİ,... CAMBAZ BİR İPTE OYNAMAZ’ (ATASÖZÜ)
İKİ,BİR SAYI
İKİ,BİRDEN BİR ARTIK
İKİCİ,DÜALİST
İKİLEM,DİLEMMA
İKİLEM,"KIYASIMUKASSEM, DİLEMMA"
İKİLEM,"MANTIKTA, DİLEMMA"
İKİLEME,ANLAMI GÜÇLENDİRMEK İÇİN AYNI KELİMENİN TEKRARLANMASI.
İKİLEME,TARLAYI İKİ KEZ SÜRME
İKİLEME,TEKRARLAMA
İKİLEMEK,"YİNELEMEK, TEKRARLAMAK"
İKİLİ,İKİ PARÇADAN OLUŞAN
İKİLİ,İKİ YAN ARASINDA YAPILMIŞ
İKİLİ,İSKAMBİLDE BİR KAĞIT
İKİLİK,ANLAŞMAZLIK
İKİLİK,BİRLİK NOTANIN YARI SÜRE DEĞERİNDEKİ NOTA
İKİRCİK,"KARARSIZLIK, TEREDDÜT"
İKİZ,BİR DOĞUMDA OLMUŞ İKİ KARDEŞ
İKİZ,"EŞ, BENZER"
İKİZ,İKİSİ BİR ARADA DOĞAN (ÇOCUK)
İKİZCE,ORDU İLÇESİ
İKİZCE,ORDU'NUN BİR İLÇESİ
İKİZLER,BİR BURÇ ADI
İL,VİLAYET
İL,İSRAİL’İN PLAKASI
İLA,ESKİ DİLDE YEMİN ETME
İLAH,TANRI
İLAHE,TANRIÇA
İLAHE,"TANRIÇA, MABUDE"
İLAHİ,MAKAMLA OKUNAN DİNİ ŞİİR
İLAHİYAT,TANRI BİLİMİ
İLAM,BİLDİRME
İLAM,BİR DAVANIN MAHKEMECE NASIL BİR HÜKME BAĞLANDIĞINI GÖSTEREN RESMİ BELGE
İLAM,MAHKEME SONUÇ BELGESİ
İLAN,DUYURU
İLANEN,DUYURU YOLUYLA
İLARYA,GÜMÜŞ BALIĞININ KÜÇÜĞÜ
İLARYA,GÜMÜŞBALIĞI NIN KÜÇÜĞÜ
İLARYA,GÜMÜŞBALIĞIN IN KÜÇÜĞÜ
İLARYA,GÜMÜŞBALIĞININ KÜÇÜĞÜ
İLAVELİ,"MECAZEN ABARTILMIŞ, YALAN KATILMIŞ, ABARTILI"
İLAVELİ,YALAN KATILMIŞ
İLAYDAALİŞAN,RESİMDEKİ OYUNCU
İLAYERKÖK,RESİMDEKİ OYUNCU
İLAÇ,"EM, DEVA"
İLBAY,VALİ
İLE,BİR BAĞLAÇ
İLE,ÖBEK
İLEK,İNCİR SİNEĞİ
İLENMEK,BEDDUA ETMEK
İLENÇ,"BEDDUA, KARGIŞ"
İLENÇ,"BEDDUA, LANET"
İLERLEME,TERFİ ETME
İLERLEME,"TERFİ ETME, TERAKKİ ETME"
İLERİ,BİR ŞEYİN ULAŞILACAK YÖNÜ
İLERİ,GERİ KARŞITI
İLERİ,"HERHANGİ BİR ŞEYE GÖRE DAHA ÖTEDE OLAN YER, GERİ KARŞITI"
İLETKEN,"AKIM, ISI, SES VB. Nİ GEÇİREN (MADDE)"
İLETKEN,ELEKTRİK AKIMINI İLETEN MADDE
İLETKİ,AÇI ÖLÇME ARACI
İLETKİ,AÇIÖLÇER
İLETKİ,MİNKALE
İLETİ,"BİLDİRME YAZISI, MESAJ"
İLETİ,MESAJ
İLETİŞİM,HABERLEŞME
İLGA,VARLIĞINI KALDIRMA
İLGİ,ALAKA
İLGİ,İKİ ŞEY ARASINDA BULUNAN HERHANGİ BİR BAĞLILIK
İLHAK,EGEMENLİĞİ ALTINA ALMA
İLHAK,"KATMA, BAĞLAMA"
İLHAM,ESİN
İLHAM,YARATICI DÜŞÜNCE VEYA DUYGU KAYNAĞI
İLK,'SON' KARŞITI
İLK,BİR ŞEYİN ÖNCE GELENİ
İLK,BİRİNCİ OLARAK
İLK,"BİRİNCİ OLARAK, ENBAŞTA"
İLK,EN BAŞTA
İLK,SON KARŞITI
İLK,ÖNCESİZ
İLKADIM,SAMSUN İLÇESİ
İLKAY,‘... TUNA’ (YAZAR)
İLKE,PRENSİP
İLKELİ,BİR İLKEYE DAYANAN
İLKERAKSUM,RESİMDEKİ OYUNCU
İLLA,HER HALDE
İLLET,HASTALIK
İLMEK,EĞRETİ DÜĞÜM
İLMEK,KOLAY DÜĞÜM
İLMEK,"ÇÖZÜLMESİ KOLAY DÜĞÜM, İLMİK"
İLMİYE,DİNİ HOCALAR SINIFI
İLİ,ASYADA BİR IRMAK
İLİ,ASYA’DA BİR IRMAK
İLİ,RUSYA'DA BİR NEHİR
İLİ,RUSYA'DA NEHİR
İLİK,DÜĞME DELİĞİ
İLİK,GİYSİLERDE DÜĞME GEÇİRİLEN YARIK
İLİM,BİLİM
İLİM,İSLAM KÜLTÜRÜNDE İLAHİ VE BEŞERİ BİLGİ YANINDA BİLİM İÇİN DE KULLANILAN KAPSAMLI BİR TERİM
İLİNEK,ARAZ
İLİNEK,FELSEFEDE ARAZ
İLİNTİ,"İKİ ŞEY ARASINDA İLGİ, İLİŞKİ"
İLİNTİ,İLİŞKİ
İLİNTİ,İÇ SIKINTISI
İLİSTİR,SÜZGEÇ
İLİSTİR,"SÜZGEÇ, KEVGİR"
İLİÇ,ERZİNCAN İLÇESİ
İLİŞİK,"EKLENMİŞ, BAĞLANMIŞ"
İLİŞİK,"EKLENMİŞ, MERBUT"
İM,ANLAMLI İZ
İM,PAROLA
İM,"PAROLA, İŞARET, ALAMET"
İM,İŞARET
İM,"İŞARET, ALAMET"
İMA,DOLAYLI ANLATIM
İMA,DOLAYLI OLARAK ANLATMA
İMA,İHSAS
İMA,"İŞARETLEME, ANIŞTIRMA, İHSAS"
İMAJ,İMGE
İMAL,HAM MADDEYİ İŞLEYİP MAL ÜRETME
İMAL,YAPIM
İMALAT,YAPIM İŞLERİ
İMALAT,İŞLENEREK YAPILAN ÜRETİM
İMALE,"ARUZ ÖLÇÜSÜNDE KISA OKUNMASI GEREKEN BİR HECEYİ, KALIBA UYDURMAK İÇİN UZATMA"
İMALE,BİR TARAFA YATIRMA
İMALE,"BİR TARAFA YATIRMA, EĞME"
İMAM,MÜSLÜMANLIKTA MEZHEP KURAN KİMSE
İMAM,"ÖNDER, LİDER; CEMAATE NAMAZ KILDIRAN KİŞİ; DEVLET BAŞKANI"
İMAME,BİR TESPİH PARÇASI
İMAME,TESBİH BAŞLIĞI
İMAME,TESPİH BAŞLIĞI
İMAME,TESPİH TEPELİĞİ
İMAMET,İMAMLIK
İMAMEVİ,KADIN CEZAEVİ
İMAMEVİ,KADIN HAPİSHANESİ
İMAN,"GÜÇLÜ İNANÇ, İNAN"
İMAN,"İNANMAK, DİN ADINA TEBLİĞ ETTİĞİ KONULARDA PEYGAMBERİ DOĞRULAMAK"
İMAN,"İNANÇ, İTİKAT"
İMAN,İTİKAT
İMANLI,"İMANI OLAN, İNANÇLI"
İMAR,BAYINDIRLIK
İMARET,YOKSUL AŞ EVİ
İMARET,YOKSULLARA VE ÖĞRENCİLERE YİYECEK DAĞITMAK İÇİN KURULMUŞ HAYIR KURUMLARINA TARİHTE VERİLEN AD
İMBAT,DENİZ YELİ
İMBAT,"EGE KIYILARINDA, ÖZELLİKLE İZMİR KENTİNDE ETKİLİ YEREL DENİZ MELTEMİ"
İMBİK,DAMITICI
İMBİK,DAMITMA İŞİNDE KULLANILAN ARAÇ
İMECE,BİRÇOK KİMSENİN TOPLANIP EL BİRLİĞİYLE BİR KİŞİNİN YA DA BİR TOPLULUĞUN İŞİNİ GÖRMESİ VE BÖYLECE İŞLERİN SIRA İLE BİTİRİLMESİ
İMECE,ELBİRLİĞİYLE İŞ BİTİRME
İMECE,KÖYDE İŞ DAYANIŞMASI
İMEN,KAYIN AĞACI
İMGE,HAYAL
İMGE,"HAYAL, HÜLYA"
İMGE,"ZİHİNDE TASARLANAN VE GERÇEKLEŞMESİ ÖZLENEN ŞEY, HAYAL, HÜLYA."
İMHA,YOK ETME
İMKAN,OLANAK
İMLA,YAZIM
İMPALA,AFRİKA’DA YAŞAYAN BİR ANTİLOP
İMPALA,BİR TÜR ANTİLOP
İMRAHOR,OSMANLIDA AHIR GÖREVLİSİ
İMRAHOR,OSMANLI’DA AHIR GÖREVLİSİ
İMRANLI,SİVAS İLÇESİ
İMRANLI,SİVAS'IN BİR İLÇESİ
İMREN,GIPTA
İMROZ,GÖKÇEADA'NIN ESKİ ADI
İMROZ,GÖKÇEADA’NIN ESKİ ADI
İMROZ,GÖKÇEADA’NIN ÖTEKİ ADI
İMSAK,ORUCA BAŞLAMA ZAMANI
İMTİNA,"SAKINMA, ÇEKİNME"
İMİK,"BOĞAZ, GIRTLAK"
İN,MAĞARA
İN,VAHŞİ HAYVAN BARINAĞI
İN,İNSAN
İNA,KAP KACAK (ESKİ DİL)
İNADINA,TERSLİK OLSUN DİYE
İNAK,DOGMA (FELSEFE)
İNAK,"DOGMA, NAS"
İNAK,"DOGMA,NAS"
İNAK,DOĞMA (FELSEFE)
İNAK,FELSEFEDE DOGMA
İNAL,KENDİNE İNANILAN KİMSE
İNAL,KENDİSİNE İNANILAN KİMSE
İNAL,İNANILAN KİMSE
İNAL,‘BÜLENT ...’ (AKTÖR)
İNAM,"EMANET, VEDİA"
İNAM,VEDİA
İNAN,"İMAN, İTİKAT"
İNAN,İNANMAK İŞİ
İNANÇ,BİR DÜŞÜNCEYE GÖNÜLDEN BAĞLI BULUNMA
İNANÇ,"İMAN, İTİKAT"
İNARİ,FİNLANDİYA’ DA BİR GÖL
İNARİ,FİNLANDİYA’DA BİR GÖL
İNARİ,JAPON PİRİNÇ TANRISI
İNAT,AYAK DİREME
İNAYET,"LÜFUF, İHSAN"
İNAYET,"LÜTUF, KAYRA"
İNAYET,"İYİLİK, KAYRA"
İNAYET,"İYİLİK, LÜTUF"
İNAYET,"İYİLİK, LÜTUF, İHSAN"
İNCESU,KAYSERİ İLÇESİ
İNCESU,KAYSERİ'NİN BİR İLÇESİ
İNCİ,İSTRİDYEDE BULUNUR
İNCİ,‘ELİF ...’ (AKTRİS)
İNCİK,BALDIR
İND,HİNDİSTAN PLAKASI
İNDEKS,DİZİN
İNEBOLU,KASTAMONU İLÇESİ
İNEBOLU,KASTAMONU'NUN BİR İLÇESİ
İNEGÖL,BURSA İLÇESİ
İNEGÖL,BURSA'NIN BİR İLÇESİ
İNEK,DİŞİ SIĞIR
İNFAK,NAFAKA VERİP BİR KİMSENİN GEÇİMİNİ SAĞLAMA
İNFAK,NAFAKAYLA GEÇİMİNİ SAĞLAMA
İNFAZ,"BİR KARARI, BİR YARGIYI YERİNE GETİRME"
İNHİSAR,BİLECİK İLÇESİ
İNHİSAR,BİLECİK'İN BİR İLÇESİ
İNKAR,YADSIMA
İNKILAP,"DEVRİM, REFORM"
İNKITA,"KESİLME, KESİNTİ"
İNME,"FELÇ, NÜZUL"
İNN,AVRUPA’DA BİR IRMAK
İNS,ESKİ DİLDE İNSAN
İNSAF,VİCDANA DAYANAN ADALET
İNSAN,EN GELİŞMİŞ CANLI
İNTAN,MİKROP
İNTANİ,"MİKROPLA OLUŞAN, MİKROPLU"
İNTİ,PERU’NUN ESKİ PARA BİRİMİ
İNTİ,İNKALAR’IN ATASI OLDUĞUNA İNANILAN GÜNEŞ TANRISI
İNTİBA,İZLENİM
İNTİFA,"YARARLANMA, FAYDALANMA"
İNÇ,BİR İNGİLİZ UZUNLUK BİRİMİ
İNÇ,İNGİLİZ UZUNLUK ÖLÇÜSÜ
İNÖNÜ,ESKİŞEHİR İLÇESİ
İNÖNÜ,İSMET ... (2. CUMHURBAŞKANIMIZ)
İNİ,KAYIN BİRADER
İNİ,KAYINBİRADER
İNİ,KAYINBİRADER (HALK AĞZI)
İNİKAS,PİYASADA TEPKİ
İNİKAS,PİYASADA TEPKİ VEYA ETKİ
İNİKAS,"PİYASADA TEPKİ, ETKİ"
İNİKAS,YANKI
İNİKAS,"YANSIMA, PİYASADA ETKİ"
İNİKAT,"TOPLANMA, BİRLEŞİM"
İNŞA,YAPI KURMA
İNŞA,"YAPI KURMA, YAPI YAPMA"
İO,JÜPİTERİN
İO,JÜPİTERİN UYDUSU
İO,JÜPİTER’İN
İO,JÜPİTER’İN BİR UYDUSU
İO,JÜPİTER’İN UYDUSU
İO,JÜPİTER’İN UYDUSU OLAN UZAYIN EN KIZGIN KAYASI
İON,YUNAN MİMARLIĞININ ÜÇ BİÇEMİNDEN BİRİ
İP,KALIN SİCİM
İP,SİCİM
İP,İNCE URGAN
İP,İPLİK
İPE,YEŞİL ABANOZ
İPEK,DEĞERLİ BİR DOKUMA MADDESİ
İPEKA,ALTIN KÖKÜ
İPEKA,ALTINKÖKÜ
İPERİT,ZEHİRLİ BİR SAVAŞ GAZI
İPOTEK,TUTU
İPSALA,EDİRNE İLÇESİ
İPTAL,KULLANIMDAN KALDIRMA
İPTİDA,BAŞLANGIÇ
İPİLTİ,HAFİF ESİNTİ
İR,İRAN’IN PLAKA İŞARETİ
İR,İRAN’IN PLAKASI
İR,İRİDYUM (SİMGE)
İR,"ŞARKI, TÜRKÜ"
İRA,BAĞIŞ YAPMA
İRA,"KARAKTER, SECİYE"
İRA,SECİYE KARAKTER
İRA,"SECİYE, KARAKTER"
İRA,İRLANDA CUMHURİYET ORDUSU (KISALTMA)
İRADE,BİR ŞEYİ YAPIP YAPMAMAYA KARAR VERME GÜCÜ
İRADE,KARAR VERME GÜCÜ
İRADE,İSTENÇ
İRADİ,İRADECİ
İRADİ,İSTENÇLİ
İRADİ,İSTENÇLİ.
İRAN,KOMŞU BİR ÜLKE
İRAN,ORTA DOĞU’DA BİR ÜLKE
İRAN,SINIR KOMŞUMUZ
İRANİ,"ACEM, İRANLI"
İRANİ,"ACEM,İRANLI"
İRANİ,"İRANLI, ACEM"
İRAT,GELİR
İREM,AD KAVMİ HÜKÜMDARI ŞEDDAD TARAFINDAN CENNETE BENZETİLEREK YAPTIRILAN EFSANEVİ BAHÇE
İREM,CENNET BAHÇESİ
İREM,CENNET BAĞI
İREM,HELVACIOĞLU (AKTRİS)
İREM,‘... HELVACIOĞLU’ ( AKTRİS)
İREM,‘... HELVACIOĞLU’ (AKTRİS)
İREMALTUĞ,RESİMDEKİ OYUNCU
İRENA,MAVİ PERİ KUŞU
İRLANDA,AVRUPADA BİR ÜLKE
İRLANDA,AVRUPA’DA BİR ÜLKE
İRMİK,GLÜTENCE ZENGİN UN
İRMİK,KALIN ÖĞÜTÜLMÜŞ BUĞDAY
İRMİK,"SERT BUĞDAYDAN , GLÜTENCE ZENGİN UN TÜRÜ"
İRMİK,"SERT BUĞDAYDAN, GLÜTENCE ZENGİN UN"
İRMİK,"SERT BUĞDAYDAN, GLÜTENCE ZENGİN UN TÜRÜ"
İRONİ,DÜŞÜNÜLENİN TERSİNİ SÖYLEYEREK YAPILAN İNCE ALAY
İRONİ,İNCE ALAY
İRONİK,ALAYSI
İRS,EN BAŞTA
İRS,"KALITIM, SOYA ÇEKİM"
İRS,"KALITIM, SOYAÇEKİM"
İRS,"KALITIM, SOYAÇEKİM -"
İRS,KATILIM
İRSAL,"GÖNDERME, YOLLAMA"
İRSAL,"GÖNDERME, YOLLAMA -"
İRSALİYE,BİR YERE GÖNDERİLEN EŞYANIN LİSTESİ
İRSALİYE,MAL GÖNDERME BELGESİ
İRTİFA,YÜKSEKLİK
İRTİSAM,RESMİ ÇIKMA
İRTİSAM,"RESMİ ÇIKMA, RESMİ ÇİZİLME"
İRTİSAM,"RESMİ ÇIKMA, ÇİZİLME"
İRTİSAM,RESMİ ÇİZİLME
İRİ,NORMALDEN BÜYÜK
İRİ,OLAĞANDAN BÜYÜK
İRİ,OLAĞANDAN HACİMLİ
İRİ,OLAĞANI AŞAN BÜYÜKLÜĞÜ OLAN
İRİ,OYLUMLU
İRİ,ÇOK BÜYÜK
İRİ,İRAN’IN PLAKASI
İRİBAŞ,KURBAĞA YAVRUSU
İRİBAŞ,KUYRUKSUZ KURBAĞANIN YUMURTADAN YENİ ÇIKMIŞ KURTÇUĞU
İRİCE,BİRAZ İRİ
İRİN,CERAHAT
İRİS,GÖZÜN BİR TABAKASI
İRİS,GÖZÜN RENKLİ BÖLÜMÜ
İRİS,‘ESİN ...’ (ŞARKICI)
İRİTİS,İRİS İLTİHABI
İRİYARI,CÜSSELİ
İRİYARI,"İRİ YAPILI, İRİKIYIM"
İRŞAT,DOĞRU YOLU GÖSTERME
İS,DUMAN KARASI
İS,DUMAN LEKESİ
İS,"SAHİP,İYE"
İSA,BİR PEYGAMBER
İSA,VASİYET ETME
İSABET,HEDEFİ VURMA
İSAF,BİR DİLEĞİ YERİNE GETİRME
İSAL,ULAŞTIRMA
İSALE,AKITMA
İSALE,"AKITMA, DÖKME"
İSARE,(OSMANLI DÖNEMİ) KOPARMAK
İSARE,ÇADIR İPİ
İSEVİ,HIRİSTİYAN
İSEVİ,HRİSTİYAN
İSKAN,YURTLANDIRMA
İSKELE,DENİZE DOĞRU UZANAN YER
İSKELE,GEMİNİN SOL YANI
İSKETE,GÜZEL SESLİ BİR KUŞ
İSKETE,"SERÇEGİLLERDEN, GÜZEL SESLİ BİR KUŞ"
İSKİLİP,ÇORUM İLÇESİ
İSLİ,"ABADAN, MAMUR"
İSLİ,"İSİ OLAN, İSLENMİŞ, İS BULAŞMIŞ"
İSLİM,BUHAR GÜCÜ
İSMET,"AHLAK İLKELERİNE BAĞLILIK, DÜRÜSTLÜK, TEMİZLİK"
İSNAT,"YÜKLEME, ATFETME"
İSO,İSTANBUL SANAYİ ODASI
İSO,İSTANBUL SANAYİ ODASI KISALTMASI
İSOT,HALK DİLİNDE ACI PUL BİBER
İSOT,"KIRMIZI, ACI BİBER"
İSOT,ŞANLIURFA'NIN COĞRAFİ İŞARETLİ ACI BAHARATI
İSPANYA,AVRUPA’DA BİR ÜLKE
İSPİR,ERZURUM İLÇESİ
İSPİR,ERZURUM'UN BİR İLÇESİ
İSPİT,JANT
İSRAF,"DEĞERSİZ BİR AMAÇ UĞRUNA FAZLA MAL HARCAMAK, HARCAMADA HADDİ AŞMAK"
İSRAF,SAVURGANLIK
İSRAFİL,KIYAMETİ BİLDİRECEK OLAN MELEK
İSTEK,"ARZU, DİLEK"
İSTEK,TALEP
İSTEKA,BİLARDO SOPASI
İSTEKA,BİLARDODA KULLANILAN DEĞNEK
İSTİDA,DİLEKÇE
İSİLİK,ISIRGIN
İSİLİK,TERLE OLUŞAN PEMBE KABARTILAR
İSİM,AD
İT,(HAKARET YOLLU) TERBİYESİZ KİMSE
İT,(MECAZEN) TERBİYESİZ KİMSE
İT,KÖPEK
İT,TERBİYESİZ KİMSE
İTA,"VERME, ÖDEME"
İTA,"YAPMA, YERİNE GETİRME"
İTA,ÖDEME
İTAAT,BOYUN EĞME
İTAAT,BUYRUĞA UYMA
İTAAT,SÖZ DİNLEME
İTAAT,"SÖZ DİNLEME, BOYUN EĞME"
İTAAT,"SÖZ DİNLEME, BUYRUĞA UYMA"
İTAK,BİR KÖLEYİ ÖZGÜRLÜĞÜNE KAVUŞTURMA
İTALYA,AVRUPADA BİR ÜLKE
İTALYA,AVRUPA’DA BİR ÜLKE
İTALYAN,AVRUPA'DA BİR HALK
İTALİK,EĞİK YAZI
İTALİK,"EĞİK YAZI, YATIK YAZI"
İTAP,PAYLAMA
İTAP,"PAYLAMA, AZAR"
İTEKAKA,"MECAZEN, GÜÇLÜKLE"
İTENEK,PİSTON
İTFA,SÖNDÜRME
İTHAF,ARMAĞAN ETME
İTHALAT,DIŞALIM
İTKİ,TEPİ
İTLAF,ÖLDÜRME
İTLAF,"ÖLDÜRME, TELEF ETME, YOK ETME"
İTLAF,"ÖLDÜRME, YOK ETME, TELEF ETME"
İTLAF,"ÖLDÜRME, YOK ETME, TELEF ETME."
İTMAM,"BİTİRME, TAMAMLAMA"
İTMAM,TAMAM LAMA
İTMAM,TAMAMLAM A
İTMAM,TAMAMLAMA
İTİ,İTİCİ GÜÇ
İTİ,"İTİCİ GÜÇ, İLHAM VERİCİ"
İTİBAR,PRESTİJ
İTİBAR,"PRESTİJ, SAYGINLIK"
İTİBAR,SAYGINLIK
İTİBAR,SAYMACA
İTİBARİ,SAYMACA
İTİBARİ,"SAYMACA, FİKTİF"
İTİBARİ,ÖYLE KABUL EDİLEN
İTİCİLİK,ANTİPATİ
İTİDAL,"YUMUŞAKLIK, UYGUNLUK"
İTİDAL,"ÖLÇÜLÜLÜK, ILIM"
İTİKAF,BİR KENARA ÇEKİLME
İTİKAF,"BİR KENARA ÇEKİLME, ORTALIKTA GÖRÜNMEME."
İTİKAF,İBADET NİYETİYLE CAMİDE KALMAK ANLAMINDA BİR FIKIH TERİMİ
İTİKAL,"AŞINMA, EROZYON"
İTİKAT,İNANÇ
İTİKAT,"İNANÇ, İMAN"
İTİLA,YÜCELME
İTİLA,"YÜCELME, YÜKSELME"
İTİLAF,"ALIŞMA, UYUŞMA, UZLAŞMA"
İTİLAF,"ANLAŞMA, UZLAŞMA"
İTİMAT,GÜVEN
İTİNA,ÖZEN
İTİNALI,ÖZENLİ
İTİRAF,BİR GERÇEĞİ SAKLAMAKTAN VAZGEÇİP AÇIKLAMA
İTİRAF,SAKLAMAKTAN VAZGEÇİP AÇIKLAMA
İTİRAF,SAKLANAN GERÇEĞİ AÇIKLAMA
İTİYAT,ALIŞKANLIK
İTİYAT,"ALIŞKANLIK, HUY"
İTİZAR,ÖZÜR DİLEME
İVAZ,KARŞILIK
İVAZ,ÖDÜN
İVECEN,ACELECİ
İVEDİ,ACELE
İVEDİ,ACİL
İVİNTİ,"ÇABUKLUK, HIZ, SÜRAT"
İYAR,SÜRYANİ TAKVİMİNE GÖRE SEKİZİNCİ AY
İYE,"MALİK, SAHİP"
İYE,SAHİP
İYE,"SAHİP, IS"
İYEM,‘NURİ ...’ (UNUTULMAZ RESSAM)
İYON,ELEKTRİK YÜKLÜ PARÇACIK
İYON,YÜKÜN
İYOT,'I' SİMGELİ ELEMENT
İYOT,HALOJENLER GURUBUNUN DÖRDÜNCÜ AMETALİ OLAN YALIN CİSİM
İYOT,KATI BİR ELEMENT
İYOT,İ SİMGELİ ELEMENT
İYOT,‘I’ SİMGELİ ELEMENT
İYİ,'KÖTÜ' KARŞITI
İYİ,"HAYIRLI, UĞURLU"
İYİ,KÖTÜ KARŞITI
İYİ,SAĞLIKLI
İYİCE,İYİYE YAKIN
İYİDERE,RİZE İLÇESİ
İYİDERE,RİZE'NİN BİR İLÇESİ
İYİKİ,GÜZEL BİR RASTLANTI OLARAK
İYİLİK,KARŞILIKSIZ YARDIM
İYİMSER,OPTİMİST
İZ,"BELİRTİ, NİŞAN, ALAMET"
İZ,"İPUCU, EMARE"
İZABE,MADENLERİ SIVILAŞTIRMA
İZABE,"MADENLERİ SIVILAŞTIRMA, ERGİTME"
İZAFE,"MAL ETME, YAKIŞTIRMA"
İZAFİ,GÖRECELİ
İZAH,AÇIKLAMA
İZAHAT,AÇIKLAMALAR
İZALE,"ORTADAN KALDIRMA, YOK ETME"
İZALE,YOK ETME
İZALE,"YOK ETME, GİDERME"
İZAM,ABARTMA
İZAM,"BÜYÜTME, ABARTMA"
İZAN,ANLAYIŞ
İZBANDUT,ESKİDEN RUM KORSANLARINA VERİLEN AD
İZBANDUT,İRİ YARI ADAM
İZLEM,STRATEJİ
İZMARİT,BİR BALIK
İZMARİT,SİGARA ARTIĞI
İZMARİT,İÇİLMİŞ SİGARA
İZMİR,BİR İLİMİZ
İZMİR,LİMAN KENTİMİZ
İZMİT,KOCAELİ İLÇESİ
İZMİT,KOCAELİ'NİN BİR İLÇESİ
İZNİK,BURSA İLÇESİ
İZNİK,BURSA'NIN BİR İLÇESİ
İZNİK,BURSA’NIN BİR İLÇESİ
İZOBAR,EŞ BASINÇ
İZOLE,YALITILMIŞ
İZOTOP,BİR ELEMENTİN İZOTOPU
İZİN,MÜSAADE
İZİN,"MÜSAADE, İCAZET"
İÇ,DAHİL
İÇ,"HERHANGİ BİR DURUMUN, CİSMİN VEYA ALANIN SINIRLARI ARASINDA BULUNAN BİR YER"
İÇECEK,MEŞRUBAT
İÇEL,BİR İLİMİZ
İÇEL,MERSİN İLİNİN ESKİ ADI
İÇERİ,DIŞARI KARŞITI
İÇERİ,"İÇ YAN, İÇ BÖLÜM"
İÇERİK,MUHTEVA
İÇLİ,"DUYGULU, HİSLİ"
İÇTEN,"CANDAN, SAMİMİ, YÜREKTEN"
İÇİT,İÇİLECEK ŞEY
İĞ,"EĞİRMEN, KIRMEN"
İĞ,"EĞİRMEN, KİRMEN"
İĞNE,DİKİŞ DİKME ARACI
İŞ,BİR DEĞER YARATAN EMEK
İŞ,ÇALIŞMA
İŞAR,YAZI İLE BİLDİRME
İŞKİL,"KUŞKU, KURUNTU"
İŞKİNE,TAŞ BALIĞI
İŞLEME,"NAKIŞ, OYA İŞİ"
İŞTE,DİKKAT ÇEKME SÖZÜ
ŞABAN,"AY TAKVİMİNİN SEKİZİNCİ AYI, ÜÇ AYLARIN İKİNCİSİ"
ŞABAN,ÜÇ AYLARIN İKİNCİSİ
ŞABLON,BASMAKALIP DÜŞÜNCE
ŞABLON,"ÇOK KEZ TEKRARLANDIĞINDAN KANIKSANMIŞ, BASMAKALIP ÖRNEK"
ŞAD,SEVİNÇLİ
ŞAD,"SEVİNÇLİ, NEŞELİ"
ŞADİ,"SEVİNÇ, GÖNÜL FERAHLIĞI"
ŞAFAK,GÜN DOĞUMU
ŞAFAK,GÜNEŞ DOĞMADAN AZ ÖNCE BELİREN AYDINLIK
ŞAFAKPAKDEMİR,RESİMDEKİ OYUNCU
ŞAFT,MAKİNEDE DÖNER MİL
ŞAFUL,BAL KONULAN UFAK TEKNE
ŞAH,SATRANÇTA EN ÖNEMLİ TAŞ
ŞAH,İRAN HÜKÜMDARI
ŞAH,İRAN YA DA AFGAN HÜKÜMDARI
ŞAHAP,AKAN YILDIZ
ŞAHAP,AKANYILDIZ
ŞAHESER,BAŞYAPIT
ŞAHESER,"KENDİ TÜRÜNDE MÜKEMMEL OLAN, ÜSTÜN VE KALICI NİTELİKTE ESER"
ŞAHIS,KİŞİ
ŞAHSEN,"ARACISIZ, KENDİ"
ŞAHSİ,KİŞİSEL
ŞAHİKA,"ZİRVE, DORUK"
ŞAK,"YARIK,"
ŞAK,"YARIK, ÇATLAK"
ŞAK,"YARMA, YARILMA"
ŞAKA,LATİFE
ŞAKAK,YÜZÜN BİR BÖLÜMÜ
ŞAKRAK,"ŞEN, NEŞELİ"
ŞAKRAK,"ŞEN, NEŞELİ (SES İÇİN)"
ŞAKİ,"HAYDUT, EŞKIYA"
ŞAKİRT,ESKİ DİLDE ÖĞRENCİ
ŞAKİRT,ÇIRAK
ŞAKİRT,ÖĞRENCİ (ESKİ DİL)
ŞAKŞUKA,PATLICAN YEMEĞİ
ŞAL,GENİŞ OMUZ ATKISI
ŞAL,KADINLARIN OMUZ ATKISI
ŞAL,OMUZ ATKISI
ŞALAKİ,ŞAL TAKLİDİ KUMAŞ
ŞALE,KIR KÖŞKÜ
ŞALE,VİLLA TİPİ KÜÇÜK EV
ŞALGAM,TURPGİLLERDEN BİR BİTKİ
ŞALO,PERU PARASI
ŞALOPA,KÜÇÜK YELKENLİ SAVAŞ GEMİSİ
ŞALUPA,BÜYÜK SANDAL
ŞALVAR,GENİŞ BİR PANTOLON
ŞALİ,TİFTİKTEN YAPILAN BİR CİNS İNCE KUMAŞ
ŞALİ,TİFTİKTEN İNCE KUMAŞ
ŞAM,SURİYE BAŞKENTİ
ŞAM,SURİYENİN BAŞKENTİ
ŞAM,SURİYE’NİN BAŞKENTİ
ŞAMA,BALMUMUNA BATIRILMIŞ FİTİL
ŞAMAMA,BİR TÜR KÜÇÜK KAVUN
ŞAMAMA,GÜZEL KOKULU BİR KAVUN TÜRÜ
ŞAMAMA,KOKULU KÜÇÜK KAVUN
ŞAMAR,AÇIK ELLE YÜZE VURULAN TOKAT.
ŞAMAR,TOKAT
ŞAMATA,GÜRÜLTÜ PATIRTI
ŞAMATA,"GÜRÜLTÜ, PATIRTI"
ŞAMİL,"İÇİNE ALAN, KAPSAYAN"
ŞAN,"AD, UNVAN"
ŞAN,ÜN
ŞAN,"ÜN, ŞÖHRET"
ŞAN,‘CEMAL ...’ (YÖNETMEN)
ŞANKR,FRENGİ
ŞANO,TİYATRO SAHNESİ
ŞANO,TİYATRODA SAHNE
ŞANS,"BAHT, TALİH"
ŞANTUNG,HAM İPEKLE DOKUNMUŞ BİR KUMAŞ
ŞAP,BULAŞICI SIĞIR HASTALIĞI
ŞAP,DÖŞEME SIVASI
ŞAP,DÜZGÜN DÖŞEME SIVASI
ŞAP,İNCE KUM VE ÇİMENTOYLA YAPILAN DÜZGÜN DÖŞEME SIVASI
ŞAPKA,BAŞLIK
ŞAPKA,"KEÇE, HASIR, KUMAŞ, İP VB. İLE YAPILAN BAŞLIK"
ŞARBON,BİR HAYVAN HASTALIĞI
ŞARK,DOĞU
ŞARLATAN,ALDATAN DOLANDIRAN KİMSE
ŞARPİ,ALTI DÜZ YELKENLİ TEKNE
ŞARPİ,"ALTI DÜZ, ÜÇGEN BİÇİMİNDE YELKENLİ İKİ KİŞİLİK TEKNE"
ŞART,KOŞUL
ŞARYO,DAKTİLODA HAREKETLİ PARÇA
ŞASE,KUMAŞTAN ÇEYİZ KORUMALIĞI
ŞASE,"İÇİNE MENDİL, GECELİK VB. ŞEYLERİ KOYMAYA YARAYAN, ÇEŞİTLİ BÜYÜKLÜKTE, KUMAŞTAN KORUNCAK."
ŞASİ,MOTORLU KARA TAŞITLARININ İSKELET BÖLÜMÜ
ŞASİ,OTOMOBİLİN İSKELET BÖLÜMÜ
ŞAT,BÜYÜK IRMAK
ŞAT,SIĞ SU TEKNESİ
ŞATO,"AVRUPA'DA SOYLU KİMSELERİN OTURDUĞU, ÇEVRESİ ÇEVRİLİ KONAK"
ŞAVALAK,"ALIK, SERSEM, BUDALA"
ŞAVALAK,APTAL
ŞAYAK,"KABA DOKUNMUŞ, DAYANIKLI BİR ÇEŞİT YÜN KUMAŞ"
ŞAYAK,KABA YÜN KUMAŞ
ŞAYET,EĞER
ŞAYİA,YAYGIN SÖYLENTİ
ŞAİBE,"KİR, LEKE"
ŞAİR,OZAN
ŞAŞAA,GÖRKEM
ŞAŞAA,"İHTİŞAM, ŞATAFAT"
ŞB,ŞUBE (KISALTMA)
ŞEAFE,DAĞ BAŞI
ŞEAMET,UĞURSUZLUK
ŞEB,ESKİ DİLDE GECE
ŞEBA,BİR ALETİN ANA ÇİZGİLERİNİ GÖSTEREN RESİM
ŞEBEKE,İLETİŞİM AĞI
ŞEBNEM,ÇİY
ŞEBNEM,"ÇİY, KIRAĞI"
ŞECERE,SOY AĞACI
ŞECİ,"YÜREKLİ, YİĞİT"
ŞED,AHİ KURULUŞLARINA GİRENLERİN TÖRENLE BELLERİNE BAĞLANAN KUŞAK
ŞEDİT,"YEĞİN, ŞİDDETLİ"
ŞEF,"LİDER, ÖNDER"
ŞEF,"ÖNDER, LİDER"
ŞEFARET,EÇLİLİK
ŞEFTALİ,BİR MEYVE
ŞEK,ŞÜPHE
ŞEK,"ŞÜPHE, KUŞKU"
ŞELALE,BÜYÜK ÇAĞLAYAN
ŞELALE,"BÜYÜK ÇAĞLAYAN, ÇAVLAN"
ŞEMA,"BİR ALETİN, BİR ARACIN VEYA BİR BİÇİMİN ANA ÇİZGİLERİNİ GÖSTEREN ÇİZİM"
ŞEMA,TASARI PLANI
ŞEMAİL,DIŞ GÖRÜNÜŞ
ŞEMS,ARAPÇA'DA GÜNEŞ
ŞEMS,ESKİ DİLDE GÜNEŞ
ŞEN,'ŞENER....' (USTAOYUNCU)
ŞEN,"SEVİNÇLİ, NEŞELİ"
ŞEN,‘ŞENER ...’ (AKTÖR)
ŞENAYGÜRLER,RESİMDEKİ OYUNCU
ŞENDERE,FIÇI KABURGASI
ŞENER,.....ŞEN' (AKTÖR)
ŞENERŞEN,RESİMDEKİ OYUNCU
ŞENKAYA,ERZURUM İLÇESİ
ŞENİ,"ALÇAKÇA, UTANÇ VERİCİ"
ŞENİ,"KÖTÜ, ÇİRKİN, ALÇAKÇA, UTANÇ VERİCİ"
ŞER,KÖTÜLÜK
ŞER,"KÖTÜLÜK, FENALIK"
ŞERARE,"ARK, KIVILCIM"
ŞERARE,ARK. KIVILCIM
ŞERARE,"KIVILCIM, ÇAKIM"
ŞERAİT,"ŞARTLAR, KOŞULLAR"
ŞEREF,HAYSİYET
ŞEREF,"ONUR, HAYSİYET"
ŞEREFELİ,ŞEREFESİ OLAN (MİNARE)
ŞERH,"AÇIMLAMA, YORUMLAMA"
ŞERİAT,İSLAM HUKUKU
ŞERİF,"KUTSAL, ŞEREFLİ"
ŞERİR,KÖTÜLÜKÇÜ
ŞET,"SIKARAK BAĞLAMA, SIKMA"
ŞET,"SIKMA, SIKARAK BAĞLAMA"
ŞEV,BAYIR
ŞEV,"İNİŞLİ YER, BAYIR"
ŞEVKETÇORUH,RESİMDEKİ OYUNCU
ŞEVVAL,‘... SAM’ (ŞARKICI)
ŞEY,"OBJE, NESNE"
ŞEYTAN,İBLİS
ŞEZLONG,SAHİL KOLTUĞU
ŞEŞ,TAVLADA ‘ALTI'
ŞIK,GÜZEL GİYİNEN
ŞIK,"SEÇENEK, ALTERNATİF"
ŞIKKA,HALATTAN ÖRÜLMÜŞ AĞ
ŞIRA,HENÜZ MAYALANMAMIŞ ÜZÜM SUYU
ŞIRA,ÜZÜM SUYU
ŞNORKEL,SOLUKLUK
ŞNORKEL,SU ALTINDA SOLUK ALMA BORUSU
ŞNİTZEL,BİR TÜR ET YEMEĞİ
ŞOEN,"JAPON TARİHİNDE, ÖZEL MALİKANE VEYA ÇİFTLİKLERE VERİLEN AD"
ŞOKOLA,"ÇİKOLATA, ŞEKER, SU YA DA SÜTLE YAPILAN SICAK İÇECEK."
ŞOKOLA,ÇİKOLATALI SICAK İÇECEK
ŞOM,CLUE
ŞOM,"MASİF, İÇİ DOLU OLAN"
ŞOM,UĞURSUZ
ŞOR,"ACI, EKŞİ"
ŞOSON,BİR TÜR AYAKKABI
ŞOSON,"KUMAŞ VEYA İNCE DERİDEN, ÇOĞUNLUKLA DÜZ TOPUKLU, AYAĞI BÜTÜNÜYLE SARAN AYAKKABI"
ŞOV,GÖSTERİ
ŞU,BİR İŞARET SIFATI
ŞUA,IŞIN
ŞUARA,ŞAİRLER
ŞUBAT,YILIN İKİNCİ AYI
ŞUFA,"BİR MÜLK KAÇA SATIN ALINMIŞSA, O MÜLKE O PARA İLE SAHİP OLMA, ÖNALIM"
ŞUFA,ÖNALIM
ŞULE,"ALEV, YALIM"
ŞURA,DANIŞMA KURULU
ŞUT,FUTBOLDA BİR OYUNCUNUN TOPU KALEYE SOKMAK İÇİN AYAĞIYLA YAPTIĞI SERT VE HIZLI VURUŞ
ŞUT,TOPA SERT VURUŞ
ŞÖMİNE,EV İÇİNDEKİ OCAK
ŞÜKRAN,İYİLİK BİLME VE MİNNETTARLIK ANLAMLARINA GELEN KELİME
ŞÜKRÜ,"ŞÜKRETME, HOŞNUTOLMA"
ŞÜKRÜÖZYILDIZ,RESİMDEKİ OYUNCU
ŞÜREKA,ORTAKLAR
ŞÜYU,MEYDANA ÇIKMA
ŞİA,İSLAMİYETTE HZ. ALİ’YE YANDAŞ OLAN KİMSELER
ŞİAR,BELGİ
ŞİAR,ESKİ DİLDE AYIRICI ÖZELLİK
ŞİAR,"ÜLKÜ, DÜSTUR"
ŞİF,PAMUK KOZASI
ŞİFA,"BEDENÎ VEYA RUHÎ BİR HASTALIĞIN SON BULMASI, ONMA"
ŞİFA,HASTALIKTAN KURTULMA
ŞİFA,"HASTALIKTAN KURTULMA, ONMA"
ŞİFAHİ,"AĞIZDAN, SÖZLÜ"
ŞİFANURGÜL,RESİMDEKİ OYUNCU
ŞİFON,"İNCE, ŞEFFAF KUMAŞ"
ŞİFON,"İPEK İPLİKLE DOKUNMUŞ İNCE, ŞEFFAF KUMAŞ"
ŞİKAR,AV
ŞİKAR,AVLANAN HAYVAN
ŞİKE,"BİR ÇIKAR KARŞILIĞI, UZLAŞARAK BİR İŞ YAPMA; ALDATMA"
ŞİKE,DANIŞIKLI DÖVÜŞ
ŞİKE,UZLAŞARAK İŞ YAPMA
ŞİLE,İSTANBUL İLÇESİ
ŞİLTE,KÜÇÜK DÖŞEK
ŞİMAL,KUZEY
ŞİMŞEK,"ÇAKIN, YILDIRAK"
ŞİMŞİR,"ODUNUNDAN TARAK, KAŞIK YAPILAN ÇOK SERT KERESTE VEREN BİR AĞAÇ"
ŞİMŞİR,SERT KERESTELİ AĞAÇ
ŞİNANAY,CİCİLİ BİCİLİ
ŞİNANAY,İDARE LAMBASI
ŞİP,BİR TÜR MERSİN BALIĞI TÜRÜ
ŞİP,BİR TÜR MERSİNBALIĞI
ŞİRAN,GÜMÜŞHANE İLÇESİ
ŞİRAZ,İRAN'DA BİR KENT
ŞİRAZE,"DÜZEN, NİZAM"
ŞİRAZE,PEHLİVAN KİSPETİNİN PAÇASI
ŞİRİNCE,İZMİR İLÇESİ
ŞİTA,KIŞ
ŞİTA,KIŞ (ESKİ DİL)
ŞİVE,SÖYLEYİŞ ÖZELLİĞİ
ŞİİR,BİR EDEBİYAT SANATI
ŞİİR,MANZUME
ŞİŞ,ÖRGÜ ÇUBUĞU
ŞİŞ,"ŞİŞMİŞ OLAN YER, ŞİŞLİK"
